# Blender 3.6.5
# www.blender.org
mtllib FlourPileWithBoard.mtl
o Cube
v 1.000000 1.000000 -1.000000
v 1.000000 -1.000000 -1.000000
v 1.000000 1.000000 1.000000
v 1.000000 -1.000000 1.000000
v -1.000000 1.000000 -1.000000
v -1.000000 -1.000000 -1.000000
v -1.000000 1.000000 1.000000
v -1.000000 -1.000000 1.000000
vn -0.0000 1.0000 -0.0000
vn -0.0000 -0.0000 1.0000
vn -1.0000 -0.0000 -0.0000
vn -0.0000 -1.0000 -0.0000
vn 1.0000 -0.0000 -0.0000
vn -0.0000 -0.0000 -1.0000
vt 0.625000 0.500000
vt 0.875000 0.500000
vt 0.875000 0.750000
vt 0.625000 0.750000
vt 0.375000 0.750000
vt 0.625000 1.000000
vt 0.375000 1.000000
vt 0.375000 0.000000
vt 0.625000 0.000000
vt 0.625000 0.250000
vt 0.375000 0.250000
vt 0.125000 0.500000
vt 0.375000 0.500000
vt 0.125000 0.750000
s 0
usemtl Material
f 1/1/1 5/2/1 7/3/1 3/4/1
f 4/5/2 3/4/2 7/6/2 8/7/2
f 8/8/3 7/9/3 5/10/3 6/11/3
f 6/12/4 2/13/4 4/5/4 8/14/4
f 2/13/5 1/1/5 3/4/5 4/5/5
f 6/11/6 5/10/6 1/1/6 2/13/6
o FlourPileWithBoard_LOD0
v 2.811648 2.108140 -2.812233
v -2.182782 3.688330 -0.600908
v -0.337398 1.821286 -2.649644
v 2.962918 1.935992 4.600247
v 0.528033 2.298285 5.589741
v 1.695464 2.521951 -1.995631
v 4.984140 1.601698 1.057931
v -5.419866 1.178880 2.100433
v -4.924612 1.480143 -0.671064
v -0.385478 4.272451 -0.626877
v 0.709027 4.357400 1.369158
v -1.516155 3.326977 -1.354170
v -4.777403 2.211035 2.476801
v 3.594569 2.033450 -2.709868
v -1.684326 2.504072 4.195925
v -1.666270 1.678496 -3.868044
v 3.531715 2.614998 2.751492
v -3.907621 2.450485 0.737174
v -4.791759 1.967883 -0.280781
v 2.233314 3.051096 3.698389
v 0.200205 2.111277 -3.099935
v 3.076981 2.437446 3.639152
v 1.187591 1.711008 -3.843251
v 1.603000 3.514783 2.175538
v -2.241649 3.684057 2.342767
v -0.968781 4.612826 -0.394294
v -2.274701 2.126917 4.745569
v 0.670596 4.138844 -0.817467
v -4.478938 1.430560 3.584484
v -1.896887 4.250429 1.145548
v -4.243135 1.101019 -3.385622
v 4.053005 2.126123 -1.581941
v -3.412109 1.641561 -2.599521
v 4.068964 2.061316 2.983690
v -3.955235 2.636224 1.877061
v 0.119445 3.431564 -1.505991
v 4.678998 1.770342 0.341049
v -0.988821 1.314425 -3.360000
v 3.286292 3.330902 0.257944
v -0.902563 1.661971 5.269738
v -3.417621 2.562198 -2.048836
v -2.999335 3.040922 2.257720
v 2.635981 3.180675 -0.886026
v 4.274516 1.083315 3.535338
v -1.246162 1.979991 -4.508669
v -3.785334 2.383360 -1.678873
v -1.980010 3.740523 2.052168
v -5.115471 1.637534 0.656670
v 3.775811 1.705726 -2.752888
v -3.227393 1.758235 -3.292824
v -1.913507 4.418591 -0.051452
v -0.801330 2.791053 -2.175383
v 2.349844 3.612588 -0.143589
v -2.630360 3.860600 1.444103
v 2.622525 3.959118 1.060837
v -2.507020 3.535300 1.852700
v -3.486341 1.048328 4.635756
v 0.343661 3.130363 -2.138323
v 0.545859 4.607503 0.677692
v -3.437478 3.192536 -0.019427
v 4.670692 1.213711 -1.868544
v -2.910583 3.021328 -1.540658
v -1.373870 1.212966 -3.974338
v 1.847501 2.523269 4.350842
v 4.180512 1.875863 -0.742500
v -4.126003 2.280384 -0.206359
v 0.237489 1.646436 -3.502840
v 5.014559 1.332423 -0.310440
v 2.010767 3.609745 1.741355
v -2.919733 3.388519 -0.267849
v 1.594978 1.097799 5.592678
v 1.445648 4.548265 1.210894
v -3.325864 3.231582 1.631411
v 3.187836 2.836607 -0.087869
v -1.579807 2.135002 -2.706727
v 3.386311 2.533248 -1.055415
v -1.503388 3.931574 2.675872
v 3.242601 1.975075 -2.086444
v 2.887443 2.000612 5.016939
v -0.649371 3.736398 2.787857
v 2.049883 1.917594 -3.195722
v 1.808563 3.495053 -0.673364
v -0.535683 1.247653 5.687013
v -3.311184 1.779744 -4.152238
v -4.890480 1.846893 2.098638
v 0.626117 3.533110 2.905221
v 2.271741 3.141258 -1.639445
v -0.930265 1.083156 5.629676
v 3.705719 2.474223 2.884887
v 3.609261 2.915128 2.390337
v -4.098716 1.609447 3.824846
v -2.908788 3.169196 1.972075
v -0.408138 4.502732 1.501563
v 0.832885 2.760468 -2.786009
v 3.240775 3.155668 1.691332
v -1.752180 3.008727 3.537252
v -4.746818 0.996412 -2.870250
v -4.716846 1.562274 3.475495
v 1.949284 4.169611 0.649045
v -2.559668 1.515999 -4.504623
v 0.880863 2.613209 5.267540
v -4.712836 2.615310 1.620461
v 2.087213 3.856894 0.710102
v -4.692357 1.880877 1.172330
v -1.028598 4.291162 1.018744
v -0.046011 2.481910 5.378753
v -4.509164 2.427453 -0.078832
v 0.166345 4.746982 1.346886
v -5.342677 1.324140 2.637513
v -1.549876 1.540922 -3.120334
v -3.463866 3.243101 0.996943
v 0.458974 2.743026 4.357260
v -5.323433 1.251177 3.240406
v 2.784044 2.414792 4.382472
v 1.209021 4.112849 -0.140059
v -1.996320 1.580281 -3.947029
v -3.186455 2.119172 3.902542
v -0.260810 2.286961 -4.663132
v 4.388088 1.527348 -1.214285
v 1.340054 3.662190 -1.002026
v 0.400101 2.586754 -2.530614
v -3.963822 2.317590 -0.974051
v -4.648951 1.617933 1.468664
v 2.179994 2.927832 3.930987
v 1.355396 2.612677 -2.066791
v -0.153431 4.675351 0.933342
v -5.249343 1.734999 3.157804
v -2.264787 2.076139 -2.698442
v -3.080245 3.473408 0.615071
v -0.116761 4.775918 -0.144215
v 4.325396 0.895454 3.944983
v 3.403949 2.558523 -1.341026
v 0.963999 4.311418 -0.222779
v 4.315840 1.345514 3.401565
v 1.170098 3.409438 2.621422
v -0.901475 1.730108 -4.021774
v -1.324159 4.057710 -0.623092
v 2.423254 2.578804 -2.194582
v -0.420380 2.955770 4.091157
v -4.410560 1.864366 -2.032830
v 1.163335 2.594462 -3.113259
v 0.628122 2.259126 -3.531596
v -0.560504 3.477989 -1.386712
v 3.082621 1.654470 4.550006
v -4.648733 2.268788 -0.624059
v -0.219291 3.296213 3.721997
v 2.933643 3.205512 0.794518
v 4.370919 1.938793 3.079627
v 1.759152 2.450676 5.007594
v -0.796837 4.261875 0.859850
v 2.660661 3.030369 -1.754319
v 3.625473 2.802673 1.133358
v -3.245528 2.905864 -0.866881
v 4.054529 2.378139 1.819395
v -0.158635 1.602591 -4.117564
v 4.078112 1.942874 -1.323998
v 3.392376 2.536547 3.195815
v -5.384226 1.538966 0.947073
v -0.747818 2.627851 -2.215246
v 0.107000 4.962648 0.219059
v 4.820489 1.229174 -1.508520
v 0.008122 4.768309 1.258053
v -5.641285 1.445671 0.770230
v 2.748093 1.085422 -3.470011
v -1.843779 1.102615 5.381882
v 3.067667 3.179951 1.374823
v -3.422408 1.465208 -2.831918
v 0.309245 3.859023 2.380046
v -2.126375 1.227248 4.946883
v 0.493531 2.047982 -4.356337
v 1.531782 2.731432 4.389115
v 0.772622 3.552016 -1.235015
v -4.496162 1.793577 0.833700
v -5.441603 1.193779 2.746739
v -0.751658 2.701350 4.932017
v 0.914496 4.173646 -0.807717
v -4.726892 2.245250 2.983763
v 0.439621 2.639246 5.270197
v 3.851892 2.538879 -0.335222
v 2.862704 3.096628 2.642452
v 1.399602 3.891906 -0.559504
v 0.153784 2.120802 -4.359115
v -5.521255 1.090158 3.703572
v -4.086318 2.945098 -0.136343
v -4.702588 1.170589 -1.316749
v -0.517918 4.470264 0.608249
v -3.282740 3.252882 1.746456
v 0.518840 4.650174 1.100815
v 1.354296 3.950541 -0.686014
v -2.333496 2.811433 -2.041354
v 0.735989 3.195412 3.672848
v -1.699235 4.483352 0.149129
v -3.435275 2.530617 3.307496
v -3.429158 2.545915 -1.796659
v 3.625410 3.004117 1.525310
v -3.828624 2.570758 2.521235
v -2.326716 4.029474 0.690203
v -0.280422 3.533525 -1.389455
v 5.192206 1.180401 2.002333
v -1.720911 3.899897 1.715977
v -5.470233 1.102464 -0.365841
v -3.941812 2.298331 3.163555
v -2.972783 3.753611 0.461916
v -4.370781 1.094810 -2.874812
v 1.664941 3.020384 -1.835589
v -3.241753 2.712457 3.003756
v -4.202132 2.647610 0.583937
v 5.187588 1.017122 1.427802
v 2.267267 2.700118 -2.082264
v -5.007732 1.553596 2.266386
v 3.986558 2.260172 -0.144449
v -4.216089 2.342395 0.384615
v -4.715026 1.121147 -1.635997
v 4.242146 2.273757 1.307745
v 0.794314 4.665309 0.187148
v -5.048544 1.853341 2.526252
v 1.082361 4.307245 -0.011074
v -4.016343 2.652464 1.405107
v 2.632331 2.335749 -2.255417
v 4.396515 1.625957 -1.856433
v -1.866915 3.751699 2.679485
v -5.239721 1.049782 -0.762330
v 3.912446 2.515435 0.107430
v -4.735268 1.128654 3.771838
v -0.597693 3.225698 -1.859199
v -3.493832 1.241026 4.241185
v -0.946446 4.314281 1.216815
v 4.707422 1.552927 -1.651838
v -4.745467 2.142867 1.557411
v -2.095942 2.337818 -2.542746
v 0.626362 1.728185 -4.342363
v -5.628448 1.130306 3.082620
v -3.915022 2.314657 2.377774
v -0.122739 2.354311 -4.449718
v -3.127240 3.348058 1.110420
v 4.469564 1.833585 1.520627
v -1.137849 2.087454 -3.996107
v -1.712764 3.562051 -0.957152
v 4.282681 2.082408 0.524695
v 0.528225 2.577909 -2.833544
v 4.209506 2.105645 1.251022
v -3.724315 3.003057 0.803483
v -2.036678 3.950073 -0.542646
v 2.715406 2.075877 -2.943940
v -2.702887 1.548826 -3.404692
v 4.433073 1.655951 -0.540893
v 3.610452 1.168220 -3.010837
v -3.457663 3.262799 0.371450
v -2.562034 1.762003 -4.421230
v 4.598691 1.655999 1.291493
v 4.624068 1.226944 -2.281043
v -3.476310 3.102753 0.132039
v -3.426929 1.613738 -4.368732
v 4.667341 1.928305 2.172791
v -1.151005 3.242166 3.425183
v -2.468902 4.142481 1.442626
v -3.225480 1.818892 -4.192348
v 3.563538 1.642233 4.047150
v -0.636446 4.207480 1.321337
v -3.536864 1.433770 -3.931771
v -2.393595 3.287051 3.286865
v 1.269418 3.829740 -1.160581
v 3.071881 2.833664 -1.140882
v 3.696015 2.829089 1.688754
v -2.905413 3.311283 -1.009461
v -2.384852 3.349116 2.881946
v 0.740100 4.759794 0.206350
v 2.250774 3.394814 2.073921
v 1.202040 1.196653 -4.098116
v 1.447512 4.532565 0.980814
v -3.620656 1.910972 -2.347559
v 1.670634 2.528009 5.305970
v 3.948040 2.120809 2.664747
v -3.892370 1.677758 -2.790263
v 4.154003 2.279834 -0.739367
v 1.459625 2.485643 4.768085
v -4.499511 2.285392 2.096276
v -4.449826 2.366952 2.462587
v 4.241240 1.886154 -0.331433
v 4.405704 2.053477 2.672293
v -5.486028 1.453072 0.434407
v 2.206849 2.350869 5.131123
v -4.426771 2.493318 2.178971
v 2.207729 3.116649 -1.897739
v 2.308371 2.141506 4.835794
v 3.828966 1.894304 3.705054
v 1.330949 3.051130 -2.011708
v -4.023683 2.142119 -2.093530
v 3.494770 1.461568 4.296221
v 1.715019 2.907163 -1.936548
v 2.349547 3.195942 3.552336
v 3.124652 1.199100 4.987410
v 0.342063 3.527684 3.108524
v -4.554616 1.955144 0.706588
v 3.260433 2.511083 -1.163236
v 3.468648 1.423258 4.572609
v -4.039428 1.462748 -3.696399
v 2.627677 3.188089 3.048065
v -4.902210 1.724883 0.102687
v -3.342426 1.445212 -3.192231
v 2.224065 3.246032 3.616958
v 4.445138 1.854773 1.889350
v 2.497579 3.294061 -0.496414
v 3.585074 1.336430 4.267498
v 0.644994 3.686966 -1.142848
v 3.019666 2.777055 -0.731922
v 1.035027 1.475280 -4.096945
v 2.658377 3.287716 -0.645197
v 0.704223 1.939699 -3.848327
v 3.205374 3.151160 1.083620
v -5.202558 1.814945 2.778237
v 0.206680 1.923614 -4.167213
v 2.863647 3.084912 -0.255629
v -0.981210 4.420243 0.256096
v -3.996976 1.942169 -2.221561
v 4.403100 1.847754 0.682202
v 1.801621 2.638058 -2.799081
v -0.382479 4.544073 0.571336
v 1.568104 3.741600 1.908972
v -0.588941 4.349237 0.968220
v 2.999129 3.306241 0.427640
v -4.065846 2.726721 1.275854
v -1.080860 4.574090 -0.098940
v -4.462485 2.311859 -0.444885
v 2.219378 4.278660 1.400274
v 3.463502 2.911424 -0.120740
v -1.511554 4.285361 -0.478526
v -3.955171 2.646517 -0.827192
v 2.450183 2.529133 3.940825
v -3.025495 3.281602 -0.418973
v 5.119654 1.492848 1.679343
v 1.882370 1.090788 -3.780720
v 1.452484 4.123064 0.387811
v -4.174643 2.611253 1.361898
v -4.578588 1.922455 -1.536102
v 0.087859 1.610708 -3.112535
v 0.947260 4.031950 -0.480250
v -3.211296 2.733577 -1.862371
v -2.166773 2.822778 3.718666
v 3.613885 2.524323 -0.517118
v -3.398783 2.754070 -1.616680
v -1.643896 2.423954 4.628898
v -0.858297 2.256094 -4.385186
v -2.783370 3.784297 1.008657
v -1.344493 2.097547 5.036400
v -0.269777 3.701326 -1.256538
v -2.725629 3.860312 0.213008
v 2.404720 3.548433 -0.310747
v -3.143249 2.294358 3.493915
v -0.689481 1.245813 -3.571908
v -2.669695 3.596449 -0.387123
v -2.582576 2.495395 3.947077
v 4.092731 2.119745 2.507282
v -5.231770 1.232625 1.578527
v -2.318356 1.574340 -3.695618
v 3.699044 2.242546 -1.201550
v 0.095328 2.462293 -2.232294
v -3.715902 2.342465 2.909916
v -5.545135 1.200247 0.113886
v 3.705508 2.208271 -1.488415
v -3.937754 2.263975 2.583985
v -5.556939 1.162530 -0.283084
v 2.794570 2.092524 4.625684
v 2.491000 4.240272 1.274764
v 0.325989 1.953137 -4.569270
v 3.448526 2.943629 0.786137
v 2.585144 1.691425 -3.156287
v -1.018699 4.174068 1.633707
v -0.614616 1.714831 5.651661
v 2.660006 2.517577 3.732835
v -4.335589 2.079570 1.133096
v -0.405557 3.911193 2.525508
v -4.499793 1.896430 0.987817
v 1.350320 2.597610 5.183874
v -0.392978 4.698604 0.273567
v 3.986329 2.290351 -0.649876
v 0.798528 2.707926 4.542705
v -1.199323 2.304950 -4.373882
v -1.168604 2.527339 4.332647
v 3.077720 1.700591 -3.139364
v 3.482579 0.885248 5.371751
v 3.495074 2.411371 -1.165192
v 0.044746 1.348015 -3.973467
v -5.382710 1.281034 1.445256
v 4.613771 0.939077 3.272095
v -2.503228 1.642343 4.663703
v 4.210823 1.922289 -1.505455
v -0.412746 1.225469 -3.960207
v -0.188398 2.156435 5.653368
v -3.596604 3.038366 -0.093018
v 3.764858 2.039429 3.695370
v 0.464837 4.579125 0.914311
v -3.826138 2.860157 0.497008
v 3.322257 2.020917 4.253982
v 0.322906 4.298034 1.741627
v 0.726513 4.053501 -0.446847
v -1.418049 4.604213 0.136512
v 4.349631 0.904953 4.123025
v -5.259597 1.295994 2.716035
v -4.494379 2.384066 1.812617
v -0.053510 4.321018 -0.520045
v 1.660204 4.450078 1.376454
v 1.772499 2.683540 -2.572057
v -3.552163 2.712038 -1.118812
v -1.546061 2.845559 3.946172
v -3.179623 2.962925 2.267932
v 2.318965 1.142750 5.437217
v -3.153409 2.914076 -0.896234
v -2.314034 3.540164 2.833061
v -4.357905 2.149662 2.644969
v -1.974501 1.555411 -3.625049
v 1.151845 4.395061 1.023635
v -4.068765 2.117184 -1.609557
v 2.620017 2.198121 -2.678156
v 1.991236 4.052434 1.370558
v -3.752019 2.916807 1.132235
v 3.118600 2.693720 -0.996593
v 0.615054 4.321162 1.289504
v -3.039242 1.583443 -3.956472
v 5.022593 1.182374 -0.212353
v -0.739933 4.509973 -0.130808
v 2.874258 2.825654 -1.785016
v -4.220295 2.137931 -1.428928
v 4.222131 1.645042 -2.191211
v -1.412894 2.465656 4.435940
v -0.404649 4.589582 -0.048357
v -3.467437 2.714196 -0.695890
v -2.559680 2.908956 3.430822
v -0.816716 3.666065 -1.063799
v -3.971651 2.153742 -0.350883
v -4.246044 1.452190 -2.432059
v 2.696050 3.408231 -0.377743
v -2.430474 2.237409 4.290532
v 1.628351 3.441376 -0.930185
v 3.869213 2.482774 2.472283
v -4.323846 1.442853 -2.422370
v 3.702712 1.328186 4.131540
v -3.083003 2.325701 3.634072
v -0.390106 2.079077 5.371610
v 2.183305 3.696432 0.159248
v -2.171367 1.850724 -4.040307
v -4.869049 1.319110 -0.688629
v -2.887975 1.615177 4.491853
v 1.430770 4.113878 -0.090212
v -2.415748 1.815368 -4.205506
v -5.009546 1.616921 1.113988
v -2.968377 3.518105 0.127825
v -0.388906 1.972104 -4.142174
v 2.908382 2.462735 3.997090
v 1.327541 4.225934 1.506240
v -4.624494 1.952474 3.343429
v 0.548889 2.458808 -2.110513
v 2.447674 4.007034 0.929616
v 0.307358 4.818994 0.820491
v 3.139156 2.767020 -0.627707
v 2.728375 3.507444 1.168061
v -1.603659 2.323053 -2.438628
v 3.234290 3.206285 2.170858
v -4.093996 1.749363 -2.731050
v 2.577946 3.861908 1.544932
v -3.801975 1.312252 -3.360091
v 1.593024 4.353251 0.728819
v -1.558077 3.029044 -1.742238
v 1.953021 4.186194 1.022986
v 4.390069 1.979031 1.155005
v -2.891362 1.867407 -2.641472
v -3.774793 1.505365 -3.828190
v 1.795975 4.312177 0.851439
v -4.679952 2.136188 2.609935
v -3.741677 1.576065 -3.553022
v -0.180059 4.549400 1.203110
v 0.981609 4.518742 0.629462
v -3.640621 3.072785 0.501743
v -5.165270 1.568638 2.602247
v 4.641784 1.787525 -0.207494
v 0.564171 2.365404 -3.027548
v -3.921424 2.900295 0.268622
v 3.825666 1.105224 4.354590
v 4.626779 1.559629 -1.292446
v 0.250057 1.896406 -3.229426
v 0.703942 2.829191 4.382490
v 4.812981 1.144726 2.275245
v -4.351428 2.411836 0.249532
v -4.161294 1.208740 -3.439689
v 0.443031 2.352269 -2.970918
v 3.821858 2.421989 0.837457
v -0.637560 3.300897 3.309057
v 4.827794 1.020898 2.371416
v -0.087058 1.812221 -2.864310
v -4.248369 2.536477 0.015506
v -5.310471 1.514099 3.636420
v 2.936473 3.244305 1.183169
v -0.076747 4.231364 1.838832
v -5.117640 1.519079 3.623321
v 2.392670 3.766064 0.556107
v 3.638997 2.842455 0.566467
v 1.363130 3.314928 3.433726
v -1.211839 4.024385 2.157205
v -2.026249 4.353233 0.123353
v 1.311084 3.245856 3.626318
v 0.226525 2.974286 -2.050159
v 1.563781 2.640054 -2.686818
v 1.563924 3.271450 3.016013
v 3.419744 2.633164 -0.353639
v 3.594818 2.028980 -2.557213
v 3.638963 2.654028 0.033906
v -2.756665 1.765106 -4.230698
v -2.614318 4.050230 0.108059
v -2.532684 3.116875 3.385788
v 1.306174 2.672515 -2.355158
v 1.989900 3.725988 0.038576
v 2.731445 3.131416 -1.032820
v -5.112396 1.815023 2.661221
v 0.981178 4.269582 -0.683584
v 2.445067 3.181445 -1.902733
v 1.304606 3.841928 -0.757798
v -1.163280 3.265681 -1.589309
v -0.036254 3.469070 3.082039
v 1.338838 3.483396 -1.347934
v 2.211277 1.958225 5.290240
v -4.852022 2.271363 2.196606
v 1.360400 3.291711 -1.354684
v -4.281532 2.419205 1.899696
v -2.812279 3.725243 0.805420
v -2.782188 1.718511 -4.109151
v 2.038658 3.215621 2.430789
v -2.757381 3.903847 0.410410
v -0.288804 1.469757 -3.226805
v 0.843119 3.184331 -1.913633
v 5.094911 1.333070 0.554404
v -3.250061 2.785585 3.113070
v 1.896234 3.916761 1.463866
v 0.534006 2.817150 -2.102582
v 4.434771 1.750255 0.358473
v 1.927288 3.354856 -0.989873
v 0.308499 4.680751 -0.082857
v 1.800744 4.270351 1.346120
v -1.057163 1.302601 5.550321
v 4.893552 1.622017 1.177188
v 3.790018 1.871080 -1.903963
v 4.170752 2.185948 0.030722
v 4.827744 1.194820 -1.926437
v -1.588816 2.007551 -4.147523
v 3.978513 2.209745 0.252387
v -2.354591 3.297455 -1.029777
v -1.687166 2.029994 -3.956203
v -5.068897 1.573564 3.268427
v 5.177729 0.916763 -2.004426
v -5.161166 1.410172 0.043601
v -1.376963 2.040812 -4.180167
v -2.477974 1.315105 4.755428
v 2.938871 2.333326 -1.976827
v -3.926938 2.857195 0.611096
v 3.145950 2.487636 -1.671199
v -1.004174 1.512882 -3.969546
v 3.305783 2.336320 -1.781591
v 4.651954 1.725396 1.766674
v -4.245504 2.268227 1.160480
v 4.850721 1.468786 1.998654
v 2.671552 2.489189 -2.183974
v -2.768456 3.244320 2.113814
v 5.115762 1.035998 2.159366
v -2.787440 2.391187 3.599342
v -3.556591 2.591301 2.733220
v 1.101171 3.529871 2.437517
v 1.751817 3.983720 0.567934
v -4.037995 2.392406 2.280635
v 4.144168 1.175415 3.918349
v -4.069715 1.297948 -3.268220
v -3.882272 2.633319 2.124310
v -4.142902 1.818242 -2.319026
v -4.208664 1.801559 -2.428546
v 4.190014 2.039793 2.590514
v -4.267822 2.252098 -0.704391
v -0.877284 4.652428 -0.327604
v 4.651396 0.895259 2.862400
v 1.869387 2.202011 -3.100120
v 1.032556 2.615995 -3.047077
v 2.802440 3.119381 -0.732894
v -2.943567 3.535917 0.964058
v -0.201794 2.703887 4.705495
v -5.396831 1.207280 3.310144
v 3.726651 2.803935 2.252493
v 2.486469 2.882498 3.845756
v 5.161317 1.159568 1.720881
v -0.176702 3.408162 3.348278
v 0.042043 3.306922 -1.692773
v 1.026370 4.621978 0.299010
v 2.635929 2.720693 -1.882853
v -0.614000 3.106087 3.629875
v 2.854575 3.558076 1.718972
v 0.219854 3.595110 -1.366129
v 1.295343 4.491642 0.629660
v 0.200997 2.330042 -2.529834
v -0.943530 2.918995 3.927742
v 2.586852 3.490227 0.755664
v 4.580466 1.353527 -1.924007
v -2.817358 3.368707 -0.564823
v -1.127601 2.602416 4.657588
v 2.322007 3.929860 0.644156
v 1.115189 2.588499 4.841036
v -2.725729 3.002960 -1.578892
v 3.890865 2.253722 -1.048658
v 0.234481 1.208915 5.717992
v 3.477374 2.984056 0.474090
v -4.805276 2.101860 0.007797
v -2.537778 2.272880 4.251884
v -4.925248 1.493633 -0.466802
v 1.033901 3.827120 -1.124603
v 3.483701 2.979461 2.123673
v 1.075481 1.927509 -3.771345
v 2.993972 2.884480 3.149044
v 4.310825 1.860172 0.040149
v 0.780716 3.850542 -0.927875
v -5.022679 1.441537 4.022521
v -1.818658 1.513829 -3.828043
v 2.829734 3.168907 2.869884
v 0.084073 2.057905 -4.663383
v 1.731522 3.140080 -1.538256
v -5.483076 1.244857 1.039228
v -3.511495 2.804363 -1.190696
v -1.831160 1.693254 4.975278
v -3.939420 1.322491 -3.565913
v -4.650225 1.949538 0.441626
v -2.149636 3.049186 -1.644250
v -1.889720 2.375399 4.357250
v 1.425156 2.500236 5.071932
v -2.975336 2.703332 3.390002
v -1.488997 2.968781 -2.028101
v -2.105058 2.344234 4.312119
v -3.129024 1.299200 -4.522141
v 0.059547 1.899011 -2.758361
v -1.880996 2.544996 -2.481513
v 0.640546 2.735055 4.789657
v -4.532430 2.111773 1.360632
v 4.483514 1.425160 3.034512
v -4.716140 1.735194 1.566997
v 4.264740 1.883244 3.292630
v -1.792438 1.777390 -3.998856
v -2.638746 1.812117 -3.129701
v -2.348451 1.555181 -3.289769
v -2.469918 3.880556 -0.284112
v -5.232162 1.326134 1.881706
v 3.937129 2.065526 3.357163
v -4.951174 1.492298 1.959808
v -1.950905 3.072894 3.512219
v -0.585577 2.330247 -2.360562
v -3.368219 2.666624 -0.987695
v -4.637286 1.949865 1.052472
v 2.302125 1.575105 -3.352419
v -0.168893 2.671142 -2.082217
v -3.709530 2.527345 -0.808627
v -4.790404 1.851493 2.221398
v 1.318737 1.107197 -4.116322
v -4.952430 1.820434 1.250614
v -4.810081 1.985646 2.364192
v -3.669522 2.512784 -1.818738
v -0.644902 4.258867 1.233279
v -5.231275 1.469567 2.268090
v 3.605991 1.397564 4.459364
v -4.983447 1.218245 4.242758
v 2.630536 1.292364 -3.341635
v -5.035664 1.955313 3.090602
v 0.828235 2.684964 -3.065540
v -3.932596 2.939599 0.840835
v 5.028839 0.920222 -1.668014
v 2.271081 2.471960 -2.642602
v -1.139735 4.125764 1.584969
v 5.140713 0.965145 0.246189
v -1.025283 3.840297 -0.886178
v 2.309364 2.262802 -2.808328
v -2.093992 4.007175 1.486331
v -0.904485 2.570004 5.022953
v 0.332254 4.881633 1.135172
v -2.498227 3.878367 1.619255
v 1.442899 3.632664 -0.887798
v -0.435028 3.142118 3.754524
v -0.502549 2.648535 4.581762
v 2.642865 3.214901 -1.351612
v -4.706110 0.897667 4.522238
v -0.266189 2.681822 5.029413
v 3.515683 2.286777 3.151751
v -3.273151 1.590944 -2.971440
v -5.278098 1.670718 0.403591
v -2.911837 2.843483 3.469024
v -5.195171 1.539690 0.317303
v -2.999792 2.387778 -2.374427
v -2.897709 2.602931 3.480156
v 0.575854 1.784951 -4.121853
v 3.604513 2.508417 -0.678031
v -2.052016 2.491382 4.087698
v -1.205265 2.157069 -4.087881
v -4.925259 2.328569 1.716254
v -4.901933 1.700451 3.602340
v -4.104113 1.938096 -1.945303
v 4.007408 2.255507 0.986730
v -0.437729 4.756039 -0.324586
v 3.219949 0.970318 5.030794
v 1.179856 2.883733 4.403201
v -4.203314 2.269089 2.719887
v 4.877014 1.575740 1.598611
v 0.697285 1.672713 -3.976042
v -3.957826 2.213904 -1.918479
v 4.929703 1.673674 1.713676
v 4.451716 1.490025 -2.265885
v -4.048985 2.264820 -1.598702
v -0.719701 4.409233 0.343707
v -0.100620 1.597249 -3.159566
v -1.885137 2.735344 -2.336396
v 3.275601 2.669671 3.339075
v 3.093987 3.378103 0.205797
v -3.843220 2.463035 -0.374358
v 3.288498 3.178064 0.201545
v -2.425269 3.473678 2.393945
v 4.179734 2.103847 -0.426669
v 3.510050 1.959499 -2.446261
v -2.234755 3.466773 2.907916
v -3.487656 1.528809 -3.589230
v -4.280593 2.576396 0.322343
v 0.486682 4.281530 -0.489028
v 0.086197 4.884715 0.421975
v -3.661401 1.403803 -3.399036
v -1.603415 3.888333 -0.685547
v -3.709450 2.896844 -0.457161
v 0.242930 4.944562 0.441681
v 0.374751 2.533921 5.562678
v -0.984939 4.306946 0.640327
v -3.653755 3.114063 -0.333423
v 2.409707 1.984112 -2.925135
v -1.831914 1.518883 -3.673466
v -2.388878 4.022457 0.858306
v 1.520966 1.634639 -3.693885
v -3.588717 3.001370 -0.533999
v -1.861032 4.499794 0.895967
v -4.180124 2.393181 1.678773
v 3.948020 2.300798 0.676783
v 1.497565 3.266499 2.803838
v -1.385691 4.514833 0.798099
v -1.418304 4.509138 0.281054
v 3.029290 2.782644 3.386100
v 0.880712 2.298338 -3.493382
v 2.750849 2.895771 3.424574
v 1.275535 2.741731 -2.487856
v -1.247872 4.531123 0.471900
v -0.219476 3.696681 -1.044704
v -3.322757 2.819561 2.270483
v 0.189911 3.720097 -0.903535
v 4.914557 0.966833 -2.067911
v 2.649035 2.050297 5.071253
v -4.702436 1.925546 0.643829
v -4.510036 1.676297 3.502883
v 2.915968 1.898154 4.717302
v 3.106965 2.590711 -1.099874
v 1.239878 2.819563 -2.662617
v 4.221107 1.699726 -2.345935
v 1.347270 2.766667 4.516434
v 2.698293 1.641367 -3.331958
v 4.842320 1.563442 -0.893461
v -0.449156 4.405400 1.644454
v 3.095793 1.539714 4.773970
v 3.747135 2.715940 2.632734
v 1.249240 2.596884 4.594809
v 3.764019 2.712191 0.948000
v 3.401636 2.869123 2.584643
v -1.055192 3.781410 2.832729
v 4.000149 2.417665 1.177687
v -5.109290 1.620403 1.408515
v -2.608702 1.954577 4.667291
v -3.597343 3.093333 0.233053
v 4.549292 1.792007 1.531210
v -3.410963 1.127564 4.403226
v 1.174539 3.928693 -0.616811
v 1.997623 2.518737 -2.178166
v 2.254669 0.951454 5.541727
v 1.991158 2.462004 -2.052868
v -3.022594 1.520761 -3.922337
v -1.353212 3.921542 2.094650
v -0.379059 3.592830 2.987371
v -2.099948 3.312277 -1.164594
v -2.086716 4.291279 0.503769
v 4.299207 1.843891 -1.310918
v 0.011043 3.097179 4.004040
v 3.584345 1.855212 -2.057599
v -1.828608 3.252679 -1.281320
v -1.969634 4.447056 0.390556
v -5.112978 1.291004 -0.402591
v -4.584343 2.260835 2.421804
v 3.096891 3.321502 1.884020
v -1.436523 3.598336 -0.980281
v -5.050329 1.584433 0.273549
v -4.469230 2.186608 2.458123
v -1.741464 1.479909 -3.791341
v 3.226766 3.139523 1.757843
v -2.920153 0.968927 5.165340
v 3.389460 0.904068 5.177691
v 3.430844 3.015254 1.753080
v -0.085899 4.840471 0.218575
v 3.418206 1.146647 4.828074
v -0.618848 4.474919 0.843562
v 3.307277 3.116004 0.800891
v -0.215687 4.715270 -0.278183
v 3.853082 2.549946 -0.640580
v 0.506556 3.952003 2.196805
v -0.670535 2.190813 -4.177472
v 0.083787 1.408608 -3.723211
v -3.606951 3.039498 1.282268
v 0.707987 2.630699 5.033231
v -0.052902 1.296266 -3.914403
v -3.721730 2.726058 0.330091
v 0.432709 2.657533 4.930936
v 4.683957 1.662768 1.016035
v -0.604228 4.646895 -0.347451
v 0.356242 2.629736 4.808598
v -3.847154 2.853683 0.362813
v 4.272703 2.266814 1.870216
v 0.466612 3.710337 2.488017
v 2.478963 3.150483 -1.094248
v 0.621270 2.636531 4.460847
v 1.148183 3.536475 2.381431
v 1.093008 4.298376 1.356666
v 5.085774 0.958162 -0.516051
v -5.661753 0.915314 4.942300
v -4.279487 2.104661 3.551264
v -1.413124 2.109473 -4.357633
v 0.462067 4.059296 -0.698419
v -3.898502 2.427727 2.258307
v -4.466338 1.335065 -2.345932
v -0.958730 2.124239 -4.480611
v 1.003311 2.847797 -2.800071
v -3.944550 2.267712 3.445872
v 0.437605 4.219964 -0.542703
v -4.165483 2.487829 1.928718
v -4.572141 2.386409 -0.001852
v -0.424700 2.434444 -4.612330
v -0.189685 3.830839 -0.833332
v -1.114147 1.203941 -4.002272
v 2.852719 2.197738 -2.503956
v 4.203594 2.340618 2.049312
v -1.248354 1.124784 -3.944174
v -4.233500 2.512207 0.431607
v -1.708935 2.833302 3.770675
v -2.462836 3.705699 1.972084
v 3.317503 2.804306 -0.415891
v -2.600619 3.276833 -1.075349
v 0.348048 4.900156 0.179477
v -3.601605 2.318364 3.313037
v 1.695847 2.408795 4.566652
v 4.003971 1.152023 -2.696261
v 1.672929 3.863133 0.072343
v 3.043453 2.044644 -2.233263
v 2.816464 1.824914 5.142297
v 1.133401 4.203969 -0.242907
v 3.097279 2.098507 -2.603638
v -2.399862 2.826416 3.562803
v 1.658216 3.873018 -0.307468
v 5.168877 0.921481 -1.714106
v 0.887461 2.977336 -2.100727
v 1.664184 3.644395 -0.478039
v 2.143358 3.258705 3.188614
v 0.772118 2.553294 -2.295705
v -4.410213 1.054067 3.961396
v 0.975927 2.698106 -2.358337
v 1.852870 4.297356 0.684207
v -3.344347 2.817064 -1.055242
v 1.956396 4.158770 0.907377
v -0.638973 1.461721 -3.080487
v -1.405766 3.108196 -1.902574
v 0.484847 4.582035 1.440293
v -2.269560 2.412406 4.093017
v -1.190456 3.128409 -1.790889
v -3.158484 2.976008 -1.346994
v -1.099884 3.014102 3.820967
v 1.233863 2.773354 -2.893648
v 2.365474 2.124140 5.127082
v 0.685520 4.745415 0.422255
v 0.535828 1.748574 -4.471175
v -1.439893 3.138001 3.528076
v 0.579333 4.571199 0.748113
v -2.478073 1.841947 -4.344865
v 2.453517 2.280962 4.568264
v 1.335527 2.545244 5.413275
v 4.038742 2.062501 -1.057844
v -3.509663 3.242733 0.236401
v 2.058654 2.274153 4.813878
v 3.254420 1.202907 -3.236565
v 3.016169 2.472905 -1.858214
v -3.091990 2.834136 -1.821804
v 0.126811 3.612391 2.760019
v 3.614472 2.682063 0.251899
v -2.918357 3.169885 -1.114572
v 3.467676 2.859541 0.016999
v -0.548980 1.933363 5.635789
v -0.398938 1.502187 -4.006549
v 2.032714 1.078465 5.572946
v 3.866981 1.296843 3.874918
v -0.618073 1.719696 5.484937
v 3.184651 3.020967 0.141386
v 0.137713 1.959022 -2.916736
v -1.594210 0.990628 5.592279
v -1.343881 3.983813 1.626354
v 1.426894 3.859098 -0.773933
v -3.188556 3.438370 0.404969
v -1.511654 1.083068 5.587247
v -1.552088 4.107308 1.255484
v 4.164313 2.032730 0.963025
v 3.404240 3.089112 0.559741
v 0.214505 4.891871 0.810142
v -5.592303 0.988538 2.968727
v -5.406549 1.499561 0.254327
v 3.130064 3.309792 0.419749
v -4.421657 2.605598 1.366494
v -2.031190 4.004326 -0.438516
v -3.872791 2.832690 0.663364
v -3.851491 1.472987 -3.684237
v -5.425266 1.108008 1.878550
v -4.303402 2.146727 -1.332386
v -1.896106 1.855182 -4.437418
v -0.115532 2.136149 -2.420793
v 1.743774 3.373674 -1.221758
v -4.072830 2.255243 -1.352907
v 1.516940 3.458691 -1.273057
v 1.033608 4.191731 1.624061
v 4.585126 1.871076 2.492918
v 3.471259 3.038435 1.996063
v 0.879326 4.192078 1.759081
v 2.187333 2.987911 -1.964229
v -5.145287 1.455006 1.474769
v -4.210069 1.473028 -2.673382
v 0.056267 1.972029 -2.731348
v -2.645866 3.196974 2.806156
v -2.864669 3.495049 -0.047028
v 4.340693 1.758314 -0.093520
v -2.838595 1.701782 -4.394068
v 0.178415 2.957500 4.070267
v 4.294327 1.639680 -0.744446
v 0.927879 3.504780 -1.186724
v 2.327960 3.768273 1.542832
v -0.012192 2.954887 4.067085
v 2.546941 2.570215 -2.032203
v -2.379913 1.854198 -2.943643
v -4.620532 1.368251 -1.791015
v 4.832578 1.072219 -2.033588
v 2.193059 3.225159 -0.700371
v -4.541313 1.121259 -2.613830
v 2.950423 3.134106 2.534171
v -1.967572 2.115596 -2.643267
v -0.266356 3.291132 -1.771828
v -4.671774 1.028768 -2.337592
v 0.852639 1.837771 -3.950804
v 3.005971 3.058284 2.597229
v 2.382576 4.235323 1.252126
v -2.950378 2.941585 2.702000
v 2.236109 4.192030 1.353082
v -2.810750 3.466255 1.645935
v -3.692806 2.596259 -1.462773
v -0.992411 4.384503 -0.551149
v 2.697680 3.974245 1.392814
v -3.456974 2.585016 3.019249
v -4.845786 1.067296 -0.960364
v 2.973227 3.594150 1.631481
v -1.371655 3.219790 -1.507158
v -3.707909 2.456800 -1.193774
v -4.842063 1.012141 4.217295
v -5.018003 1.207324 -0.634778
v -3.509870 2.442520 3.015393
v -2.416428 1.847816 -3.084933
v -5.309309 1.404143 1.074226
v -2.372082 4.194474 0.197976
v 1.560802 1.056147 -3.925317
v -5.168665 1.139025 -0.440868
v -4.356425 2.086864 0.661080
v -2.283459 4.320574 0.199344
v 3.105891 2.064823 -3.025069
v 2.941071 3.247759 0.662095
v 0.395565 1.997110 -3.528561
v 3.113411 2.126407 -2.892334
v 1.838821 2.593511 -2.000346
v 2.491652 3.557811 0.336918
v -2.584904 2.322559 4.005785
v -5.042632 2.045541 2.960330
v -3.186105 2.086334 4.214264
v -4.050514 2.316092 -0.511627
v -1.688529 2.432975 4.757905
v -4.958387 2.111486 2.859116
v -1.695991 4.511662 0.004370
v -2.991240 2.173276 4.086942
v -0.935868 2.183486 5.159897
v -5.426251 1.207482 3.812362
v -3.222285 2.504231 -2.237589
v 4.836643 1.704482 0.750234
v 3.602156 2.286109 -1.297837
v -4.688220 2.218849 -0.745095
v 0.728087 4.470448 1.445321
v 4.927113 1.706089 0.893729
v -4.587045 2.283202 -0.816760
v 4.159976 2.343241 1.446831
v -1.458260 2.867705 -2.208364
v 1.882694 3.698557 -0.296343
v 1.159175 3.181742 -1.768134
v 1.957076 2.448647 4.972333
v 1.638740 3.263367 3.579163
v -2.734759 1.253521 4.614809
v 2.537291 3.143880 2.546808
v 0.615977 2.316154 -3.293159
v -3.990273 1.214223 3.994888
v 2.847765 3.382840 1.961891
v -2.275056 4.254331 0.988641
v -3.617983 1.570316 4.141691
v -0.331721 4.612215 0.490027
v -1.757396 4.458941 0.782066
v -3.982530 1.818348 -2.709561
v 0.317189 4.367577 -0.339596
v 0.086374 1.450634 -3.509737
v -5.341561 1.390693 -0.039605
v 4.863127 1.502052 1.883367
v -4.421113 2.061388 3.179025
v -3.535824 1.636645 -2.605384
v -1.928838 2.045113 -4.301645
v -4.760622 2.126960 2.977057
v 0.930646 3.065187 -2.056207
v -4.151525 2.709151 -0.139152
v 1.633453 3.977169 -0.064423
v 1.242468 3.950541 -0.889959
v -4.586151 2.226698 2.896732
v 3.052110 2.784935 -0.950020
v 1.463627 3.897719 -0.333905
v 3.119282 3.261408 0.144941
v -1.387620 2.267511 -2.434362
v 4.547467 1.748335 0.898203
v -1.266941 2.564552 -2.364425
v -2.214978 1.622759 -3.794958
v -3.176547 3.155363 -0.756191
v 2.596785 3.775799 1.073901
v -4.825445 1.863174 3.286099
v -2.259427 4.302824 -0.007532
v -1.393162 4.342093 0.931185
v -4.862964 1.706970 3.352768
v 3.168841 2.827042 2.820455
v -0.312494 1.263723 -3.889049
v -4.422174 2.103176 2.699495
v 4.833432 1.676549 -0.519032
v -1.436992 2.821559 4.022337
v -1.348535 1.200414 -3.697935
v -3.459460 1.545585 -4.053750
v 1.200541 3.874879 1.848486
v -2.748985 2.095729 4.482086
v -0.760397 4.360233 0.186318
v 3.747568 2.645376 1.549591
v -0.383114 1.604836 -4.086571
v 2.385405 3.454092 -0.372662
v 1.760359 3.780795 -0.229131
v -3.670558 2.657496 -0.933673
v 1.488828 4.464252 0.658685
v -4.195268 2.772164 1.097079
v 3.395735 2.457874 -0.917088
v -2.650795 3.732912 -0.290879
v 4.747202 1.543337 -1.211326
v -2.381033 3.644671 -0.576330
v 0.959036 3.943072 -1.033902
v 4.771248 1.395528 -1.624967
v 0.993152 4.097769 -0.661751
v -2.652320 2.693915 3.552247
v 4.901719 1.354961 -1.015889
v 4.193361 1.060457 -2.772902
v 2.792228 3.354291 -0.464690
v -0.506038 2.458807 -4.420544
v -5.213274 2.094213 2.945617
v 5.234075 0.920466 -1.357946
v -2.572363 3.153502 3.060336
v 3.134371 2.212676 -1.934382
v 1.397307 1.190429 -3.983792
v 1.008570 3.109684 3.933517
v -4.390913 1.997437 -1.746579
v -3.948083 1.468368 -3.130451
v -0.956317 4.215978 1.473637
v 3.274121 2.193047 4.051488
v -3.623467 2.938534 1.411267
v 3.601599 2.810149 -0.156206
v 5.062976 1.122565 2.101288
v -4.788021 2.327865 2.104707
v 5.140514 1.381988 1.382243
v -3.362727 3.119489 1.367829
v 4.507636 1.654086 2.946965
v -4.003882 2.932661 0.292068
v -4.012673 2.172529 3.687614
v -0.700590 3.908523 2.532543
v 4.615717 1.311950 -1.756387
v 0.028058 3.273742 3.663003
v -3.529068 2.239551 3.538160
v 4.254711 2.094409 -0.685164
v 0.319450 4.867301 0.678733
v 0.111545 3.363916 3.440412
v 2.326983 1.612665 -3.226977
v -1.527615 3.022811 3.659612
v 4.319142 2.000105 0.389241
v 0.586187 4.485188 -0.117175
v 0.968962 4.142781 -0.567467
v -2.882565 3.671595 1.487376
v 2.451423 1.576356 -3.272705
v -1.282282 2.842539 3.861328
v 0.810333 4.313393 -0.701463
v -4.985289 1.534315 3.790425
v -2.714352 3.972088 1.234232
v -0.728633 2.177702 -4.104507
v 0.752048 4.300025 -0.523881
v -4.795318 1.568987 3.709349
v 0.977054 2.537854 -3.092491
v 1.530861 4.490904 0.954376
v 4.163113 2.133954 -0.888669
v 0.907487 4.402391 1.120327
v 1.820132 2.601141 -2.259423
v -5.265318 1.166736 1.788025
v 1.293745 2.489846 -3.197121
v 2.039911 4.249147 1.092520
v 3.489588 1.883865 4.182888
v -2.291080 2.233142 4.562119
v 3.621598 2.358548 -0.832871
v -4.223376 1.276345 -3.678096
v 3.141286 2.959804 -0.490069
v 1.052373 3.348845 3.137173
v 2.898317 2.928539 -0.376857
v 0.606426 4.308270 -0.731664
v -0.738990 1.910445 -3.987277
v 1.541463 3.057528 4.028878
v 0.411349 3.606685 2.661539
v -4.011785 2.183118 3.560036
v 3.235706 2.124761 -2.617080
v 0.795535 3.457496 2.963139
v 1.838661 3.047237 4.099979
v -2.671401 1.706639 -3.814878
v -5.549666 1.194990 0.932138
v 2.747185 1.872137 -3.241073
v 1.744108 2.860392 4.273044
v -2.879324 2.965222 3.276616
v 0.637510 2.116003 5.584266
v 4.557636 1.509207 -1.874831
v -1.567253 1.358841 -3.889575
v -4.124624 2.415578 0.670419
v -0.414600 2.643242 4.396288
v -0.000662 2.012070 -4.249321
v -3.521508 3.171836 -0.202126
v 4.293666 1.682988 -1.560727
v -4.254848 2.101255 0.550158
v -0.992016 2.601099 4.436170
v -1.444234 3.895886 1.972387
v -4.115598 2.190947 0.714877
v -1.985871 1.427510 -3.280948
v -3.559189 2.677074 -1.424361
v 1.190295 3.597828 -1.166159
v 0.062407 2.165110 -4.381358
v -1.457105 1.680887 -2.970161
v -4.873543 1.758427 0.919689
v 1.444164 2.624954 5.318915
v -4.887352 1.765591 0.662870
v -5.212881 1.279059 3.211914
v 0.781533 1.479541 -4.311543
v -2.876158 1.597620 -2.794368
v 1.260784 4.289957 0.173403
v -3.404921 1.419412 -2.965856
v -4.840299 1.894961 3.141346
v -2.186590 1.755630 -3.996580
v -0.328836 4.521600 1.100686
v -1.135660 1.134576 5.632232
v -1.269914 1.286736 5.510598
v 3.009050 2.947098 2.963764
v -0.760566 3.266151 -1.758142
v 0.782516 2.675021 4.658201
v -0.278813 4.758639 0.019229
v 0.158685 3.485827 3.332660
v 3.628547 1.229744 4.685297
v -4.578964 2.263281 -0.347836
v -3.264118 2.955087 -0.969723
v 3.714884 2.142709 3.018200
v -4.185602 2.019587 1.053959
v 1.151371 3.456560 -1.325849
v 2.604310 2.949336 -1.846009
v -5.321723 1.186870 3.017564
v 1.914990 2.411771 4.869590
v -2.393664 1.523887 -3.398206
v -1.045025 2.320380 -4.288783
v -5.238632 1.435324 2.815380
v 1.595158 2.642014 -2.361570
v -0.889700 1.431947 5.652001
v 2.724765 3.298515 -0.277468
v -2.526683 0.951354 5.440209
v -5.002200 1.754879 1.134409
v -2.339043 1.043993 5.197078
v 1.014777 1.373834 -4.379870
v 2.753660 3.494624 -0.054684
v 0.495646 2.006659 -4.455119
v -3.991395 2.847069 0.475126
v 3.268835 2.444826 -1.376600
v -5.522256 1.535144 0.626602
v -5.609883 1.308890 0.797522
v 2.489870 3.907517 0.788651
v 0.704068 3.664091 -1.058172
v 3.752288 2.202538 3.385403
v 4.685926 1.590729 1.086834
v -5.506301 1.036841 3.978778
v -4.912927 1.806598 2.401262
v 2.427897 3.262925 3.209536
v -4.639295 1.716510 1.267581
v -2.145647 4.182525 0.614646
v 3.172352 3.202827 0.670562
v 3.818134 2.120123 -1.137781
v -0.392142 2.626838 5.162031
v 2.904235 0.949212 5.221085
v 3.292479 3.220654 0.564689
v -3.115655 3.493028 0.511168
v 3.820240 2.188243 -1.487759
v -0.451735 2.712197 5.054343
v -1.363209 1.429969 -3.220972
v -0.418422 4.553545 0.839589
v 3.931573 2.140385 -1.551579
v -2.824729 3.149081 2.862431
v 0.357984 2.466231 -2.283581
v -0.077662 4.693268 0.784147
v 3.751501 2.035641 -1.755442
v 0.013940 4.437261 1.614424
v 4.066565 1.702835 -1.857891
v -0.332219 3.901855 -0.814150
v -0.096888 4.634721 1.288493
v -5.051697 1.745661 1.795628
v -5.190902 1.283532 -0.188688
v -4.883951 2.154727 2.267358
v -0.464872 3.983683 2.357512
v -0.162067 3.897540 2.402136
v -4.779356 1.804816 2.283232
v -1.480412 1.347810 -3.355179
v 0.498155 4.112936 1.981514
v -0.185056 2.477820 5.301977
v 5.143921 1.017535 0.791229
v 2.331048 2.459599 -2.439129
v 0.382898 1.557388 -4.083016
v 1.745058 3.293398 2.790582
v 0.998952 4.674282 0.423457
v 1.483948 3.270681 3.179394
v 2.564816 3.343233 2.119102
v 0.721359 4.619783 0.478152
v -0.262835 2.491433 -4.413822
v 3.954008 2.426013 0.423494
v -3.686232 2.362827 -0.648027
v 2.368082 3.472584 1.883759
v -3.792181 1.732938 -2.727533
v 0.980729 2.578207 4.997341
v 1.284551 4.335479 0.374528
v 2.403959 3.416374 2.043993
v -3.907297 2.305804 2.871994
v -4.806386 1.844468 -0.733176
v -3.919074 2.751188 0.622866
v -3.781297 2.514197 2.796462
v 2.240865 3.893294 1.444872
v 4.423922 0.964105 3.345583
v -4.062906 2.218766 0.946578
v 3.492652 2.722768 -0.340492
v 3.305604 2.856602 -0.273888
v -0.562501 4.279326 1.337916
v 1.613933 4.261446 1.429953
v -0.723718 4.156780 1.533904
v 4.340231 1.605296 -1.251109
v -0.087333 2.587659 5.249187
v 3.503724 2.496136 -1.520049
v 0.045904 2.657588 4.980097
v -0.226866 4.677271 0.768475
v 2.614806 3.472431 0.229891
v -4.878780 1.787916 1.581719
v -3.563342 2.515008 -0.648767
v -0.316018 4.558188 -0.430565
v -0.095256 3.489198 3.331347
v 3.592330 2.840625 1.883216
v -4.275971 2.451001 -0.078437
v -4.417946 2.109938 3.296787
v 3.307198 1.459820 -3.059387
v -5.145547 1.625476 1.597284
v -3.684893 2.930189 0.718648
v 4.043226 2.247211 0.800731
v -5.378794 1.186533 1.524874
v 3.978915 2.223125 0.398675
v 0.914627 1.189433 5.634159
v 1.995045 2.572518 -2.783376
v 1.143731 1.811461 5.482400
v 3.873873 2.505334 0.664877
v 0.440353 2.159841 -3.331105
v 2.713280 3.947847 1.143257
v -0.331077 1.365844 -3.432343
v 2.860665 3.735721 1.556694
v 0.056487 3.159857 -1.825126
v -3.592518 1.364339 -3.096283
v 0.531217 1.616036 -4.018043
v -5.534605 1.350405 0.374357
v -1.878292 3.417482 3.000750
v -0.027622 4.780593 0.443859
v -1.325992 3.386733 3.166990
v -2.992369 1.701144 -3.340641
v 2.502427 2.309787 -2.363302
v -0.840226 1.196022 -3.886683
v -3.281467 1.641438 -3.384522
v 3.473425 1.941351 -2.142604
v -0.739117 1.363998 -3.997286
v -3.110252 1.701599 -3.198243
v -1.357659 4.566854 -0.035562
v 4.548956 1.249802 -2.183226
v 1.994994 3.947919 0.719478
v -2.944087 3.252869 1.832060
v -0.816158 4.255718 1.698807
v -4.416234 1.435761 -2.383852
v 4.741837 1.612369 -0.969684
v -3.065416 3.246172 -0.926397
v 4.573679 1.594425 -0.907445
v -2.873117 3.366832 -0.770996
v -3.129566 3.162721 1.794696
v 5.062388 1.545239 1.286567
v -0.829674 4.308727 0.498597
v -4.061001 1.442600 -3.978665
v -0.749780 4.356780 0.730289
v -2.836852 1.188694 4.727977
v 0.573756 3.039050 4.020878
v 2.638000 2.093560 4.921745
v 0.549373 4.510270 1.046014
v 2.771929 2.170976 4.669966
v 4.479524 1.879522 1.668710
v 4.389491 1.673948 -1.713141
v 2.793451 2.266189 4.441281
v -4.106236 2.345756 -0.673603
v -4.291057 2.070781 0.846653
v 2.474222 2.575535 3.906828
v -3.231227 2.749573 2.688012
v 1.528665 3.180114 -1.515255
v 2.163090 2.499296 4.334895
v -0.452048 3.192741 3.506742
v 0.112893 2.682003 4.392527
v 2.264878 3.145145 -1.245365
v 2.526597 3.144588 3.199554
v 0.343745 2.459138 -2.783973
v -1.595921 1.961640 -3.843699
v 4.942654 1.706580 0.735159
v -1.483437 2.089717 -4.096224
v -1.367382 2.088198 -3.991385
v 2.776447 3.042995 3.278970
v 0.798607 4.096451 -0.814441
v -1.461391 1.988937 -4.131508
v 2.657752 3.004660 3.371521
v -5.067091 1.554807 0.920853
v 2.652905 2.132476 -2.462780
v -2.609734 1.767004 4.657693
v 0.007627 4.868567 0.926415
v -0.862187 4.625467 -0.490020
v -2.317278 2.050703 4.772333
v 0.402697 2.245190 -3.170270
v -3.795277 1.181363 -4.535823
v -1.260603 4.528070 -0.438010
v -3.429745 3.070580 -0.629720
v 0.738958 2.330114 -3.171869
v -0.576765 3.542676 3.053826
v -4.950144 0.943831 4.597954
v 2.226636 3.780101 0.284416
v 4.208752 1.994843 2.312233
v 2.016635 4.248562 1.270343
v 5.077359 1.542561 1.753389
v 1.925534 3.231875 -1.424230
v 0.854051 3.820923 -1.055392
v 2.779515 3.374995 0.865978
v -1.835140 2.617814 -2.480627
v -4.802058 1.241053 3.863820
v 0.136944 2.379878 -2.137280
v 5.060253 1.070038 -0.051669
v 0.131963 2.646071 -2.179362
v 2.733158 3.114480 3.046506
v 1.267787 3.909916 -1.035402
v -5.300985 1.391285 3.544771
v 3.521317 2.459154 -1.364184
v -3.792542 2.448500 -1.279166
v 0.629101 4.597094 1.188445
v -4.183548 1.647839 -2.333282
v -1.818416 1.927384 -4.118845
v 0.614333 2.547525 -2.383422
v -4.436255 2.459528 2.062791
v 0.060265 1.724329 5.683250
v 0.164922 3.700163 -1.079746
v -2.525258 3.582057 1.958444
v 4.105345 2.190373 -0.327833
v -4.833018 1.896739 2.416857
v -3.028587 1.528934 -3.707026
v -2.548934 3.442775 2.268188
v 3.937753 2.357790 -0.566768
v 4.211699 1.378462 3.545065
v -3.984803 2.278646 -0.461703
v 4.497378 1.704668 0.401052
v -3.050153 1.616955 -3.434467
v -1.681987 4.454803 0.835474
v -2.418900 4.111335 -0.204337
v 3.944976 1.895926 3.557941
v -4.687638 2.462085 1.751917
v -3.632798 2.939481 0.080526
v -2.273128 4.288733 -0.206917
v -1.397025 4.518950 0.498355
v -0.135114 2.288405 5.633194
v -0.115863 2.401917 -2.262073
v -1.199719 4.425076 0.650780
v 2.522631 1.876229 -3.053916
v 4.800497 1.583012 1.730451
v -0.588316 2.372212 -4.281240
v -1.365268 2.755931 4.043492
v -0.662910 2.370744 -4.429375
v -2.020658 4.343019 0.960239
v 1.933426 3.084203 -1.780793
v -1.546672 2.889837 3.774639
v 1.782165 2.955949 -1.850741
v 2.337164 3.936892 0.886767
v -0.235560 2.462958 -4.521602
v 4.374571 1.838042 0.904045
v 1.833539 3.628730 1.796803
v -3.709402 2.355841 -2.098169
v 4.563934 1.936265 2.097064
v 0.915938 4.128749 -0.317381
v -2.728545 2.211688 4.079751
v 5.170901 1.094373 1.839938
v -5.649970 1.042271 2.563969
v -3.508956 1.487526 -3.360328
v -5.625669 1.026416 2.426140
v -3.728614 1.498435 -3.745796
v 0.436028 3.255418 -1.869597
v 2.353071 3.160326 -1.784200
v 0.005277 3.226404 3.828650
v -0.139383 3.261180 -1.765106
v -0.186818 3.166547 3.813268
v 1.663801 4.361641 1.075074
v 3.963403 1.932685 -1.169782
v -1.358757 2.917654 3.879195
v 1.413723 1.856477 -3.632967
v 0.515737 3.334316 -1.565264
v 0.562514 2.625619 -2.548659
v -5.447927 1.259752 1.225757
v -2.031384 2.566469 3.999242
v 0.947219 1.863004 -3.922729
v 3.080511 2.764401 -1.492955
v 2.389602 1.340232 5.322155
v -2.451746 3.181549 -1.251205
v 2.807897 2.922135 -1.573391
v 2.756294 1.204104 5.205034
v -0.875078 2.335692 -4.167693
v -0.415616 4.303854 1.789320
v 1.252562 2.650226 -2.135206
v -5.183680 1.453092 1.329831
v -0.413300 4.187684 1.943512
v -2.621592 3.609846 1.631505
v 3.057952 2.874162 -0.435315
v -4.953536 1.732162 3.193746
v 4.809588 1.046657 -2.146204
v 1.804041 3.853241 0.419598
v 1.812178 3.553021 -0.504978
v 1.046005 2.834863 4.504996
v -5.199484 1.863343 3.216043
v -2.175206 3.898647 -0.473443
v 1.991767 3.447183 -0.753251
v -3.655581 1.497582 -4.168501
v -2.395792 2.610425 3.925029
v -2.375288 2.719440 3.644173
v -4.333138 2.243846 1.938213
v -1.024097 1.898115 -4.588693
v 2.729069 2.711817 3.612938
v -2.245918 3.870840 1.638852
v -3.716343 1.406902 -3.057069
v -0.836226 2.200852 -4.544940
v 2.456726 2.195947 4.706092
v -3.707056 1.559433 -2.770723
v 2.123105 3.387707 -0.558958
v 3.493486 2.250019 -1.753439
v -3.702238 2.288897 3.024151
v 3.671843 2.119466 -1.821455
v 4.516313 0.991234 3.705388
v 3.063928 1.748881 4.906594
v -2.093390 1.657214 -3.152187
v 3.645193 2.139283 -1.734498
v -1.053504 3.133250 3.554586
v 0.306497 3.636085 -1.150548
v 1.689944 4.548733 1.199592
v -3.621996 3.016474 0.656195
v 0.558537 3.545442 -1.284790
v 2.702788 2.152595 -2.566584
v 0.655523 3.491810 -1.309229
v -3.418778 2.693832 2.570087
v 0.200727 2.474059 -2.410885
v -0.370403 3.604351 -1.185214
v -2.549175 3.202446 3.192739
v 0.767448 4.299543 -0.300715
v -0.211059 1.383859 -3.619094
v 3.626993 1.062447 4.739780
v -2.746095 3.049799 3.197116
v -4.197042 2.274581 -0.882911
v 1.897808 4.364817 0.854246
v -1.452970 3.659579 2.818281
v -2.683233 4.060729 1.190457
v 4.891369 1.136680 -1.111189
v -2.208596 2.194574 4.685974
v -2.124528 1.934576 -4.277943
v 5.139698 0.968591 -0.919754
v -3.079997 2.960428 -1.046181
v 3.712400 2.730497 0.834666
v -3.858306 2.353458 -1.713855
v -2.143505 1.086507 5.222694
v 5.076906 1.089853 -1.793278
v 0.754810 2.744285 -3.010332
v -1.724093 1.371542 5.078438
v -5.042326 1.560832 3.381313
v 3.001175 2.076449 -2.408916
v -4.111625 2.700667 0.972986
v 3.215723 2.496759 -1.526325
v -1.610514 1.138646 5.505055
v -0.308452 1.463104 5.690304
v -3.492817 2.103784 4.055925
v 4.271610 1.070061 4.138659
v 1.289773 4.004707 -0.263355
v 0.351178 3.876245 -0.760194
v 1.345751 4.485386 1.188865
v 0.472389 3.703084 -0.916029
v 1.194990 4.374054 1.443282
v 4.163186 1.134461 3.793885
v -3.100563 3.383602 1.362419
v -2.849961 1.619137 -3.815504
v -4.802998 1.820564 0.254051
v 1.306603 4.416758 1.471729
v -4.996417 1.626114 0.131685
v 1.630819 3.938532 0.150351
v 1.432927 4.456449 1.327312
v 3.873538 1.849001 -1.960268
v 2.786817 3.005705 2.980452
v -4.780823 1.118724 -0.956636
v -4.312486 2.446271 1.654877
v -3.950647 1.907130 -2.517235
v -2.366190 2.609911 -2.272446
v -4.697402 1.558149 -1.254298
v -5.102386 1.804842 1.210193
v -2.176439 2.859086 -2.033359
v -2.849404 2.174793 4.305840
v 0.122817 1.505043 -3.356173
v -2.092934 2.998666 -1.771236
v -4.886938 1.663939 2.097662
v 4.160604 1.099936 4.049698
v -2.130710 3.703871 2.670405
v 3.716381 2.524031 2.701197
v 0.578781 4.847082 0.329269
v 3.574531 2.477958 2.937886
v 4.884819 0.980613 -2.223427
v -4.385486 2.211324 0.394087
v -5.255448 1.639464 0.604196
v 3.731690 2.180300 3.133332
v -0.876738 2.677332 4.213583
v 2.152851 2.523415 -2.524682
v -5.578100 1.645648 0.751996
v -4.015751 2.367346 -0.233662
v 1.331984 4.166708 0.154630
v -5.486887 1.588799 0.833291
v -3.296970 3.011342 -0.686444
v 2.800033 3.002581 -1.022944
v -2.940583 1.638996 -4.105451
v -5.467447 1.299899 0.056161
v 2.921080 1.406526 -3.320249
v 4.108021 2.296992 2.195465
v 4.169969 1.671726 -2.522224
v -5.687892 1.122788 3.209043
v 1.438305 4.000029 1.638780
v -3.535666 2.677189 -1.330702
v 3.840255 2.681500 2.503674
v 3.806007 1.950931 -2.565530
v 4.165000 1.971942 -1.016486
v 4.885663 1.757336 0.091722
v -3.744562 2.557761 -1.783487
v 3.805502 1.250774 -2.827908
v -2.020796 3.306489 3.213130
v -3.767877 2.481498 -1.845111
v -1.608547 4.536397 -0.214044
v 4.203424 1.345269 -2.577349
v -1.206941 2.984346 -2.147348
v -3.694475 2.878463 1.277928
v 0.444301 3.216560 -2.040603
v -1.349266 3.114058 -1.778526
v -1.698151 2.032351 -4.348007
v -1.499499 2.710583 -2.401520
v 3.870521 1.350525 -2.766266
v 3.322332 2.013819 -2.399961
v 4.370282 1.790435 0.054309
v -0.900076 1.521867 -4.026980
v -1.010073 3.071979 -1.996198
v -0.307574 2.148373 5.509875
v -4.173857 1.224348 -3.086569
v -4.437329 0.956820 4.465654
v -0.364368 1.985706 -2.510805
v 3.280889 2.877565 -0.497342
v -4.160626 1.264196 -3.334649
v 1.962060 3.312397 3.280200
v 1.842285 4.308053 0.946057
v 2.135838 3.229792 2.925124
v -4.738513 2.013210 -0.613102
v -0.535891 4.508972 0.096893
v 4.922288 1.290710 1.866568
v 2.147254 2.303268 5.243939
v 2.301900 3.215230 3.044449
v -4.841042 1.616125 -0.666520
v -0.252115 4.793024 0.357796
v 1.960518 2.279661 5.291690
v -1.367914 4.598284 -0.362620
v 4.045026 1.662717 -1.965029
v 1.078414 4.530629 0.305238
v 4.373100 1.495456 -1.930800
v -0.615701 4.302447 1.649091
v -0.130484 1.907073 -4.168935
v -2.379707 2.285640 -2.545896
v 1.218342 4.448284 0.679108
v 3.186093 2.429521 -1.841668
v -0.243075 1.190912 5.689060
v 4.142998 2.070873 0.552128
v 1.542552 3.296614 -1.383263
v 3.226402 1.777164 -3.048778
v -2.044909 2.013311 -2.750547
v -0.375712 1.308739 -4.003677
v 4.045891 2.107707 0.600430
v 3.570274 1.287138 -2.946229
v -0.431284 4.444234 0.883630
v -5.074500 1.526130 1.784912
v -3.119061 3.052534 -0.805239
v 3.362789 1.387197 -3.003270
v -3.962154 1.526258 -4.194527
v -5.128455 1.937808 2.789778
v -4.027900 2.444166 1.575818
v 3.634672 1.605682 -2.871878
v -2.503912 3.973063 -0.070426
v -1.660836 3.779668 2.417026
v 0.414037 3.100527 3.955060
v -3.359414 1.275163 -4.499055
v -2.862353 1.932072 4.456210
v 3.871628 2.039290 2.808808
v 0.354204 3.235001 3.633602
v 1.554017 2.615833 -2.042247
v -3.118144 1.168879 4.511496
v 1.406486 2.929572 4.302701
v -1.544702 2.887491 -2.072033
v 1.576554 3.776908 -0.577820
v -2.741394 3.178701 2.506431
v 1.722658 2.442488 5.179168
v 2.397725 3.143863 -0.952866
v 1.734200 2.634688 4.368340
v 4.813752 1.383733 -1.385255
v 4.262388 0.929996 4.240729
v 0.111159 4.532487 -0.283119
v 2.205307 3.191218 -0.869663
v 3.997639 1.073703 4.270001
v 3.435659 2.294446 3.533366
v -1.387000 2.550231 4.228757
v 4.436162 1.792305 0.846082
v -3.968513 2.656300 -0.303258
v 3.622868 1.475767 4.177862
v 3.408942 2.300798 3.316848
v 3.834959 2.622173 0.349143
v 1.065235 2.601170 4.626063
v 3.734218 1.133643 4.272183
v 3.495435 3.072369 1.133508
v -4.234512 1.185494 -3.596398
v 1.300626 3.256936 -1.565237
v 3.445922 2.997015 0.368961
v 3.280430 3.063577 1.415368
v 4.387504 2.023661 2.471045
v -3.628628 2.041590 -2.274595
v 1.698377 3.116277 3.821295
v 0.445911 4.822484 1.076136
v -2.004761 1.792606 -4.476385
v -5.465270 1.064134 2.457306
v 0.257493 3.413753 3.311716
v -5.532093 1.095659 2.375359
v -5.089687 1.652567 1.276067
v 0.748521 3.429650 3.248076
v 0.525442 4.204163 -0.467831
v 4.760409 1.822566 0.102789
v 0.315017 1.481483 -3.829310
v 0.315887 1.925786 -4.187294
v 0.329226 3.518425 3.007650
v 0.517782 4.270513 -0.387707
v -3.123726 2.481984 3.425665
v -1.062014 1.619956 -3.982791
v 0.150275 1.550581 -4.097154
v 0.674871 3.795845 2.251549
v -0.463807 4.650991 -0.132696
v 1.420929 2.477709 4.707118
v 4.601339 1.475849 -1.791588
v 0.312532 1.474940 -3.646560
v -1.221428 2.722517 4.777318
v 2.057000 2.308328 4.664978
v 2.887333 2.538291 -1.799279
v -2.472638 2.156529 4.438262
v -1.297364 2.605898 4.794545
v 2.048157 2.403380 4.470931
v 4.608183 1.564539 -1.136008
v -1.712588 2.435305 4.382207
v -4.137342 2.788909 0.378794
v 4.772986 1.202365 -1.709573
v -4.066133 2.845351 0.594317
v -5.521438 1.192688 3.432706
v -3.857958 2.714398 1.445900
v 4.887584 1.004936 -1.657999
v -0.682757 2.785679 4.122489
v 2.970754 3.639469 1.553674
v -3.974913 2.640203 1.666826
v 4.234726 1.772126 -0.939638
v -2.391171 3.155284 -1.381605
v 2.681386 1.501253 -3.250553
v 2.781015 3.658147 1.290530
v -2.366840 3.410703 -0.834717
v 0.159057 2.582718 5.546478
v -3.225562 2.932322 -1.139421
v -1.735706 4.000744 1.398604
v 3.506557 2.534150 2.861211
v -0.299382 2.703079 4.858170
v -3.794672 2.566941 -1.006010
v 0.612141 1.916746 -4.397305
v -2.558491 3.291957 2.608669
v -1.594028 1.286896 -3.782019
v -4.008798 2.477022 -0.810712
v 1.292366 3.904981 -0.395549
v -1.688889 1.338424 -3.704905
v 1.928341 1.676450 -3.457783
v -3.478508 3.161810 0.072550
v -0.826476 2.649512 4.710363
v -5.493020 0.963345 -0.711016
v -1.517361 2.093947 -4.439023
v -4.241413 1.689811 -2.584045
v 3.080812 2.438696 3.925598
v -3.686533 2.943504 0.495768
v 0.610305 4.395846 -0.636786
v 3.260861 2.360035 3.710213
v -1.823812 1.127066 5.262334
v -4.932076 1.784116 0.352559
v 1.777970 1.422030 5.439943
v -3.694660 2.945927 0.393218
v -0.160536 4.042888 2.179483
v -5.669115 1.116015 3.641954
v -2.616125 3.501380 -0.615657
v 0.336964 1.615655 -3.649383
v -4.141768 1.395795 -3.811751
v 2.689244 2.410832 -2.109404
v -0.151886 1.330894 -3.717217
v 2.787619 2.546519 -2.006722
v -3.382537 1.426220 -4.462823
v -2.198595 4.191010 1.320673
v -5.313312 1.426160 3.761901
v -2.722526 0.948472 5.335596
v -3.185537 2.838525 -1.626584
v 2.150517 3.934394 0.853349
v -4.182707 1.289687 -3.815411
v -3.140357 2.668922 -2.021793
v -1.995738 3.495349 2.936306
v -1.152629 4.561350 0.062172
v -1.369849 1.992275 -3.916125
v -2.903972 2.797266 -1.931264
v 1.874035 3.260628 2.614187
v -1.467489 2.144763 -3.954140
v -1.094466 4.404524 0.466578
v 3.642344 1.304638 4.566067
v 2.340579 4.287333 1.265070
v 4.959541 1.486119 -0.376066
v 2.719651 2.042159 -3.093682
v 3.470212 1.333768 4.825264
v -1.086334 4.171042 1.415946
v 4.921089 1.178651 -0.893472
v -4.480063 2.257442 1.943722
v 2.919641 3.352884 2.056892
v 4.109500 1.937461 -1.122270
v 4.089400 1.635489 -2.113038
v -2.918073 3.015459 2.824320
v -0.994199 3.417785 -1.312178
v 1.380198 4.521770 0.750126
v -1.094759 3.534227 -1.196136
v -2.771906 3.010332 3.370850
v -1.801725 1.625991 -3.985651
v 0.196394 1.818938 -3.300515
v -1.983322 1.709303 -4.059576
v 3.466626 2.987974 1.530908
v -3.516684 2.567005 -0.865785
v 3.768424 2.255792 -1.100627
v -4.739832 2.227761 -0.117104
v 2.646848 2.610429 -1.947387
v 3.966935 2.381437 2.324704
v -1.040210 3.753499 -1.021473
v 2.588842 2.616861 -2.122425
v -2.600370 2.150910 4.611060
v -0.864041 2.672819 4.954528
v -3.081489 3.081779 -1.131969
v -4.817614 1.008274 -1.945526
v -4.662768 2.428531 1.494682
v 1.541604 2.978453 -2.011503
v 2.561338 2.071544 -2.933216
v -5.549360 1.046846 -0.568110
v -5.567343 1.381441 0.852497
v -4.098065 2.473361 2.116202
v 0.159311 4.706297 -0.041466
v 3.691693 2.586339 0.144293
v 0.744160 1.596459 -4.283825
v 0.013300 4.845024 0.113122
v -3.732058 2.811235 2.233445
v 0.675815 1.707084 -4.109598
v -2.263445 1.767450 4.835312
v -0.197252 4.804166 0.043750
v 3.547317 1.043578 4.908047
v 3.577916 2.299414 -1.627621
v 2.873570 3.037927 2.752842
v -4.387254 2.412248 1.236789
v -5.273809 1.391202 3.971702
v -3.074897 2.865273 2.984428
v -5.395563 1.204822 3.878954
v -0.064528 3.999077 2.261411
v -2.084570 1.559645 -3.689511
v -3.176903 1.472076 4.368924
v -0.538227 1.380584 -3.316123
v -5.400606 1.090779 3.814017
v -2.170963 2.451811 -2.441072
v -3.806119 1.971021 -2.418871
v 0.612570 4.449381 1.282517
v 3.789540 2.665496 1.948370
v -3.686298 1.823978 -2.461248
v -0.072111 4.572681 1.498271
v -0.174057 1.385212 -4.028497
v 1.558179 4.608291 1.107778
v 3.251152 2.744026 3.051631
v 1.455494 2.306978 5.424919
v -4.151149 2.215525 2.643392
v 2.885406 1.619525 5.121148
v -1.215136 4.268213 1.092993
v -4.182843 2.202791 2.909418
v 1.122862 1.969301 5.540002
v -2.144939 3.814288 -0.553238
v -4.008737 2.259311 2.880556
v 0.921647 1.892337 5.529040
v -5.156327 1.523650 0.166219
v 0.928782 3.443694 2.696425
v 0.805218 1.432704 5.637145
v -1.792375 2.789378 4.014987
v 4.453977 1.860162 1.772007
v 0.771862 1.631212 5.593689
v 1.794777 2.429553 5.304076
v -4.944895 1.365825 4.116930
v 0.480448 1.597618 5.661332
v -1.506459 2.115088 4.955256
v -4.213144 2.282072 0.508606
v -5.379287 1.283714 1.119575
v 2.228148 2.790379 -1.961538
v -2.794155 2.315045 3.880461
v -2.134718 3.809588 1.861738
v -2.935779 3.443715 1.624691
v -0.536234 3.099165 -1.932133
v -2.692567 2.415175 3.735191
v -1.884398 3.820898 1.840533
v -4.293454 2.494807 0.192647
v -4.941806 1.743281 1.445751
v -0.452924 3.320609 -1.666485
v -4.747423 1.933717 1.533784
v -0.527982 4.565829 0.307578
v -0.821136 3.434075 3.121610
v -4.532980 1.852268 1.407005
v 2.815964 2.968889 -1.298405
v 2.910006 1.480021 5.079254
v -0.339321 3.469095 3.158320
v 0.617238 3.995721 -0.751223
v -3.929359 2.291657 -1.950497
v -3.293854 3.010476 1.974715
v 1.015996 3.617724 -1.119485
v 1.592559 2.618781 -2.925965
v -3.343238 1.852959 -4.248769
v -4.035057 1.842298 -2.407105
v -3.255803 2.549051 3.354698
v 4.249213 0.998355 3.832306
v 3.592990 2.249529 3.620903
v 1.643680 1.177727 5.516419
v -3.286115 2.645387 3.224050
v -1.094133 4.003328 2.448953
v -3.117022 3.380594 1.683594
v 3.672866 2.264597 3.323578
v -4.130450 2.777441 0.275198
v -0.290997 3.761046 -0.917317
v 3.766679 2.178119 3.273967
v 1.060184 2.900358 -2.727652
v -5.318977 1.215018 -0.223800
v -0.080585 4.689720 -0.337982
v 1.012148 2.825845 -2.687929
v 0.837469 4.453732 0.036537
v -4.610400 2.030073 3.215691
v -0.081213 4.408660 -0.443031
v -3.376430 1.434224 -4.018944
v 0.552602 4.679876 0.143699
v -3.330749 3.198256 1.075927
v 3.946944 2.364033 0.272623
v 4.045133 2.182268 0.083684
v -3.657182 3.009615 1.004894
v -2.073448 1.444545 -3.377930
v -0.931819 4.428863 0.093396
v -2.110666 2.238293 4.496274
v -2.868240 1.095733 4.805079
v -5.394016 1.720524 0.400312
v -2.942347 1.147739 4.601236
v 1.703082 3.871787 -0.101705
v 2.803517 3.069101 -0.439590
v 4.947168 1.059482 -2.010262
v 0.186744 3.692325 2.595371
v 5.113725 0.985045 -1.800053
v -0.010111 3.646455 2.800126
v -0.552335 4.441436 0.393891
v -3.572700 2.788400 0.234280
v 0.628583 4.363637 1.172332
v -0.148734 4.633933 1.086949
v 1.970498 2.494291 4.334702
v -0.232010 2.273274 -4.286467
v -1.519129 1.743870 -3.826514
v -3.722782 2.296843 -0.509696
v -4.578399 1.037453 3.951847
v 2.163619 2.544415 4.140370
v 1.735802 4.124297 0.619864
v 0.923581 1.476279 -4.256506
v 2.433357 2.474080 4.258607
v 3.275436 2.605211 -0.488328
v 2.204079 3.672723 -0.102313
v 2.321621 2.555060 -2.399297
v 2.395769 2.443839 4.414890
v 2.717026 3.146389 2.551274
v 2.268904 3.727126 0.083287
v 3.692477 2.598446 -0.184426
v 0.546179 2.295724 -3.148516
v 2.281083 2.582452 -2.210204
v -4.846595 2.109587 2.715894
v -2.343167 3.688614 2.229797
v -2.377407 3.675323 2.544539
v 4.335864 1.573207 -2.376712
v -2.752332 3.140800 2.724239
v -2.388823 3.636825 2.315518
v -4.575685 2.333174 -0.661495
v -3.724823 2.470085 -0.694474
v 5.031636 1.388650 -0.035414
v 0.683267 2.637394 -2.815942
v -2.418503 3.796373 1.984285
v 3.376388 2.551679 -0.818124
v 2.867022 2.848732 3.346950
v 5.057909 1.142635 0.249963
v 4.856222 1.799229 0.571280
v 4.250497 1.106944 -2.644728
v 0.500108 4.604941 0.032245
v -4.641389 2.097832 -1.159702
v 4.644086 1.713100 0.683675
v 5.102761 1.039357 0.383218
v 2.844725 3.251187 2.176090
v -4.471821 1.900554 -1.826164
v 0.859409 3.684653 -0.977736
v -4.255007 1.955880 -1.810817
v 1.083693 3.332807 -1.471401
v -1.456994 4.441662 0.856740
v -3.735148 2.915980 1.989024
v -0.749969 4.284421 1.182606
v 4.642324 1.720554 -0.528181
v 3.012049 2.799040 -0.582438
v 0.165945 2.612609 5.278658
v -1.059556 4.284599 1.326709
v -3.956759 2.565041 2.014135
v -3.977196 2.686162 1.859149
v 0.094319 3.244281 3.707804
v -2.846753 3.700281 0.644346
v -0.031733 2.601804 5.163532
v -1.971615 2.844743 -2.101232
v -4.682286 1.285504 -1.613805
v -5.282786 1.351842 -0.149851
v -0.390911 4.401803 1.095743
v 0.344745 4.844495 0.992387
v -3.136719 3.365880 0.042108
v -3.993993 2.537648 0.746742
v 0.255899 4.843059 1.133000
v 3.226137 3.367179 0.542997
v -3.063555 3.619065 0.304759
v -5.592445 1.101470 2.187983
v 1.037178 2.358949 5.482939
v -1.206008 1.484930 -3.954699
v 2.703686 4.026611 1.310844
v 1.159977 4.549459 0.459939
v -2.279871 3.337823 3.163502
v -3.276680 2.749117 -1.722611
v 2.630754 3.474340 0.041088
v -3.427059 2.817077 -1.115025
v -1.439250 1.392430 -3.509678
v -4.675601 1.345846 3.515041
v -4.848223 1.678314 1.519124
v -1.594739 1.385956 -3.490548
v 3.430274 2.359220 -1.654630
v -4.512006 1.977037 0.531828
v -1.440033 3.535786 -1.017270
v -3.273199 3.355703 0.867298
v -3.796316 1.333304 -3.528574
v -4.420128 1.982113 1.226573
v -5.271618 1.267112 3.067377
v -2.093208 1.627390 -4.035235
v -5.275880 1.454402 3.100009
v -5.080309 1.627357 3.217431
v -0.687961 4.392116 0.872287
v 4.070388 2.072339 2.684069
v -2.940953 1.590298 -2.912106
v 0.412657 4.690499 1.241735
v -3.245313 1.595843 -3.156579
v 4.201322 1.916243 -1.245367
v 2.698162 3.653885 1.141731
v 4.275429 1.980565 0.989486
v 2.549823 2.421747 4.529588
v 4.711390 1.512931 -1.601085
v 1.180210 3.315310 2.832198
v -1.248008 4.037623 2.324670
v 4.169022 2.030706 1.115707
v -0.879622 4.033285 2.275856
v -2.912469 1.577157 -3.437984
v 4.350345 1.909833 1.201270
v 4.412221 1.967240 1.479985
v -3.148790 3.196306 -0.544695
v 3.273806 2.707639 -0.414070
v -4.030380 2.860628 -0.013992
v 1.316715 1.551663 5.524115
v -5.344015 1.376519 0.069840
v 3.616253 2.666028 -0.133812
v 1.915237 1.184339 5.442873
v 2.043256 2.382638 5.103775
v 2.985367 2.096748 4.371225
v 2.177735 1.420310 5.364441
v 2.168901 2.307432 4.975072
v -4.195155 2.715052 0.245419
v 4.639907 1.020984 -2.431274
v 3.744122 1.807233 -2.157717
v -4.116250 2.157567 3.454965
v -1.999553 3.927559 1.561374
v 4.040693 2.447150 2.263102
v 3.339444 1.427132 4.709065
v 4.791931 1.729580 1.993386
v 0.037178 2.202517 -4.520887
v 3.247988 1.451961 4.504533
v 1.930012 4.320858 0.893245
v 3.317690 1.417005 4.536355
v 3.498902 1.437916 4.665401
v 0.490208 4.812193 0.205584
v -4.488736 1.893868 1.108614
v -0.492855 2.525145 5.192520
v -2.419963 3.172903 3.410701
v -4.433215 1.920046 1.265215
v 0.289405 2.337830 -3.047954
v 2.909032 3.399274 0.093043
v 0.198646 2.122566 -2.979767
v -3.782883 2.478118 -1.614928
v -1.908046 0.989642 5.505363
v -4.740730 2.555872 1.569623
v -1.969960 2.720466 3.862985
v 0.549658 2.670785 4.629033
v -5.125987 1.093089 -0.572333
v -0.060276 4.666283 1.035837
v 0.417718 2.674228 4.578906
v 2.306536 3.672130 1.605649
v -0.489314 2.724580 4.330967
v -3.037287 1.524500 -2.810261
v 3.092511 1.505717 4.645312
v 0.499108 2.609762 5.486908
v -3.911778 2.450182 -0.674341
v -5.564431 1.101245 1.659272
v 0.124023 4.920645 0.617973
v 0.171292 4.246407 -0.560780
v 0.533548 4.416435 1.613034
v 1.158925 4.297088 1.547964
v 1.877516 2.882079 -1.977161
v -4.428926 1.165664 3.718596
v 0.260259 4.338920 -0.436128
v 1.383223 4.428433 0.942369
v -0.524786 4.502357 0.186496
v 0.309355 4.327550 -0.525309
v -5.451895 1.477604 1.001482
v -4.102936 1.484177 -2.943565
v -0.253648 3.235515 3.661188
v -4.797883 1.744704 2.337936
v -2.834960 3.333598 1.791691
v -2.195272 2.282988 4.396015
v -5.000330 1.803361 2.439684
v 2.083888 4.178935 1.399037
v 0.747944 3.527646 2.829206
v -4.245118 1.449514 -2.543087
v 2.174010 4.076050 1.373852
v -1.479295 4.470476 -0.423237
v 0.825554 1.392639 -4.683083
v -2.434613 1.746212 -4.057004
v -3.493698 2.471601 3.209751
v 3.845136 0.915873 4.635978
v 2.842248 3.230802 -0.595754
v 4.044963 0.982213 4.366929
v 3.855916 1.033632 4.455441
v -3.992759 1.867197 3.836514
v 1.893780 4.333168 1.133551
v 3.921636 1.121097 4.344280
v 0.595970 2.510048 -2.132926
v -1.235451 2.038250 -2.688880
v -4.283381 2.671196 1.221741
v -1.483949 2.189085 -2.625827
v 4.385252 1.833214 3.160942
v -4.076640 2.238958 -0.368515
v 1.924960 2.940288 4.152262
v 0.281234 2.267146 -2.819183
v 2.150340 2.852896 4.028114
v 0.213142 2.451566 -2.578162
v 2.526568 2.953147 3.695961
v -3.531321 3.005111 0.147587
v -4.431984 1.281828 -2.601472
v -2.621258 2.367264 3.843844
v -3.895308 2.045555 -2.212057
v 0.587658 4.152258 -0.426002
v 4.284797 1.970577 2.031691
v 2.053652 1.590723 -3.516408
v -4.777916 1.623916 1.428422
v 3.351145 2.075242 -2.838652
v 0.979296 3.304206 -1.686397
v 2.045541 1.454532 -3.551369
v 0.334213 2.553468 -2.136681
v 0.207881 4.312267 1.757471
v 0.760522 3.309519 -1.727697
v -4.838415 1.062535 -1.219776
v -0.201138 2.785495 -2.030083
v 1.175262 2.830574 -2.083087
v 0.629821 1.721378 -4.207004
v 0.347829 4.202016 1.901650
v -3.082615 1.746742 -4.196039
v -0.333079 4.659263 0.120996
v -2.764937 3.340315 1.981666
v -2.613479 3.336014 2.362710
v 3.371874 3.047191 2.303008
v -2.792248 1.736242 -3.993299
v -2.067529 1.586693 -4.519693
v -1.288875 3.381826 -1.349959
v 2.279009 2.277527 4.654645
v 1.844234 3.761818 0.245416
v 5.068619 1.539214 1.581363
v -5.190591 1.595279 2.445382
v -4.491607 2.260220 2.278481
v 4.818734 1.557648 1.362027
v 4.550885 1.611078 -1.513885
v 2.655404 3.433663 -0.305501
v -0.645019 1.818235 5.321134
v -3.925106 2.393033 2.623504
v 1.852534 3.423899 -0.868459
v 4.466390 1.893888 1.182067
v -3.401445 2.883812 -0.742758
v 2.790036 2.009583 4.790904
v -3.537110 1.644172 -4.336462
v 5.029859 1.588400 0.884241
v -5.165239 1.474345 1.186830
v 4.923964 1.734962 0.364520
v 3.431953 2.839387 0.267195
v -4.855035 1.518420 -0.711735
v -4.030210 2.169813 -1.776137
v 3.167383 2.917366 0.063401
v -4.621300 2.087193 3.172060
v 0.548556 2.637869 -2.676541
v 4.820503 1.100619 -1.759574
v -4.650526 2.103638 3.042552
v -0.840456 3.677023 2.915947
v -3.566994 2.187085 3.687214
v -0.992655 3.573512 2.972569
v 1.075641 1.456991 5.564908
v -1.516739 3.370748 3.116314
v -1.581604 2.515026 4.679478
v 2.291063 2.396353 -2.727665
v 1.010115 4.442213 0.792117
v -2.493433 1.485101 4.754037
v -1.264299 3.112845 -1.905757
v -2.704079 1.102611 4.900598
v 0.430270 4.662193 0.683522
v 2.184685 2.534332 -2.407674
v 0.662294 2.380637 -3.054296
v 4.404235 1.896639 2.063737
v 3.579201 2.215230 3.148398
v -5.720591 1.269859 3.444492
v -4.583208 2.225739 3.009846
v 4.519096 1.559339 -1.180167
v 3.185047 3.136194 1.237102
v -3.604658 2.914515 1.556644
v -1.303165 4.096673 1.441132
v 2.980684 3.246057 1.309117
v 0.929532 2.848877 4.388358
v -1.132606 2.793411 3.976783
v -3.856537 2.322500 -2.089229
v -5.189489 1.412029 2.056095
v 0.864245 2.802808 -2.098488
v 4.383240 2.187311 1.505090
v 5.314836 0.904203 -1.501889
v 1.112030 2.579979 -2.148481
v -2.680076 1.357880 4.615157
v -3.636120 2.997304 1.840944
v 1.079561 2.769913 -2.136582
v -2.909834 1.559801 -3.637414
v 4.996650 1.025389 -0.665224
v 2.866035 3.094444 -0.542637
v -5.019768 1.717190 1.689395
v 1.955580 2.620100 -2.706283
v 4.544330 1.005282 3.032972
v -2.651523 4.047503 0.288131
v 4.770080 0.923438 2.944638
v 3.108199 2.842037 2.993802
v -3.143730 3.053830 2.004375
v -1.959982 2.048491 -2.782029
v 1.736134 3.144570 3.732964
v -1.920214 1.831447 -2.982878
v -0.327013 4.695786 0.523838
v -2.680790 3.951382 1.067544
v -1.709549 3.262414 3.271047
v -2.244488 1.904645 -2.928496
v 0.297025 4.737177 1.288217
v -2.406809 1.869331 -2.803421
v -1.918478 3.314082 3.249329
v 2.945487 3.279350 2.176154
v 3.872705 2.518020 1.682225
v -0.834970 1.604749 5.520705
v 3.877909 2.415312 1.024499
v 3.204757 3.228304 2.035232
v -0.848552 1.544765 5.678395
v 1.247124 4.372914 0.923267
v 3.855973 2.500300 1.190699
v -2.837197 3.747088 0.222949
v 1.194230 4.353755 1.307320
v 3.795431 2.612951 1.022653
v 1.120803 4.355842 1.221318
v -5.031216 1.697489 0.438665
v 3.751502 2.712373 1.733197
v 1.104441 3.720097 2.106442
v -5.103621 1.674649 0.492833
v 0.682609 3.675179 2.359189
v -3.711773 2.581219 -0.480613
v 0.892310 4.315228 1.441194
v 0.935587 2.579690 -2.252722
v 3.815510 1.149472 -2.873555
v 4.605316 0.954220 3.513234
v -0.045767 1.648299 -4.111771
v 3.021333 2.101575 -2.138251
v -0.140126 3.551212 -1.410182
v -0.092663 1.501996 -4.142296
v 0.727702 4.415586 -0.215415
v -0.032768 3.410204 -1.631578
v -3.979437 2.243604 3.020745
v -0.038136 1.412253 -4.054118
v -0.895414 1.719958 -2.791382
v -0.054775 3.327628 -1.647657
v 3.654550 1.345850 4.337273
v -1.362433 3.964576 2.513318
v -1.098385 1.573845 -2.979301
v 0.363412 2.018386 -3.340335
v 0.133138 2.059955 -4.505060
v -4.598337 1.129155 -4.266769
v 0.324056 3.338262 -1.638222
v 5.038627 1.410574 0.265964
v -0.270701 4.768867 -0.096195
v 1.655358 3.899482 1.606926
v 2.876022 2.242725 -2.139252
v 3.719383 2.802542 2.533868
v 2.771382 2.145659 -2.259757
v 3.734787 2.295133 -0.865611
v -2.541527 1.753258 -4.192629
v -0.683221 3.122498 3.542008
v -4.462200 2.068003 0.548134
v 0.199147 1.448035 -3.482696
v 0.106070 2.067036 -4.224405
v 3.137077 2.626024 -1.654484
v -2.910936 2.922325 -1.683364
v -3.341339 2.262194 3.480828
v -3.369391 2.250258 3.594357
v -3.009748 2.268479 3.815990
v -3.235954 2.225685 3.690912
v -0.209948 2.667866 4.529637
v 1.220590 4.429515 0.421531
v 0.714048 3.544282 2.626828
v -4.139181 2.584436 0.712829
v -4.213337 2.324121 1.799175
v -4.161241 2.124677 0.811569
v -2.085792 4.256049 1.216103
v -0.822397 1.246907 -3.957348
v -1.306191 1.190027 5.533943
v -3.849185 1.277362 -4.488564
v -1.904576 1.516862 -3.573795
v -1.235366 4.253685 0.909950
v -4.672943 1.787527 0.757514
v 1.775730 4.414077 1.263519
v -1.139542 4.319853 1.124920
v -4.729985 1.783816 0.901820
v 0.075498 3.219556 -1.824725
v -0.221325 4.634854 0.853823
v -4.543659 1.877336 0.740842
v 0.204527 3.172213 -1.913406
v 1.597791 3.759302 -0.434500
v -4.596128 1.887426 1.012162
v -0.169898 3.733948 -1.234549
v 2.777769 3.672897 1.622489
v -1.261404 2.092705 -4.217451
v 3.483642 2.481320 -1.084363
v 1.703176 2.819404 -2.017498
v -2.728880 1.772632 -4.298811
v -4.479281 2.151695 -1.262170
v -3.824655 2.956425 -0.208883
v -1.890434 1.564485 -3.887229
v 2.649004 2.193352 4.780650
v -4.480459 2.091709 -1.439997
v 2.160788 2.375317 4.460804
v -5.605097 1.085135 1.434029
v 4.335509 2.278130 1.569587
v 3.878404 2.312751 -0.803973
v -0.594080 3.553999 -1.189256
v 4.641794 1.546914 2.558311
v 3.227525 1.437579 4.841058
v 2.471036 1.771361 -3.119988
v -0.816651 3.544675 -1.215742
v 4.722019 1.423382 2.357305
v 3.911035 2.077755 2.975356
v -2.528311 2.638316 3.758675
v 3.602349 0.905651 5.070156
v 0.701511 2.670868 5.433501
v 3.028787 0.905561 5.287716
v 2.933878 2.755062 3.561926
v 4.635985 1.664008 1.056461
v 3.045983 2.702559 3.498079
v 2.765773 1.424893 5.193722
v 3.877038 2.559342 2.614575
v 2.546412 3.579841 0.741243
v 0.817049 2.427523 -3.266170
v 1.484129 3.995322 -0.195991
v 3.066258 1.863891 4.538330
v -1.221684 2.298902 -2.502888
v 0.992068 1.696725 5.580544
v 4.350324 1.722281 -0.339268
v 1.006766 1.563540 5.548933
v 3.189603 2.010634 4.346279
v -0.611955 2.532148 -2.243852
v -3.812320 2.903176 0.591524
v 4.347878 1.627616 -0.548924
v 2.799267 2.581502 -1.865849
v -3.209430 1.810730 -4.333744
v -0.453115 2.774491 -2.082011
v -0.109526 4.654178 1.396633
v -5.031279 1.922094 2.714294
v -0.998422 4.039925 -0.721651
v -3.259888 2.248153 -2.342601
v -0.743307 4.119527 -0.732820
v 4.521789 1.377655 -2.204779
v -2.204429 2.564706 4.027678
v -3.190853 1.663611 -3.183418
v -4.219390 2.218166 -1.258579
v -2.369159 2.723395 3.787407
v -0.228770 2.426490 -4.334040
v -3.463010 2.431304 3.339145
v -4.538918 1.019802 -3.089763
v -4.280840 1.100166 -3.155996
v 2.487319 3.255139 2.255075
v 0.497121 1.531894 -4.007103
v -0.692561 3.953115 -0.840334
v 0.004597 2.690156 4.803537
v -3.379691 1.532236 -3.340671
v 3.845649 2.054401 -1.237200
v 3.921949 2.541887 0.258074
v 3.879262 2.038261 -1.089494
v 3.881184 2.545273 0.499498
v -5.463635 1.447962 0.867960
v -1.569592 1.922957 -4.454880
v 3.819188 2.594245 0.864310
v 3.802816 2.596312 0.658618
v 3.178383 3.036749 2.510259
v -0.639487 4.284883 1.802292
v -0.687276 2.377364 -4.334722
v 3.490948 3.039378 1.397287
v 3.896243 2.331508 -0.692380
v 2.209818 3.173033 2.624690
v -4.353436 2.204711 2.806744
v 3.614831 2.887193 1.275494
v -0.202807 4.805490 0.269722
v 3.484329 1.215669 -3.016809
v -4.145132 1.062446 4.174870
v -2.852549 3.542208 1.527939
v 3.517461 3.033187 1.223062
v -5.047651 1.510385 1.138674
v -2.969989 3.574198 1.446429
v 0.231895 2.379352 -2.223522
v -4.344851 2.532710 1.567529
v 1.252470 3.545174 -1.289283
v 4.271863 1.930970 0.277382
v 0.194171 2.423873 -2.354210
v 4.371558 1.873402 0.365412
v 0.990542 3.969103 -0.662357
v 1.823198 3.260728 3.030253
v 2.060092 3.456573 2.047194
v 4.283720 1.973614 1.233093
v -3.620894 2.351944 3.111923
v -1.441025 4.472415 0.497811
v -3.823863 2.261341 2.956606
v 1.205147 2.579891 4.684148
v -3.098208 3.215684 -0.782401
v -0.248939 4.402740 -0.552129
v 1.040482 3.455006 -1.158804
v -0.066445 1.851621 -2.691253
v -4.690694 1.907147 -1.105178
v -2.734720 3.692971 1.467819
v -1.534949 3.676327 -0.872883
v -5.131673 1.474920 1.756857
v -4.671081 1.772285 3.390652
v -4.900905 1.640469 -0.131112
v -0.459296 2.006152 5.459171
v -4.447061 2.086923 3.421116
v -4.886287 1.725080 -0.099675
v -0.629996 2.230730 -4.587664
v -5.456716 1.165431 3.495607
v -0.805438 2.051378 -4.591775
v -0.283221 1.672249 -2.941076
v 2.278830 3.256463 2.355182
v 1.989565 3.068005 3.875620
v -0.153338 4.870851 0.112543
v -2.727760 2.227132 -2.550541
v 1.179861 3.338279 -1.337639
v 0.911676 2.445481 -3.311104
v 2.142003 3.117819 3.736003
v 0.872643 3.066553 4.030541
v -2.413874 2.182296 4.669726
v 3.918755 2.543653 2.264105
v 3.910325 2.326571 2.494169
v -3.806916 1.867808 -2.564078
v 4.217919 1.953375 -1.607560
v 3.816400 2.261440 2.840290
v 4.028204 2.066526 -1.688192
v 4.125793 2.158287 -0.182840
v 3.889589 2.371316 2.676218
v -4.705496 1.079004 -1.981746
v 3.776289 2.224455 -1.578368
v 2.873379 2.447453 -2.004975
v -4.744727 1.040632 -2.501691
v 1.905376 2.666453 -2.441695
v -3.370671 2.040045 4.155825
v -4.583110 1.078102 -2.412576
v 1.903887 2.600750 -2.531038
v -2.165286 1.456296 4.897028
v -2.653242 1.548099 -3.525226
v -2.675868 3.693860 -0.187398
v 2.041638 2.515408 -2.405214
v -3.538426 3.172895 0.290692
v -2.835745 1.509939 -3.441674
v -5.400503 1.148799 3.055385
v 2.607975 4.067482 1.099151
v 2.183734 3.363474 3.427126
v -5.484155 1.121983 2.988492
v 2.297186 3.363016 3.353845
v -5.595331 1.228295 1.106851
v -2.161134 4.404994 0.155976
v -5.630990 1.175935 0.979088
v 1.103925 2.737060 -2.487368
v -4.294903 2.281898 -0.400989
v 1.692563 0.991775 -4.152833
v -4.214222 2.323903 -0.216570
v -1.071384 4.485299 0.335701
v 2.885905 3.000021 2.876291
v 5.119334 1.145697 0.849641
v -1.818825 2.314476 4.513450
v -0.849546 4.377925 0.278688
v 5.165297 0.989324 1.118060
v -2.878781 3.625259 1.151157
v -2.332620 3.899704 1.667764
v -3.166505 3.274189 1.246926
v -1.756157 4.467381 0.468651
v -4.344347 1.164373 -2.804702
v -0.514502 1.818169 -2.631352
v 1.619654 2.929118 4.219080
v 3.806122 1.947517 -2.427606
v -4.276823 2.459269 2.203878
v 4.067318 2.433898 2.046714
v 2.408055 1.480650 -3.369865
v 0.517339 3.147533 3.754089
v -0.935462 1.519893 5.403935
v 2.579371 1.431594 -3.290049
v 1.564723 2.643240 -2.193738
v 0.505311 2.738504 4.852237
v -0.620245 1.206462 -3.969486
v -1.131230 1.383706 5.362947
v -1.188998 3.183093 -1.641506
v 0.500043 4.293877 -0.661734
v 1.378309 2.720977 -2.535287
v 2.801006 2.108035 -2.396113
v 3.208609 2.423782 -1.666324
v 2.903767 2.048096 -2.372509
v 2.256315 3.302570 2.219619
v 5.118809 0.979217 -1.887438
v -3.080931 1.526922 -4.441020
v -2.190169 1.691045 -3.911595
v -1.004852 1.937434 -3.973196
v 1.661898 1.777205 5.429957
v 0.878635 1.588826 -4.083979
v 3.547303 2.877724 0.407812
v 3.616495 1.325959 4.670072
v -4.665051 2.220824 -0.288202
v -1.103819 2.593817 4.208381
v 0.883048 2.505575 -2.199738
v -1.114389 1.227868 -3.600321
v -0.747662 2.647992 4.520715
v -1.152882 1.306787 -3.451673
v -0.079953 3.308180 3.813082
v -1.718298 2.089470 -2.675026
v 2.004123 4.316124 0.733097
v -4.768047 1.945839 3.167579
v -0.590736 1.301475 -3.413717
v 1.927923 4.375158 0.718656
v 1.748432 0.938002 -4.013417
v -3.121777 2.797285 2.899563
v 0.831988 2.936944 4.281296
v -3.229381 2.845387 3.029864
v 0.600884 3.037398 3.980384
v 1.473777 3.891706 1.717877
v 3.642335 2.303544 -1.527595
v 4.634230 1.628416 -0.721708
v -5.403799 1.368504 3.849502
v -0.499097 4.454327 -0.506731
v -1.907248 4.462353 -0.224874
v -3.921865 1.898070 -2.327903
v -1.665777 3.091144 -1.668827
v -2.115487 4.351831 -0.254235
v -2.626285 3.749657 -0.075367
v -4.091925 2.233913 2.485582
v 4.674627 1.585653 1.452415
v -1.785916 4.465887 -0.316874
v -3.688828 1.347347 -4.488478
v 3.147316 3.184623 2.454508
v -4.218110 2.323873 1.709579
v 4.253995 2.076287 0.131413
v -1.539128 1.189684 -3.923563
v 0.110208 2.331101 -2.464603
v -1.318731 1.133947 -3.868408
v -5.115088 1.685694 2.559184
v -3.919549 2.998044 -0.089727
v -5.095315 1.662273 2.369410
v -4.016379 2.996924 -0.049731
v 4.993939 1.609670 0.469563
v -0.414739 4.621747 0.574994
v -4.908623 1.470360 3.925550
v -0.561997 3.871245 2.658680
v -5.135890 1.467382 3.559309
v 5.134577 0.948770 -0.187924
v 3.628472 1.897602 -1.950860
v 5.146420 0.984703 0.093664
v -0.020760 2.262867 -2.421403
v -1.940613 2.654005 -2.314119
v 4.259977 2.084170 0.705347
v 5.227561 0.964096 0.360971
v -0.066773 2.339952 -2.376200
v 3.416646 3.063302 0.952981
v 4.066416 2.218776 -0.904455
v 1.475080 3.148802 3.863529
v 4.367206 2.070185 1.786261
v -4.985892 1.107033 -0.726541
v 3.297273 3.138487 0.950072
v -0.204499 3.444694 3.244600
v 1.797336 3.322073 2.335717
v -1.522675 2.137298 -2.500796
v 1.421162 2.641268 4.493063
v -3.485127 2.533268 -0.763084
v 1.785551 3.472990 2.059669
v -1.673958 2.167531 -2.555519
v 4.218135 1.984156 -0.445889
v 1.735897 3.514371 -0.763030
v -0.830401 3.802815 2.798315
v 3.513535 2.396957 -1.294444
v 0.752524 2.453573 -3.141154
v 0.637957 2.602608 -3.048565
v -1.532836 1.570526 -3.859520
v 1.583953 2.651380 -2.837539
v -1.635942 1.822563 -3.986081
v -0.704515 1.708721 5.384296
v -2.744969 3.829251 1.405207
v -1.090969 1.443461 5.245795
v -3.761072 2.653630 2.736604
v -0.700858 4.390148 0.047139
v 3.264383 2.652411 -0.676542
v 4.642190 0.909552 2.983113
v -1.417087 4.207622 1.156229
v 3.093939 3.302811 2.101298
v 1.296044 2.973693 4.285858
v -4.809312 2.152070 2.863705
v 2.565170 3.399174 1.918581
v -2.376009 1.178473 4.849057
v -2.257734 2.381935 4.191253
v 0.719248 2.637125 5.272094
v 5.160635 1.238100 1.267268
v -2.379535 1.759412 -3.973278
v -2.431122 2.393857 4.125747
v 0.419694 4.852554 0.514399
v 0.116884 2.104963 -2.689703
v -2.744162 3.440195 -0.567911
v 0.192165 2.177955 -2.896811
v -5.116888 1.403578 1.872615
v -4.295125 2.054257 0.970524
v -4.178478 2.054007 0.911158
v -3.660422 2.547581 -1.435733
v -4.345828 2.025412 0.887191
v 1.395761 1.525936 -3.844455
v -4.181927 2.210304 3.073906
v 1.571659 1.445374 -3.790957
v 1.689156 1.464744 -3.696748
v 2.563902 1.271595 5.300412
v -3.639585 3.181807 0.392486
v 1.264085 3.883969 -0.828961
v -4.671833 2.145545 2.716927
v -3.992239 2.459443 0.839948
v 4.335268 2.034645 2.801280
v -3.962312 2.326942 0.720824
v 2.990418 1.812899 -3.131208
v 3.669093 1.852497 -2.764494
v -2.617154 2.548554 3.814363
v 3.965018 1.814866 -2.592150
v -0.226294 3.009125 -1.911832
v -0.277855 1.742854 -2.822026
v 0.095806 4.819561 1.049816
v 4.183216 1.629562 -2.504375
v -0.593881 1.856486 5.543234
v 0.009069 4.779083 1.032708
v -4.332642 2.293843 -0.543702
v -1.863626 1.573725 -4.560287
v -3.957594 1.345014 -4.484834
v -4.160896 2.309840 -0.512964
v 3.247523 2.120579 -2.840108
v -2.618146 3.935199 0.040306
v -1.156788 2.189627 -4.433078
v 0.924927 4.277338 1.331542
v -0.733700 4.642538 -0.281192
v -3.471921 3.162019 -0.324192
v -5.257384 1.590532 2.949947
v -1.183814 4.075114 1.764082
v -1.823555 3.691669 -0.823410
v -0.998403 4.174881 1.990967
v -0.782858 2.336702 -4.223777
v 2.433768 3.146490 -1.534666
v -1.941326 3.568760 -0.852348
v 3.069187 2.663897 -1.172692
v 2.102197 3.156674 -1.609148
v -3.850411 1.425573 -3.611300
v -3.262154 2.787541 2.526063
v 2.442597 3.184890 -1.616432
v -2.353220 3.967863 -0.322129
v 2.583287 3.230521 -1.340298
v 3.749560 1.212821 4.030986
v 0.344279 3.113592 3.848485
v 4.971694 1.582758 -0.017935
v 2.285095 2.228116 5.201215
v -4.977364 2.013424 1.720277
v 3.617146 1.581270 3.993852
v 2.546478 2.134000 4.933737
v -4.858666 2.043126 1.601979
v -3.899722 2.568557 0.705224
v 1.069191 2.786838 -2.964173
v -4.744782 2.287154 1.540026
v 2.232611 3.975301 0.885367
v 2.509709 3.254201 -1.853014
v 2.272601 3.944712 0.771477
v 1.111959 3.945113 -0.464105
v 1.188047 4.002998 -0.406101
v 1.063323 4.023202 -0.339878
v 2.748245 3.851315 1.310324
v 2.794460 3.751871 1.446617
v -3.749340 3.018713 -0.052133
v -1.655531 3.818885 1.904399
v -0.351539 4.709110 0.663725
v -1.732397 3.902978 1.917435
v 2.843293 2.058777 -2.946541
v 0.888149 3.388555 2.900997
v -4.889175 2.027123 3.034534
v 2.787957 1.958955 -3.164284
v -1.620021 3.829807 1.995252
v -1.674891 1.161145 5.359993
v -1.864764 3.603449 2.825809
v -1.579896 1.279043 5.297338
v -1.453212 4.502986 0.638994
v -1.487309 1.297393 5.222217
v -3.470624 2.647561 -1.590794
v 0.394860 2.937514 -2.168628
v -2.850080 3.309168 1.952753
v 1.635131 3.353282 2.417037
v 0.745162 1.958938 5.601186
v 0.882444 4.473852 0.901050
v 0.969158 2.006935 5.533740
v -3.525444 2.552404 -1.683319
v 0.215002 1.997003 5.637224
v -3.373336 2.605370 -1.693086
v -1.806510 3.737455 2.476731
v 2.183967 4.132954 1.014247
v 1.124751 2.643525 5.292122
v -4.255444 2.107272 -1.504005
v 0.998994 1.637079 -4.049794
v 1.176584 2.598369 5.025392
v 2.102980 4.243577 1.176166
v -1.939670 2.257639 -2.543309
v -3.493301 1.478057 -3.785194
v -2.677273 3.849179 0.581823
v -2.845561 3.781679 0.574160
v -2.563193 1.680262 -3.246284
v -2.182967 1.560602 -3.213589
v -4.351974 1.725315 -2.273736
v -2.094094 1.893093 -4.371580
v 4.967999 1.609496 1.801191
v 4.201459 1.927304 -0.821330
v -1.635335 4.336395 0.975588
v 3.648581 1.904349 -2.338991
v -3.739236 2.889904 0.541111
v 0.730215 3.878873 -0.849885
v 3.881729 1.770248 -2.194858
v -3.345597 2.797902 2.332201
v 1.546417 4.080347 1.564358
v 3.965762 1.963852 -1.300313
v -1.771916 4.257046 -0.396889
v -3.082262 2.129760 3.976671
v -4.557599 2.253141 0.147541
v -3.005310 2.200035 3.874379
v 4.735414 1.794205 0.015358
v -2.281277 4.178221 0.383880
v 1.648138 4.123449 0.596907
v 4.511677 1.743451 -0.183883
v 1.656123 4.256537 0.737365
v 0.508480 4.656613 1.352562
v 0.367000 4.656919 1.354310
v 0.444652 4.764510 1.198708
v -5.593150 1.130528 3.575325
v 3.157418 2.829742 -0.312468
v 0.085696 2.467874 5.577856
v 3.226496 2.764405 3.184702
v 3.450366 2.808281 -0.238021
v -4.613266 2.394845 1.920206
v -3.297140 2.725301 -0.968514
v 3.283715 2.866724 -0.159523
v -4.735076 2.309890 2.230725
v -4.887478 1.720777 0.825054
v -4.199166 2.655181 0.380796
v -3.693260 1.555131 -4.307530
v -4.624902 2.280629 2.102521
v -1.276380 4.289418 -0.503883
v -3.876158 1.493393 -4.071877
v -0.130932 3.728533 -1.019689
v 0.060649 3.757488 -0.936422
v -3.785314 1.548689 -4.200357
v 3.215488 1.311793 -3.193531
v 0.954693 4.094865 -0.985378
v 0.167227 3.836823 -0.783253
v 0.482866 1.584411 -3.884952
v -0.056236 2.566524 -2.162653
v 1.000149 4.152913 -0.797109
v 2.575864 4.018784 1.411334
v 3.659955 2.503371 2.759812
v -0.359567 2.085531 -4.222795
v -0.524150 1.982933 -4.163064
v 0.008486 3.327406 3.710506
v -4.094482 2.222278 3.366178
v 3.537473 1.148048 4.794873
v 3.993840 1.239965 3.779197
v -3.830557 2.329783 3.452196
v 2.588121 2.500260 4.234955
v 3.604794 2.891060 2.048659
v -2.646227 2.874776 -1.837263
v 2.994558 2.381667 4.195093
v -3.581573 2.842532 0.148589
v 0.333369 2.677249 4.672730
v -1.825724 2.453785 4.188449
v -0.538900 4.383410 1.504975
v 1.266281 4.243794 0.051028
v -4.371138 1.975801 1.071820
v 4.771645 1.489351 -1.319314
v -0.285595 4.478923 1.316763
v -1.274094 2.182161 -4.363318
v -3.627880 2.534897 -1.325359
v 3.673604 1.228302 4.326196
v 0.200450 1.929851 -4.660453
v -5.421863 1.286539 2.560142
v -4.440923 1.041869 -3.513695
v 2.634847 1.852695 5.197742
v -3.233147 3.243312 1.393812
v -5.228966 1.528240 0.899191
v 0.070227 4.624079 1.440955
v 4.745764 1.767448 -0.505574
v 2.389182 3.210332 3.352344
v -5.173194 1.332668 1.508687
v 3.129028 2.596491 3.530465
v 3.298188 2.320951 3.621399
v 1.832630 2.393898 4.739976
v 4.239373 1.856721 -1.685532
v -3.927996 2.685688 0.727310
v -5.551217 1.178216 3.181051
v 4.232255 1.754359 -1.779553
v -3.880754 2.721293 1.616760
v 4.348950 1.740147 -1.761887
v 2.052793 4.092825 0.948054
v 0.612074 2.647968 -2.987573
v 0.886478 2.632485 4.954925
v -4.605443 1.913287 0.604262
v 0.402477 4.766576 0.122485
v -0.026278 4.734457 0.588235
v 1.314326 3.173453 -1.709773
v -2.053220 1.527079 -3.550248
v 0.024184 4.852976 0.604163
v 2.320190 2.904826 3.923264
v 1.765128 2.696957 -2.496964
v 0.586561 1.976186 -4.260431
v 4.701138 1.791152 2.225911
v -1.412566 2.937459 3.854753
v -0.032860 2.680614 4.518325
v 2.948376 2.103139 -2.871394
v 0.474301 2.182889 -3.416573
v -0.739598 2.874856 4.000822
v 2.779030 2.180130 -2.787831
v 0.664210 2.383554 -3.401163
v -3.280191 2.874590 2.378527
v -2.513412 4.019197 1.527165
v -0.953442 2.187973 -4.085091
v -2.519611 4.180971 1.137445
v -3.559447 3.024463 1.150454
v 1.180220 3.326531 3.335307
v -2.596154 4.105349 1.294308
v 0.160103 4.042567 2.151947
v -3.453715 2.964931 -0.708998
v 0.603120 4.227517 1.853293
v 0.033390 3.951890 -0.721097
v 3.428563 2.759593 2.682932
v -1.287156 2.480038 4.625624
v 1.702247 3.278180 2.609628
v -3.968662 2.830288 0.795228
v -3.405048 2.628712 2.815114
v -3.559366 2.501056 2.762531
v 2.716471 3.803550 1.584193
v 2.879169 3.450546 1.374840
v -1.496679 1.217741 5.476774
v 3.828565 1.662858 3.804671
v 1.657322 2.511882 5.067059
v 4.497691 1.992743 2.268732
v -5.535634 1.306455 0.295159
v 1.593619 2.508718 5.149102
v 4.468527 1.854228 2.926559
v -3.793688 1.320961 -3.202940
v 4.389875 1.951395 2.958030
v -4.035854 0.921322 4.677455
v 4.420049 1.433802 -2.081713
v -3.486773 1.015663 4.829355
v -3.259717 1.017447 4.858385
v 1.846356 4.370300 1.278868
v 4.077410 2.004682 3.187523
v 0.318015 2.277382 -2.950490
v 2.056124 1.770270 -3.302300
v -5.022243 1.807593 1.943730
v 3.444210 2.514529 -1.190805
v 1.619698 2.000355 -3.389813
v -4.965671 1.651616 1.923220
v 0.817338 4.331709 1.655396
v 0.862031 3.949450 -0.988932
v -3.834787 2.310868 -0.420009
v -2.958215 3.051943 -1.400103
v -3.858498 2.234969 -0.475705
v -2.764382 2.457632 -2.354187
v -0.371431 1.304919 -3.565733
v -3.797412 2.189112 3.762012
v 0.712444 4.300558 -0.356975
v -0.208197 1.276825 -3.840348
v -5.517252 1.332477 0.155844
v 2.071575 3.779123 0.521607
v -3.827230 2.193629 3.595377
v -3.063944 3.161490 -0.899852
v -0.239706 1.290835 -3.644565
v 0.580018 4.078600 -0.681444
v 4.684072 1.185969 -2.004062
v 3.075287 2.819564 -1.379074
v -5.235970 1.535521 3.659511
v -0.088665 1.968562 5.638565
v 4.047301 2.139085 0.408308
v -0.575489 1.607509 5.667016
v 5.087757 1.478215 1.174555
v -2.157124 2.963579 3.603117
v -0.716291 1.647345 5.685603
v 2.289707 3.191524 -0.703541
v -0.139676 3.055387 3.970071
v 2.469490 3.193613 -0.752122
v -1.643406 3.772268 2.076407
v 0.373282 1.837051 -3.577052
v -2.869102 2.963273 3.087282
v -2.334812 2.494597 4.025608
v 2.683224 3.187180 -0.961423
v 3.786467 0.919550 4.733673
v 1.684465 3.213795 -1.407842
v 2.638942 3.423158 0.517333
v 4.100853 1.085989 4.167115
v -4.315339 2.207247 3.252779
v -1.139138 2.688475 4.875034
v 3.883935 2.418854 0.558177
v -3.439402 3.121594 1.202231
v -1.111014 2.693856 4.815185
v -3.197893 1.664492 -3.419422
v 2.026453 3.798736 1.519076
v -3.152167 2.998017 -1.209005
v 0.004207 4.753715 -0.033164
v 1.919709 2.387996 4.596038
v 2.137776 3.959970 1.356615
v -1.958893 1.593028 -4.056281
v 0.442397 3.629335 -1.060574
v 1.730389 3.105425 4.025600
v -3.575375 1.505367 -4.159926
v -4.872787 1.598454 2.221249
v -3.428224 1.365309 -4.044214
v -4.191340 2.485871 -0.175165
v -0.524776 1.839718 -4.091832
v -2.474983 3.645980 1.822011
v -0.227475 2.049629 -4.721263
v -4.161532 2.713116 -0.028758
v 4.270620 1.996533 0.118403
v -4.731279 1.728842 3.388357
v -3.759551 2.957598 0.853388
v -0.704910 2.351106 -4.507805
v 4.259027 1.567824 -2.115137
v -2.992670 3.492969 0.856394
v 3.822414 2.165781 2.851420
v 4.361652 1.832376 0.494096
v 1.972062 3.173315 3.679514
v 4.633164 1.750826 0.788575
v 0.504863 2.521033 -2.924528
v -5.223983 1.957524 3.028930
v 4.484794 1.732876 0.671333
v -0.144805 3.559215 2.945867
v 2.341210 3.855476 0.555022
v -5.254621 1.822621 2.901284
v -3.109754 2.233008 3.755167
v 2.327369 3.684855 0.143841
v -3.952621 2.323317 -1.242741
v -5.268939 1.596230 3.106363
v -0.153176 2.711190 5.141595
v 1.253626 2.975793 -2.070283
v -2.736572 3.631722 -0.011572
v -1.860638 4.391672 0.113577
v 0.258405 4.853012 0.137143
v -0.768851 4.438269 -0.584888
v -5.233575 1.591041 2.764885
v 0.384610 4.427712 -0.230353
v -0.946032 4.505237 -0.541526
v -4.312745 2.202624 2.606909
v -4.614370 1.226247 -1.959887
v -5.532751 1.055475 2.742554
v -2.542931 1.448146 4.643220
v -0.184145 4.347378 1.711916
v 1.877524 4.049546 0.643847
v -0.029044 4.335440 1.747215
v 0.120150 3.258091 3.615339
v -3.471304 2.483780 -2.150826
v 4.672464 1.059272 2.701074
v 3.506293 2.962422 1.677298
v -3.709421 2.437999 -2.024534
v 3.232510 2.066347 -1.989199
v -3.592729 2.782608 2.332318
v 0.745324 2.657662 -2.442217
v 3.411675 1.992675 -2.238737
v -3.826731 2.666047 1.956121
v 4.247621 1.954913 -0.686716
v -5.420953 1.606142 0.318259
v -3.919700 2.724234 1.954492
v 1.408549 3.342259 2.597329
v 2.768926 2.486351 3.829571
v -4.171668 2.417593 -0.148354
v -3.833859 2.809797 2.120537
v 0.029148 1.678263 -3.016133
v -5.144269 1.446517 3.797853
v 4.465318 1.201933 3.126264
v 2.760627 2.576280 3.629814
v -3.794607 2.736018 2.365399
v -5.073528 1.496826 3.884363
v 1.055713 3.364831 3.340184
v 3.494565 1.414808 -2.970932
v -1.380509 1.287176 5.420168
v 3.298276 1.268365 -3.107401
v -3.872329 2.773818 2.275892
v -0.066907 4.807394 0.924746
v -0.895940 2.366445 -2.394572
v -1.723964 1.438086 -3.549832
v -2.369001 1.518993 -4.536340
v 2.120847 2.707029 -2.057301
v 0.456969 1.905147 -4.522900
v -4.816708 1.666936 3.604635
v 2.011399 2.525726 -2.016916
v -0.387066 4.493608 0.492980
v -2.981807 3.214298 1.779346
v 2.081811 2.529689 -2.066382
v -4.870977 1.574515 3.763801
v -1.126171 4.295476 0.758226
v -0.659114 4.381624 0.620079
v -5.509993 1.360669 0.545531
v 2.668404 2.467826 4.281135
v 4.636440 1.625084 -0.998798
v -0.469571 4.513536 0.401008
v -5.617663 1.313574 0.666172
v -0.233903 2.407008 -2.243885
v -2.982290 1.586160 -3.868261
v -5.314633 1.238544 1.878892
v -2.652352 1.757047 -3.984927
v 1.610901 1.003929 -3.925071
v -4.596108 1.027348 -2.775550
v -4.222967 1.784365 -2.254846
v 3.368958 2.833408 0.040668
v 3.189379 2.552232 -1.211266
v 0.625099 2.272391 -3.082785
v 0.854740 2.602230 -2.110163
v -0.407147 1.284573 -3.798287
v -2.907755 1.693244 -2.731113
v 4.907544 1.473660 -0.846980
v -1.597112 2.258251 4.887674
v -0.411019 4.369797 0.934318
v 2.059014 3.656249 -0.300746
v 4.932857 0.935195 -2.199945
v 1.956814 3.583439 -0.434728
v 3.881295 1.249706 -2.721979
v 2.136780 3.327771 -0.537417
v 4.084963 1.343530 -2.668407
v 2.214746 3.378845 -0.491421
v -3.749881 3.038669 -0.368601
v 2.929935 2.662714 3.582375
v 2.003712 3.450343 -0.533810
v 1.945186 1.264794 -3.691315
v -3.268733 1.787167 -4.008636
v 2.620073 2.557298 -2.198610
v 5.086659 1.546697 1.016751
v -3.190253 1.601917 -3.955349
v 0.287002 2.843666 4.174524
v -1.136829 3.881575 2.738072
v 5.073034 1.566020 1.126777
v -3.189298 1.710371 -4.076184
v 2.964433 2.884203 -0.379488
v -0.705967 3.851187 2.665806
v 2.799341 2.175690 -2.604618
v -4.637549 1.891217 -1.372500
v -1.787143 2.546021 4.093373
v 0.253451 2.446976 -2.691201
v 4.562578 1.593758 -1.689102
v -4.362112 2.195509 2.889096
v 2.279885 3.193954 2.707525
v -3.592986 2.423091 -0.611500
v -3.494592 2.984232 -0.023334
v -2.971591 3.522034 1.520979
v -5.118886 1.526765 1.073812
v 0.568610 4.368637 -0.561856
v -3.490786 3.193131 0.490603
v -4.223105 1.721728 -2.360807
v 1.409195 1.811883 5.482686
v -2.048571 4.289177 0.837095
v 5.134110 1.231211 0.938833
v 1.489449 1.899731 5.427956
v 5.085486 1.450768 0.846356
v -3.764256 1.601284 -2.809628
v 1.851660 1.960623 5.374458
v -4.895336 1.804266 1.081924
v -1.848584 1.657357 -3.058903
v 1.427028 2.041507 5.461823
v -1.190329 2.313105 -4.322290
v -5.305826 1.329561 1.382354
v 0.100268 4.922417 0.841758
v -1.879007 1.586115 -3.153081
v 1.206021 2.070415 5.491366
v 1.447819 1.115475 -3.976406
v 2.673835 2.005094 -3.052584
v 2.672563 1.980720 5.158349
v 1.385157 2.169278 5.410440
v -1.880661 1.440290 -3.219745
v -2.026766 3.705001 2.253086
v -4.196644 2.767527 0.215379
v 1.293032 2.344809 5.431034
v -1.738484 1.436674 -3.236917
v -0.038588 2.488803 -2.169923
v -0.578566 3.385182 -1.571829
v -1.772402 1.402424 -3.319290
v 4.311412 1.829558 -1.209377
v 4.032050 2.116363 0.267229
v -4.957720 1.362420 -0.706565
v 2.698733 3.210963 2.335487
v -3.122547 2.709658 3.278344
v -3.330013 1.581213 -3.511068
v -5.289693 1.268859 2.949723
v -5.024406 1.431388 -0.296804
v 0.553957 3.166969 -2.094622
v 5.243098 0.927973 -0.717363
v -5.484467 1.132717 2.629977
v -1.891462 2.439458 4.263051
v -2.033353 1.790190 -4.026626
v -1.085712 4.602363 -0.190158
v -1.984779 2.423015 4.298374
v -2.349258 3.454836 2.703339
v -4.209971 2.092923 1.092106
v -2.368263 3.462526 2.816925
v -0.927992 2.368085 5.095847
v -4.304636 2.119884 1.199901
v 2.881063 3.384519 0.224545
v -2.827317 3.423175 -0.708220
v -2.046855 4.402743 0.221364
v 5.045385 1.027977 -0.835050
v -2.167008 2.678552 3.902327
v -5.436961 1.261360 3.641231
v 0.470782 3.287220 -1.738808
v 0.215261 3.124105 3.824378
v -2.371571 4.200508 -0.105891
v -3.315821 1.520036 -3.609632
v 3.683455 2.699163 1.298226
v 3.866163 2.620607 2.309075
v -0.737333 4.150599 1.408240
v -3.107231 1.529585 -3.533025
v 5.037543 1.145287 1.859152
v 3.965069 2.486823 1.929023
v -2.146504 1.933353 -4.158761
v -2.496517 3.731892 1.700407
v 0.532862 4.812651 0.487461
v 5.060374 1.161999 2.016582
v -2.433759 3.871032 1.675191
v 2.335144 4.162975 1.319725
v 2.967311 2.855496 -0.830498
v -1.963713 1.972945 -2.907152
v 1.631242 4.482631 1.325773
v -4.871525 1.729834 3.251018
v -3.369726 3.242328 0.628764
v -0.504286 3.969143 -0.811677
v 3.746238 2.742118 0.643397
v -1.529085 3.192010 3.453723
v -2.182027 4.215590 0.861088
v 1.121678 3.317151 2.982549
v -1.755288 2.036383 -4.263244
v 3.382469 3.060508 1.258499
v 2.890580 3.756269 1.480675
v -1.685339 1.974990 -4.116437
v 3.307641 3.031057 2.368922
v 2.868982 3.640472 1.404799
v 4.240353 1.612055 -2.280224
v -4.996358 1.986408 2.795028
v -3.522829 3.035506 1.877299
v -1.384005 2.972957 3.745636
v 0.681942 2.676586 -2.920487
v -2.752545 1.787882 -3.944083
v 3.744426 0.906980 4.935098
v 3.964139 0.879021 5.032640
v -1.414877 3.898220 2.304663
v 3.001451 2.473949 4.100540
v -4.222647 2.251451 -1.069993
v 1.135795 1.177157 -4.179075
v -3.863456 2.389505 -1.034173
v 1.034270 1.311672 -4.255865
v -4.204576 2.304325 -0.619296
v 1.243686 3.624406 2.228480
v 4.214947 1.878911 -0.959800
v 3.922568 1.953591 -1.748444
v 3.013369 3.373274 1.895350
v 3.891066 1.831266 -1.852084
v -2.520368 1.932185 -2.726729
v 2.422619 2.448526 -2.327443
v -2.231744 1.993178 -2.757238
v 2.805951 2.944697 3.072402
v 2.552037 3.656160 0.921702
v 0.297290 2.746431 -2.189806
v 1.590595 2.978775 -1.927226
v 1.570325 2.603700 -2.104096
v 1.470058 3.072602 -2.017176
v 3.246191 2.734937 -0.593233
v 3.215495 2.693836 -0.778960
v -4.304740 1.174095 3.808396
v 3.028013 2.834089 -1.667633
v -4.327088 1.329512 3.721097
v 2.288691 3.325233 3.489636
v -4.630891 1.124751 3.745580
v -1.883381 1.183515 5.059510
v -4.136431 2.049142 -1.551128
v 1.361297 3.310374 3.266166
v -2.186987 3.309937 3.253755
v 1.900946 2.403003 5.076696
v -2.356577 3.574995 2.572940
v 1.713109 3.298220 3.333260
v -4.244725 1.228248 -2.754834
v 1.583123 3.241682 3.255613
v 0.792584 4.372888 -0.624191
v -0.108181 1.407332 -3.510281
v -1.083536 4.192729 1.739489
v 2.295728 2.560604 4.067019
v -0.372368 1.353409 -3.513470
v -2.311693 2.772295 3.665482
v 2.444070 2.508944 4.133494
v -5.111135 1.480356 3.314603
v -2.446774 2.971549 3.505917
v -5.037210 1.569744 3.713488
v 0.859974 4.533966 0.682240
v 2.552751 2.538967 3.961188
v -3.067466 2.123880 3.825740
v -4.151481 1.642374 -2.753566
v 1.745115 3.441743 -0.835913
v -4.205543 2.173744 2.678793
v 4.039619 2.161352 0.808856
v -4.177137 1.195004 -3.513793
v -1.308762 2.108495 -4.410156
v -4.218867 2.215863 2.744221
v -3.576007 1.551007 -3.412317
v -3.270231 2.088024 4.055664
v -4.959350 1.672772 3.514561
v -2.847637 2.778540 3.527838
v -3.023385 3.468668 1.210288
v 1.956579 3.242352 3.133804
v -3.574903 1.336607 -3.234708
v 0.552651 1.999954 -3.710067
v 0.290559 3.568655 2.837013
v 2.757413 2.111518 4.754033
v 1.434610 3.686054 2.025013
v -4.454135 2.099900 1.321012
v 2.860897 2.042985 4.611042
v -3.846166 1.120272 4.185444
v 1.087744 2.329576 -3.379744
v 5.006813 1.009619 -1.207295
v -3.857793 1.056664 4.355039
v 1.406152 2.525291 -3.111620
v -2.969721 2.352497 3.605120
v -4.665125 0.963178 4.287427
v 1.854409 2.553367 -2.866329
v 2.574579 3.280258 -1.550785
v 2.639719 3.244208 -1.152861
v -1.472387 2.433623 4.571583
v 2.639867 3.221803 -0.779343
v 4.448413 1.038957 3.525562
v -1.082866 3.154685 -1.862502
v 4.227000 1.099777 3.680865
v -4.161899 2.788625 0.569810
v -1.774392 3.843124 1.882160
v -3.999915 2.252373 -0.299044
v 4.677290 1.484683 -1.706469
v 1.008477 1.415151 -4.201005
v 4.238749 2.057512 0.821254
v -1.335325 4.617563 0.287529
v 3.660100 2.164597 -1.635420
v 0.642534 4.470453 1.149802
v 3.466923 2.091839 -1.871968
v 5.079323 1.031977 0.177181
v 4.561879 1.943281 2.449888
v -4.538028 2.008221 -1.556534
v -3.641080 1.450975 -4.428084
v -4.226460 1.862486 3.654298
v -3.921795 2.515782 2.157875
v -4.604328 2.194780 -1.055550
v -5.467689 1.351878 1.067969
v 3.850856 1.996034 3.563073
v -4.062325 2.549913 0.939493
v -2.752988 2.042995 4.546616
v 3.828588 2.175638 3.446784
v -5.430739 1.394948 -0.120631
v 3.909420 2.558664 -0.456490
v 1.256108 3.774271 -0.995550
v -3.066522 3.592259 0.526402
v 1.286554 3.648712 -1.114577
v -0.825414 4.190324 1.642299
v -1.108410 2.205812 -4.178755
v 3.910766 2.520398 -0.276071
v 0.390342 2.901636 4.178564
v 5.027122 1.636468 1.722496
v 0.272070 2.992764 4.110487
v 2.987941 2.007951 4.561673
v -3.639464 1.248966 4.178862
v 0.288255 3.020342 4.014596
v -2.580543 3.687769 -0.427178
v -3.143974 1.538701 -2.725261
v -3.175452 1.254871 4.402793
v -2.691526 2.067963 -2.616643
v 0.708240 3.747192 -0.961665
v -2.297380 1.865535 -4.128619
v -3.552571 1.499784 -2.724957
v -4.878110 1.852788 1.145549
v -1.677636 3.762391 2.707622
v -3.323500 2.876717 -0.970917
v 0.648234 2.208655 -3.670897
v -1.645036 3.864985 2.645365
v -3.334267 2.857252 -0.842397
v -4.555707 2.140114 3.081831
v 0.778218 2.049749 -3.837667
v -1.197663 4.574606 0.254601
v -3.219755 3.032909 -0.751374
v -4.984199 1.599783 -0.059287
v 0.689811 2.066025 -3.829825
v -1.171655 4.560896 -0.105563
v -1.236817 2.798126 -2.285211
v -2.098483 2.125249 -2.652396
v -1.255885 4.591643 0.129587
v 0.310384 3.331469 3.447789
v 1.789726 2.395607 -3.024791
v -1.840408 2.065674 -2.803744
v 0.213531 3.326653 3.520363
v 0.884558 3.428287 -1.344360
v 4.582003 1.368392 2.741168
v 3.399979 3.012275 1.854677
v -2.408209 2.162271 4.551908
v 0.819682 3.628952 -1.035267
v 0.144255 4.625506 -0.190958
v 4.630003 1.644408 2.491781
v -2.281753 2.289656 4.484663
v 0.047890 3.467908 3.188827
v 4.565620 1.308319 -2.053887
v -5.414831 1.354631 -0.201524
v -3.860544 2.534932 2.372890
v -3.997008 2.469921 -0.242076
v -0.064770 2.404300 5.593277
v -5.479618 1.339700 -0.061872
v -3.593376 2.772656 2.426749
v -3.664795 2.645179 2.702597
v 3.796041 2.418353 2.749043
v -3.232558 3.260443 1.711090
v 2.558143 3.202337 -1.869525
v 1.037491 4.604513 0.468569
v -4.315777 2.289152 -0.933286
v -4.849936 0.922805 4.456628
v 0.619632 4.675396 0.468912
v 0.179495 1.702222 -3.258845
v -2.124693 3.369335 -1.010543
v 0.095544 1.716474 -3.096352
v -4.843485 2.490782 1.672128
v -5.035388 1.627122 0.762777
v -1.648150 3.311078 -1.257785
v -0.237570 1.829199 5.664007
v -5.047448 1.603429 1.706504
v 4.566056 1.777456 1.314595
v -3.430761 1.776881 -4.301421
v 0.915444 2.807460 -2.974949
v 0.052914 4.214284 1.917019
v -3.659878 1.522824 -3.561482
v -2.280377 4.104009 1.443477
v -2.117372 4.305438 1.101359
v -5.424227 1.190713 4.008735
v -0.554519 2.478743 -4.487491
v -4.232358 1.561157 -2.432197
v -4.949722 1.046167 -0.811677
v -3.488863 2.683063 2.638184
v -2.651887 1.602049 -3.682174
v -4.886571 0.891849 4.739541
v -1.029853 2.968781 -2.147331
v -2.483089 1.585322 -3.589772
v 2.167899 2.265285 4.932153
v 4.926329 1.026418 -0.991393
v 4.883281 1.047189 -1.306633
v -5.239898 1.955045 3.134527
v -3.698816 1.786988 -2.620879
v 0.530862 1.645123 -4.574592
v 0.596391 1.555683 -4.535776
v 1.084902 3.979877 -1.011713
v 1.161320 3.516154 -1.180700
v 2.732646 2.069468 4.885174
v 1.388847 3.564183 -1.098587
v -1.550920 2.477893 4.384906
v -4.196200 2.668889 1.272287
v -2.461362 3.800623 1.849614
v -1.182598 1.842727 -3.921582
v -0.269204 4.451802 1.207279
v -2.973688 1.733642 -4.342456
v 0.464176 1.658403 -4.102687
v -3.031433 1.711204 -4.373078
v -1.015669 4.352972 0.390623
v -0.003659 3.515058 3.273926
v 1.543106 2.148938 -3.311962
v -2.754489 3.473426 -0.380773
v -3.416494 3.248593 -0.094513
v 3.035094 3.366952 1.589776
v -2.750237 1.639540 4.541710
v -3.395162 3.334558 0.145027
v -1.554322 3.238062 3.331095
v -4.866942 2.160276 2.190429
v -3.129774 1.920900 4.309953
v -3.974416 2.296333 0.849184
v -1.136670 3.381420 3.176925
v 4.749321 1.077718 -2.083899
v 0.579866 3.084539 -2.127506
v -0.875520 3.258256 3.415138
v 0.757885 4.454305 -0.051469
v -0.519907 1.253163 -3.657977
v -3.876959 1.266970 -3.396048
v -0.550649 3.385142 3.238013
v -0.356424 2.645457 5.119891
v 0.291365 2.658674 4.828688
v 1.098052 4.397360 0.733919
v -0.851496 2.636222 4.335408
v -4.960154 1.805577 1.630353
v -3.445665 1.810707 -2.454839
v 4.044674 1.773377 3.570883
v -0.704562 2.662451 4.298194
v -4.827232 1.933735 1.601584
v 1.981395 2.657018 4.237763
v -3.025537 1.913172 -2.551620
v 2.903928 2.906578 -1.077358
v 1.501289 2.478734 4.965191
v 1.834654 2.420292 4.416461
v 3.061669 2.824035 -1.214953
v 2.450394 2.158985 4.781769
v -1.260568 3.503998 -1.203151
v 3.601242 2.897819 1.780681
v -1.734413 1.971770 -2.861669
v -4.215102 2.600908 -0.106127
v 3.933680 2.404481 0.842200
v -3.805831 2.894867 0.260305
v -4.881048 2.052332 2.608162
v 1.426328 4.483113 0.876817
v 0.212099 1.433841 -3.698773
v 2.685982 3.436764 -0.450998
v -2.667027 2.237668 4.166927
v -3.795718 2.351041 -1.540374
v -5.152915 2.008499 3.027933
v 2.110375 2.208947 5.293971
v -5.624087 1.267393 0.529154
v 1.670973 3.280362 2.725361
v 4.728861 1.676062 1.800746
v 0.766440 1.663405 -4.199906
v -1.011374 1.361858 -3.970875
v -1.273243 2.046941 -3.933814
v -2.317707 3.641018 2.677825
v 4.820984 1.601578 1.935274
v 1.250301 3.034979 4.119348
v 3.382111 1.368949 4.794844
v 3.326903 2.707037 2.877481
v -4.148864 2.729193 0.656269
v -0.110398 3.144063 -1.850805
v 1.113837 4.289659 1.501962
v -4.006417 2.510593 -0.735566
v -1.382725 2.554791 4.703969
v -4.787388 1.043126 -4.322808
v -5.016983 1.429453 1.895414
v -3.774633 1.575204 -4.118919
v -3.889857 2.827116 0.745104
v -3.711143 1.499376 -4.048666
v -2.644068 1.724917 -4.057087
v 4.651172 1.912241 1.958712
v 3.595937 1.622086 4.155088
v 4.704337 1.878291 2.020077
v -1.373106 3.151276 -1.636799
v -4.391271 1.951040 0.997521
v 5.120092 0.919793 -1.111523
v 2.029245 3.263993 2.763627
v -2.582639 3.505909 1.917041
v 0.668958 1.723466 -3.904063
v -0.428861 4.369920 1.372611
v -2.558434 1.848694 -3.024898
v -2.976759 1.744407 -3.199977
v 1.185552 3.956287 -0.771141
v 4.352160 1.551843 -1.009441
v 0.444478 3.993834 2.112768
v 1.852883 3.338974 3.412926
v 0.655900 4.026349 2.015536
v -1.543069 1.862749 -3.848255
v 0.635213 3.900178 2.172277
v 3.114639 2.070575 -2.483382
v -1.619556 1.753570 -3.916485
v 3.600640 2.252559 3.252264
v 3.695662 1.143266 4.623556
v -1.626445 1.244267 5.220982
v -4.490392 1.141388 -2.425119
v -4.421344 1.993616 3.495469
v 1.121923 2.396713 5.483997
v -1.782854 1.264124 5.055602
v 2.498738 3.858602 1.031520
v -1.893883 2.617997 4.053713
v -4.459336 1.345056 3.651856
v 2.410786 3.992690 0.992275
v -2.045376 2.646216 3.937443
v 0.517222 4.336372 1.721137
v 3.970394 2.311184 -0.337577
v 0.881496 2.538429 -2.142364
v -1.284973 1.848234 -2.831105
v -2.449854 4.128634 0.996538
v 1.916782 0.934354 -3.967854
v 0.377782 2.725210 -2.151064
v -1.349180 1.721574 -2.898801
v -2.365917 4.227068 1.088418
v 0.653476 2.823675 -2.127325
v 1.555966 4.582134 1.215608
v 3.587331 2.809080 -0.053038
v -0.278399 3.189200 3.737259
v 0.712188 2.693492 -2.119483
v 4.032024 1.089511 -2.803185
v 3.351372 3.219408 0.469672
v -2.359026 1.855034 -4.291949
v 3.206246 2.901835 -0.556274
v -2.991460 1.370869 -4.516280
v 2.608584 3.468762 -0.241987
v -1.391857 3.973413 2.591192
v -2.350748 1.796159 -4.418245
v -0.760039 2.635925 5.050238
v -2.263379 1.912128 -4.283960
v -4.900442 2.302732 1.877885
v 3.053619 2.478579 -1.769282
v -0.595390 2.644759 5.126501
v 3.063045 2.586152 -1.713671
v -0.089403 2.247785 -4.310361
v 3.692788 2.288705 -1.018709
v -0.099113 2.453820 -4.336657
v 2.657060 3.108445 3.153669
v -0.086321 2.167148 -4.253136
v 3.267077 2.571864 -0.606070
v -0.017207 2.291612 -4.308187
v 0.690009 2.707031 -2.687836
v 3.060201 3.200374 0.651259
v -1.773067 2.407600 4.781531
v 3.160579 2.570704 -1.319805
v 3.180423 3.143872 0.806396
v 2.505558 3.122693 -1.297819
v -5.094901 1.516054 1.250475
v 2.597009 3.143237 -1.188289
v 2.164538 3.522465 1.840862
v 4.175265 2.055010 2.421449
v 1.882259 3.421016 2.149880
v 4.288651 1.953135 2.148629
v 4.668873 1.710489 0.897431
v -1.384662 4.578408 -0.259370
v 4.746617 1.665551 0.850373
v -2.579160 2.158165 4.414134
v -0.635425 1.576861 -2.924256
v -4.933669 1.697599 1.100508
v 1.514550 3.554727 -1.006835
v -1.978412 2.738250 -2.249642
v -1.105983 1.206079 5.580809
v 4.059878 1.713370 -2.229375
v 2.973234 1.700986 5.019538
v 3.935558 1.754696 -2.114383
v 2.231094 1.562802 -3.422084
v 0.539069 4.578081 1.342108
v -4.822288 1.678997 2.209756
v -2.461688 2.141270 4.701496
v 4.509529 0.935833 3.188339
v 0.600959 4.546304 1.441317
v 3.025288 1.113810 5.098264
v -0.333105 4.542758 1.429665
v -4.637324 2.586614 1.573221
v -3.081180 3.436234 1.542338
v 2.540498 0.956792 5.412934
v -3.977683 2.229627 2.505507
v 2.701181 1.045401 5.292124
v 2.709847 0.921669 5.372095
v 0.290528 2.577235 5.498934
v -0.622198 1.985606 -2.577518
v -5.519846 1.205962 -0.044559
v -4.846767 1.980710 2.534276
v -0.601790 1.791560 -2.685763
v -4.266325 2.295333 2.480478
v 2.943091 2.819065 -0.681912
v 0.839515 1.543034 -4.154514
v 0.187040 1.466308 5.681568
v -4.362213 2.457875 2.174752
v -0.244245 2.842642 4.193753
v -1.920119 4.419661 0.639723
v 0.827510 1.447645 -4.414443
v 4.220538 2.011946 1.077615
v -1.027395 4.262157 1.743555
v -2.741513 2.640503 3.562474
v -2.076259 1.156928 5.046211
v 2.767154 3.464284 -0.146451
v -4.800800 1.096156 3.976763
v -4.787486 2.015048 0.130635
v -3.202314 3.235179 -0.285149
v -4.583899 2.035399 0.384838
v 4.780660 1.765638 -0.363986
v 4.273024 0.978518 4.014340
v -0.648971 2.637040 4.652476
v -4.733975 1.520282 1.517639
v 4.772976 1.810070 -0.235435
v -0.938306 2.620031 4.604726
v -0.595555 4.578420 -0.443758
v 3.452128 2.562176 -0.467750
v 4.301535 1.825785 -1.493347
v -4.964797 1.992061 2.526623
v -0.532806 4.681497 -0.354444
v 3.516709 2.659562 -0.328278
v 4.239076 1.777372 -1.597524
v 5.009650 1.060557 -0.527003
v 4.274035 1.766405 -1.703341
v -4.020676 1.347794 -3.202912
v -0.401695 3.758045 2.775366
v -1.518266 2.493167 -2.418239
v 1.043350 1.310733 -4.145833
v -1.716726 2.559091 -2.481302
v -1.326119 4.278506 1.029535
v 0.845948 1.616266 5.607208
v 3.123733 3.208519 2.301696
v -2.111144 4.383115 0.298098
v -0.516711 4.193911 1.992774
v -3.633351 2.025426 4.002356
v 1.314735 1.151852 -4.216982
v 3.193952 3.116271 2.436150
v -4.436927 2.017141 0.810682
v 4.283583 1.700493 -0.556308
v -3.636711 2.126185 3.943372
v 4.963535 1.573807 1.213012
v 3.339431 3.336871 0.415261
v 1.861116 2.643194 -2.323717
v 0.834125 4.346390 1.534395
v 3.232432 3.361559 0.315484
v 3.451911 2.522982 -0.750680
v 0.761896 4.304968 1.306962
v -4.910004 2.131094 1.648048
v -2.222634 3.475440 -0.802786
v -4.054942 2.446373 1.755651
v -4.116966 2.255386 -1.510639
v -1.332475 4.665004 0.067868
v 4.363777 1.605754 -1.426528
v -4.177383 2.194284 -1.437272
v -1.388246 4.626594 0.208774
v 2.957688 1.855787 4.806874
v -3.193599 1.494178 -2.806412
v -1.535144 4.496252 0.235481
v -2.538106 1.171281 4.771985
v -0.581721 1.548448 -4.036839
v -2.686703 1.165588 4.786489
v -0.390148 3.460761 -1.482544
v -4.851265 0.991555 -2.428357
v -4.376993 2.386287 2.392553
v -4.818393 0.987257 -2.642277
v -5.592959 1.060550 3.753932
v 4.090322 2.116152 0.176261
v -4.847801 1.043134 -2.527056
v -4.310106 1.106977 -3.513483
v 3.477314 2.281644 3.366282
v 2.378668 2.499235 -2.325479
v 1.463427 2.833664 4.355384
v -4.010775 2.536017 1.657793
v -0.384722 2.009933 5.650912
v 0.160334 3.292088 -1.667011
v 1.748092 4.337098 1.183857
v 0.666249 3.430015 -1.407008
v 0.953937 2.684578 4.663383
v -3.886993 2.728615 2.104543
v 3.111094 1.602077 4.898741
v 0.965998 2.687031 4.591965
v -1.638658 1.368809 -3.841231
v 4.192494 1.948666 -1.145443
v -3.838358 2.919241 1.011937
v -4.109768 2.575157 -0.202265
v -1.472989 2.056418 -3.915132
v 1.176139 4.074773 1.720498
v -1.461818 2.202467 -2.532120
v -3.082336 1.623580 -2.687381
v -5.113574 1.489172 3.687902
v -5.133106 1.398458 3.520275
v -0.175672 2.239210 -2.340298
v -5.210908 1.476744 3.577966
v 3.078896 2.713793 -1.242687
v 3.810040 2.677666 0.472221
v -3.840606 2.151051 3.830540
v 0.362371 2.062389 -4.451592
v -4.010808 2.076468 3.753540
v -1.919741 3.351255 3.111564
v -4.942357 2.067103 1.962073
v 2.909630 2.135115 -2.772295
v 3.594398 2.306012 -0.963893
v -4.805683 2.110178 2.218594
v 0.309325 2.568160 -2.639446
v -0.107983 2.136493 -4.705658
v 1.567566 3.579145 -0.785200
v -1.107404 4.082658 2.197325
v 1.666038 3.666084 -0.673516
v -0.080177 4.093601 2.071774
v 4.313172 2.021185 0.787481
v 0.443238 2.342819 -3.101596
v -0.516252 4.160573 2.030390
v 1.369850 3.952965 -0.620399
v 1.376480 2.605007 -2.212336
v -4.846951 1.479722 3.796960
v -3.513836 1.392158 -3.250889
v -4.869171 1.404619 3.949785
v 1.936157 3.280450 -1.200151
v 1.301501 2.623278 -2.198534
v -3.289660 1.471753 -3.030488
v -4.756329 1.063680 -1.684396
v -3.525461 1.464415 -4.046208
v -5.131199 1.558436 0.794804
v -2.764247 1.636369 -2.838748
v -0.747932 3.046688 3.706602
v -2.487137 2.440982 4.003638
v 2.648337 2.454373 4.439453
v 4.388094 1.861094 1.816653
v -2.722620 3.388561 -0.884016
v -5.189944 1.375093 1.766548
v -2.718647 3.344772 -0.994553
v -5.232230 1.232708 1.767362
v -1.336613 1.364314 -3.343707
v -5.183156 1.304593 1.829994
v -1.226038 1.372800 -3.265654
v -5.237326 1.244085 1.877465
v -2.617670 2.359708 -2.500041
v -2.997455 1.683262 -3.064690
v -1.657944 1.949881 -4.391973
v -3.332666 2.887914 2.170580
v 2.691608 3.417848 0.904406
v -1.723470 1.764601 -4.491971
v 2.853892 2.501431 3.659447
v -2.537466 2.672104 -2.140698
v 2.809271 3.331884 0.769479
v -3.149907 3.041515 2.116063
v -0.312854 4.711311 0.175208
v 0.802954 2.649457 4.902064
v 0.457615 4.371871 -0.297982
v 2.149760 2.262081 4.828598
v 3.389295 0.970113 4.986891
v -5.547892 1.006523 2.881453
v 0.459208 1.657197 5.646633
v 3.262076 0.916501 5.065917
v -5.535288 1.067864 2.842454
v 0.401499 1.842142 5.648219
v 3.027907 2.083316 -2.699402
v 0.386837 1.983032 5.614875
v -3.209206 3.442416 0.209123
v 2.794671 1.771562 -3.281694
v 1.070077 4.069241 -0.766120
v 2.865977 1.655385 -3.263325
v 1.892675 2.731522 -2.000974
v 1.141445 3.921412 -0.530146
v 4.538876 0.979471 3.342502
v -3.493675 2.311908 3.404535
v -2.701511 3.982548 0.341832
v -0.364330 4.638663 0.713474
v -2.717819 3.248673 2.422853
v -1.943941 4.410758 0.785630
v -4.068186 2.537268 1.470374
v 2.732287 3.311147 2.161919
v -2.466733 1.755821 4.720919
v 0.080408 4.131584 -0.644387
v -4.229573 1.294602 -2.658452
v -2.396995 3.528827 -0.698416
v -0.430898 1.207556 -3.880685
v -4.761302 1.686512 1.536412
v -5.567286 1.052820 2.598786
v -2.611090 3.481347 -0.708437
v 1.941726 3.734514 0.305914
v 2.089434 3.706177 0.225406
v -3.928926 2.565579 1.950401
v 4.955561 1.079528 -0.861090
v -3.160877 2.923557 -0.982013
v -3.982607 2.576280 1.871051
v -3.047160 3.111045 -0.995987
v 2.370643 2.362062 4.523711
v -3.037234 3.223937 -1.045693
v -4.837829 1.117011 -0.807282
v -4.849443 2.360241 1.971253
v -1.532568 3.523188 2.926701
v 2.202418 3.626872 -0.394292
v 2.535938 3.739262 0.915675
v 1.689610 2.432744 4.721646
v 2.549314 2.647728 -2.067487
v 0.220516 2.219150 5.627956
v 0.382382 2.150620 5.634207
v 2.097939 3.291639 -0.861394
v -4.755415 1.797101 1.275139
v -1.648190 2.004229 -4.232270
v 3.669479 1.217121 4.237591
v 0.841051 4.761902 0.340741
v -1.511112 1.975266 -4.193392
v 2.578846 2.688231 -1.976792
v -0.742556 1.381832 5.671589
v -1.694465 2.223905 -2.497930
v 1.106139 3.166166 -1.867247
v 3.372951 2.569489 -0.916693
v 2.463853 2.786248 -1.930131
v 2.079383 1.049748 -3.726079
v -4.751095 1.869624 0.980391
v -5.059208 1.737022 1.490448
v -1.001922 4.234532 0.853455
v -2.916419 1.109869 4.703491
v 4.033881 1.765858 -2.492380
v 4.366041 2.073294 1.667467
v -1.824447 3.154326 -1.540968
v -0.869424 4.301876 0.648938
v 3.352146 3.100760 1.091999
v 0.631658 2.668051 4.989832
v -0.966841 4.255334 0.724414
v 0.720874 2.353349 -3.469333
v 0.745510 2.756293 -2.893290
v -3.862851 2.366230 -0.323506
v -1.090549 4.177259 1.348226
v -1.355074 4.162517 1.304737
v 0.098065 1.561303 -3.263239
v -4.778362 2.504267 1.763662
v -0.207300 3.283227 3.469386
v 1.633091 3.680731 -0.744073
v -4.779821 2.431835 1.890347
v -2.514028 3.896155 0.713849
v 3.407932 2.348209 3.821651
v -2.528916 3.965655 0.952563
v 1.960156 4.219306 1.317676
v 2.183220 3.150438 -1.124360
v 3.561581 2.292150 3.703804
v -2.760514 3.051382 3.079566
v 0.430168 2.694148 4.433542
v -0.113346 2.440028 5.494623
v 3.651973 2.224276 3.688231
v -0.197784 1.283051 -3.962455
v -0.233441 2.284962 5.533184
v -0.177541 2.055506 -4.227889
v -4.158696 2.400101 1.790194
v 3.358099 1.895775 -2.933211
v -0.374847 2.268010 -4.250087
v -0.230690 2.310055 5.356618
v 0.557658 3.557372 2.698332
v -4.501992 2.572418 1.565283
v 2.662375 3.090720 -1.505059
v -4.513293 2.583414 1.397741
v -0.148418 2.363111 5.430576
v -2.776309 3.860098 1.288698
v -2.835211 3.734827 1.396297
v 3.810930 2.512989 0.965585
v -5.078405 1.335559 -0.178803
v -0.577808 4.616765 -0.177202
v -1.155913 3.956531 2.559724
v -0.502050 1.986353 5.342464
v -1.877604 2.952031 -1.887510
v 4.164565 2.082430 2.902640
v -4.547925 2.267387 -0.936950
v 2.650011 4.164496 1.278355
v -1.855030 2.855974 -2.150536
v -0.342645 1.882912 -4.134524
v -2.594000 2.778780 3.475410
v -3.795491 1.429566 -4.458480
v -0.448375 4.548478 0.702248
v 4.334536 2.094166 0.673438
v -5.162745 1.616803 0.381005
v 0.243754 4.874698 0.963912
v -5.131631 1.371039 3.423413
v -4.613662 1.647547 -1.644601
v 0.440023 2.907080 -2.138903
v 4.126084 2.019530 -1.650651
v 0.206930 2.862102 -2.144187
v 3.143724 2.676139 -1.593846
v 0.316751 2.809623 -2.146231
v 4.528596 0.891084 3.844980
v 0.735004 2.975381 4.174891
v -0.206032 1.586458 -3.040044
v -4.681846 1.682127 -1.344149
v 0.540826 2.944909 4.195023
v 4.442589 0.929555 3.799155
v -4.367398 2.127543 3.120882
v -0.416861 1.591445 -2.944682
v -4.717397 1.165996 -1.185703
v 3.048961 3.412294 1.743221
v -4.707553 1.519067 -1.323613
v 4.813747 1.599456 2.070816
v 4.956947 1.190432 1.912111
v 1.956926 3.234043 2.493450
v -5.249641 1.600863 0.746339
v 2.310053 3.172646 2.507802
v -2.537078 3.857213 -0.183088
v 0.484023 2.481058 -2.311896
v -5.049660 1.719237 1.420190
v 0.199111 1.680715 -4.154628
v 0.027138 2.758003 -2.112103
v 0.374627 4.441054 1.584421
v 0.377806 2.517797 -2.342995
v -2.169854 4.366765 -0.186501
v 0.540334 2.529744 -2.343774
v 1.175193 4.211334 -0.028907
v 0.362014 4.228518 -0.542623
v 0.481659 4.733824 1.036870
v -0.905494 2.999347 -2.083478
v 0.032123 4.729089 1.369426
v -3.333502 2.629343 -0.911386
v -5.482870 1.572651 0.502921
v 1.693608 3.764346 1.707434
v -0.694972 2.037844 -4.069795
v -2.870829 3.077242 2.618626
v -2.984385 2.982144 2.444166
v -0.650729 2.042066 -4.145585
v 0.343022 1.516365 -3.726789
v -2.879185 3.037852 2.724421
v -0.588872 2.233294 -4.237044
v 2.420018 2.059870 5.200777
v -3.789331 1.289932 -4.460433
v -3.827302 2.675869 2.583483
v 1.610370 1.944884 5.425287
v -3.570464 1.346605 -4.463529
v -3.819469 2.540200 2.671786
v 0.257392 4.944564 0.238618
v -4.235512 2.086223 0.656762
v 2.762038 3.035354 3.095256
v -5.311816 1.448019 0.163486
v 2.784251 2.531350 -2.083778
v 2.782797 3.390851 -0.106185
v -3.631551 1.352302 -3.297873
v -0.894712 2.442187 -2.301762
v 2.817217 3.419684 0.065068
v -4.191635 1.305515 -3.650218
v -1.005096 2.389952 -2.308171
v 1.526132 2.506860 5.365884
v -1.878882 3.926631 -0.625754
v 0.797023 1.658406 -4.051805
v 2.979264 2.032263 -3.079625
v 4.702591 1.835870 1.903982
v -1.084974 2.383511 -2.345905
v -1.794510 4.033967 -0.498478
v 1.398097 4.263517 1.442554
v 4.399113 1.208152 3.292633
v -3.675735 1.483669 -2.859469
v -4.597728 1.750563 1.333634
v 3.247558 3.074899 1.534540
v -3.607225 1.482241 -2.860409
v 3.898285 1.489784 -2.741087
v -1.297531 4.454122 0.718257
v 2.505366 2.963015 -1.891412
v 5.207602 0.936615 1.740469
v 1.041355 3.305128 3.465974
v -0.280727 4.192259 1.865871
v 1.656848 3.308173 3.480499
v 0.270541 2.197859 -2.984351
v -1.001438 3.861843 2.709287
v 0.265556 1.758796 -4.144608
v 0.267480 2.227835 -3.087589
v 0.049927 2.787768 4.258542
v -5.330408 1.235345 2.851556
v 4.639398 1.785745 0.173856
v -4.827500 1.847167 0.620018
v 3.013002 3.062634 -0.077892
v 1.879664 4.214808 0.946067
v 4.775908 1.808313 0.438392
v -4.838484 1.843501 0.466782
v 3.092786 2.923951 -0.080825
v 1.870341 4.298443 1.010797
v 4.614749 1.734709 0.467618
v -4.424738 2.200574 2.523463
v -4.965330 1.744050 0.498407
v 3.257521 2.899682 0.117012
v 1.738190 4.265970 1.083213
v -4.520639 2.139908 2.526763
v 4.629179 1.799928 0.272500
v 3.461737 2.765700 0.199301
v -4.395122 2.129587 2.577922
v 3.481796 2.774561 0.067639
v 3.382263 1.044298 4.911812
v 1.679478 3.348278 -1.296649
v 4.222766 1.889775 -1.343677
v 2.061773 3.992815 0.869162
v 1.597436 3.428694 -1.216912
v 0.117253 2.240375 -2.511329
v -2.243174 3.986652 1.541833
v -2.270528 3.177661 3.434127
v 2.405239 3.162891 3.482295
v -3.468929 2.760327 -1.494340
v 1.825283 3.280458 -1.357146
v -3.060929 1.497366 -4.007049
v -1.266021 4.358224 0.830405
v -4.359766 2.445756 1.995406
v 1.050100 3.980138 -0.526855
v -1.452845 4.500996 0.753534
v 3.165326 3.169551 0.145999
v -1.311752 1.302598 -3.562545
v 4.209192 1.847750 -0.693755
v -4.335242 2.153223 3.364876
v 1.903332 4.123984 1.352599
v 4.008842 1.979184 3.380983
v -3.032745 3.499559 1.314015
v 4.238380 1.829414 3.384192
v 1.243250 2.136446 5.493930
v 1.359384 2.031708 5.441219
v -1.877670 2.490080 4.090184
v 1.367243 1.978032 5.475528
v -0.639260 2.621808 4.341040
v 3.378366 1.957224 -2.020186
v 3.783406 2.731462 2.058357
v 0.431903 3.228949 3.597569
v 3.418632 1.956447 -1.964629
v -0.941293 2.597063 4.291615
v 1.876649 4.227396 0.639582
v -1.198076 2.493029 4.463530
v 2.919491 2.974903 -0.647236
v -1.653714 3.106217 3.480987
v -1.354945 2.514228 4.329032
v 5.084910 1.208475 0.391895
v 1.858788 3.801327 1.557175
v -1.764414 3.150517 3.390003
v -1.548166 2.492095 4.240423
v 2.808778 2.843909 3.515044
v 5.067167 1.262505 0.196769
v -1.855377 2.900405 3.685428
v -3.044951 3.351621 -0.061091
v 4.039226 2.126312 2.468881
v 0.189472 4.534961 1.472832
v -3.957122 2.664111 0.676653
v -3.349368 2.135199 3.929387
v 3.222378 3.144982 1.902035
v -2.691892 3.806325 0.811051
v -3.878022 3.007758 0.039558
v -3.501760 2.147415 3.791858
v 2.925300 2.923038 3.067147
v -0.624269 4.412077 0.936570
v -0.047218 4.711805 -0.228995
v -2.305532 4.250317 0.071990
v -0.992412 4.216853 1.817705
v -2.898626 3.163348 2.134241
v -2.540888 4.080383 0.307189
v 1.049148 2.912203 4.308061
v -0.159550 4.160088 -0.636471
v -0.639887 4.246193 1.881603
v -2.458058 4.139462 0.117514
v -3.012915 3.116282 1.923099
v -0.312488 4.476658 -0.519670
v -4.058167 1.940829 -2.095153
v -0.169637 4.530910 -0.447675
v -2.628505 3.132584 -1.296653
v -2.893645 3.082273 -1.320184
v 2.804516 3.839481 1.530552
v 4.135289 2.331099 1.198989
v -1.023462 1.538983 -3.036919
v -0.804332 4.259201 0.971363
v -5.257638 1.159516 -0.344196
v -1.707848 1.673513 -3.041114
v -5.334802 1.141628 -0.444454
v -3.469557 3.068032 -0.060008
v -1.268658 4.580862 0.008809
v -4.887311 2.171834 2.365352
v 3.983793 2.037142 3.199020
v 2.826371 2.056734 -2.310426
v 3.583365 1.250938 4.263117
v -4.133987 2.281730 -1.204881
v -3.152731 2.877293 -1.516649
v 3.828205 2.702487 2.225188
v -3.701198 2.899502 1.757939
v 0.166571 2.565021 -2.179833
v 1.346750 2.763787 -2.063656
v 0.331290 3.974869 2.198780
v -3.570898 3.091702 0.724318
v -3.992415 2.970729 -0.195615
v 0.298301 4.104630 2.071424
v 0.250845 2.452586 -2.156259
v -0.986574 2.300978 -4.368774
v 4.621148 1.232155 -2.050954
v 0.337035 2.437923 -2.187114
v 2.965949 2.437066 3.825986
v -1.764881 4.117197 1.249805
v -5.048891 1.821496 1.753530
v 3.164883 2.439685 3.924486
v 0.362770 1.989715 -3.435980
v 2.959730 3.435703 1.810386
v 4.498274 1.876200 1.087403
v -3.892545 2.313525 -1.638188
v -4.381868 2.319422 2.545635
v -3.738666 1.680283 4.026814
v -3.721176 2.421020 -1.566880
v -3.342415 1.427094 -3.957204
v -4.273968 2.379293 2.403209
v -4.152163 2.106184 0.746663
v -1.875842 2.093773 -2.632266
v 0.583952 4.672160 1.212473
v 1.675604 3.582321 1.981696
v -2.189858 4.179217 0.483375
v -0.646803 4.404315 0.163687
v 3.336744 2.571994 -0.984338
v -0.939094 3.803993 -0.957254
v 1.105387 3.924282 -0.668764
v -2.838809 1.706306 -4.204846
v -4.448377 2.431306 0.086486
v -5.423407 1.260238 1.322215
v -4.781400 1.899303 3.321866
v -4.378658 2.436873 -0.144958
v -5.464859 1.138750 1.452562
v 1.230360 1.786413 5.508320
v 1.076931 1.793643 5.525549
v 0.769860 2.563486 -3.107538
v 3.311559 3.136992 2.054028
v -1.356647 2.976805 -2.092687
v 0.821454 2.466800 -3.184562
v -3.649759 1.126520 -4.493491
v 0.430712 4.878946 0.262173
v -3.537255 1.215164 -4.480817
v -4.625703 2.024114 1.442780
v -4.515660 2.188001 0.301630
v 3.215434 1.631880 4.481018
v 3.206521 2.367575 3.560811
v -4.346902 2.352749 0.283179
v -4.092314 2.394107 0.969379
v -3.727158 2.289196 3.461928
v 3.117155 2.541790 3.604291
v 4.383312 1.937136 1.698591
v 3.772566 1.109826 -3.001979
v 0.908423 4.038558 -0.378910
v -3.739695 2.301330 3.280372
v 0.817985 4.053149 -0.457710
v -3.876322 2.248143 3.472088
v -1.570273 4.209031 1.116595
v 0.771922 4.089394 -0.356326
v 0.054899 2.359741 5.617641
v -1.060114 1.651337 -2.898037
v 3.984827 2.062021 -1.513422
v 0.356543 2.276588 5.594008
v -3.891984 2.263500 3.390480
v -1.914951 3.398019 -1.089871
v -0.805005 3.110133 3.568871
v 2.704750 3.504151 1.773382
v 2.896455 2.554610 -1.926315
v -2.792857 1.583779 -3.643675
v 1.137009 2.798733 4.566552
v 0.846650 3.419096 3.120683
v -4.681321 2.206879 2.555372
v 4.331021 1.867890 0.268278
v 0.551322 3.513639 3.116874
v -4.735352 1.812544 0.714652
v -3.706552 2.683338 -0.990054
v -4.831486 1.779209 3.290445
v -3.770055 0.916924 4.872103
v -2.658920 3.364090 2.154313
v 1.172547 1.506588 -3.968307
v 3.911373 2.395290 0.779926
v 0.019260 2.487540 5.448207
v -3.544686 0.951271 4.924752
v 1.521734 4.034330 0.144501
v 4.424284 1.722343 -0.306523
v -0.067817 2.835782 -2.017218
v 0.412495 4.267409 -0.406931
v -0.884058 2.038749 -4.017036
v -5.515547 1.367522 0.928455
v 3.140966 2.345604 3.628827
v -2.063455 4.114758 -0.362335
v 3.769653 1.185070 4.364966
v -1.959227 2.201176 4.820394
v 3.738882 1.288139 4.364552
v -2.181877 4.337268 0.072456
v 2.613161 3.054098 3.271889
v -1.051274 3.280301 -1.678093
v -1.045676 3.332982 -1.526559
v 1.566127 4.562618 1.035844
v -0.193334 4.542975 1.511506
v -4.105472 2.337540 2.359715
v -1.494789 2.703146 4.074466
v -1.095376 3.315496 -1.610424
v 0.075632 3.580784 -1.367607
v -1.181298 3.328541 -1.459723
v 2.106524 2.502405 4.246951
v 0.269535 3.415808 -1.512048
v -3.885026 1.454835 -3.790097
v 0.177237 3.363944 -1.620372
v 2.435804 3.165693 2.591687
v 0.647703 4.318293 1.235019
v -4.007150 1.558376 -3.026877
v -1.342986 1.788821 -3.886151
v 0.263150 2.663046 4.386077
v -4.041470 1.708190 -2.789579
v 2.843199 2.953285 3.191485
v -5.424963 1.245337 -0.224503
v -4.978677 2.066915 1.797930
v -0.271912 4.709905 0.463319
v -5.076286 1.451100 1.986235
v 2.380821 1.847783 -3.011186
v 1.478227 3.114709 -1.657119
v -4.910862 1.529528 2.169329
v 2.544937 2.150055 -2.847515
v -2.553345 3.576885 -0.539304
v -5.407799 1.203351 2.861935
v -4.134046 2.468704 1.541784
v -3.874473 2.589692 -0.361456
v -3.535668 2.729949 -1.026885
v -0.721474 4.307180 0.912630
v -0.482877 1.415691 5.672366
v 2.269008 2.556497 -2.320944
v 0.357400 1.263929 5.693815
v -4.932929 1.114195 4.293579
v -0.565409 1.118140 5.679887
v 0.169362 1.641598 5.661383
v 0.278568 1.652316 5.685969
v -2.423701 3.676811 2.136955
v 5.027833 1.002195 -1.982469
v 0.029603 1.402139 5.704469
v -4.114558 2.293274 2.726125
v 2.579886 3.480965 0.125606
v 5.147647 1.154901 1.334408
v 2.179493 1.103755 5.542496
v 1.872236 4.319863 1.202680
v 1.492385 3.372124 -1.333283
v 0.099321 2.543690 -2.239959
v -4.116271 1.396709 -3.662787
v 2.520970 3.592634 1.663310
v 3.667645 2.812433 1.475713
v 0.840693 4.039596 -0.872906
v 3.961803 2.435932 1.555806
v -4.497446 2.181538 2.998790
v -1.167075 2.548269 4.584521
v 2.843287 3.264191 0.950871
v -0.911803 1.241030 -3.573354
v 2.913117 3.215423 0.998336
v -4.378875 1.990447 1.133324
v -4.314121 2.546635 1.197183
v -2.084508 1.918912 -4.095084
v -2.734324 2.175027 4.396779
v -1.448163 1.505242 -3.878868
v -3.630726 1.696218 -2.658573
v -4.752492 2.288151 2.429450
v 3.259775 2.835014 -0.372925
v 2.718038 1.349467 -3.345677
v -5.391487 1.366574 3.742395
v 3.369339 2.756069 -0.332829
v -5.380649 1.426641 3.650427
v 1.487406 2.636266 -2.501602
v 1.463357 2.671640 -2.702251
v 0.579455 1.658368 -3.860309
v -1.265362 2.121459 -4.108822
v 3.224934 3.161993 2.235308
v -4.088045 2.003883 -1.726830
v -4.855600 1.266993 3.943825
v 2.300009 2.493299 4.140224
v -0.512933 4.556736 -0.050798
v 0.622906 1.990304 -4.310891
v -5.354453 1.383193 3.949337
v -3.930344 2.925076 -0.283090
v -0.077695 1.642438 -3.030670
v -3.903571 1.288375 -3.320692
v 0.901858 2.771065 4.482413
v -0.078858 1.545113 -3.229286
v 1.769047 3.518397 -0.596741
v 5.122586 0.951271 -0.618876
v -3.478438 2.592640 -0.700684
v -3.374354 1.400840 -3.072358
v -3.723564 2.310042 3.108835
v 4.061766 2.213257 -0.494176
v 0.258840 1.800450 -3.453739
v -4.940316 1.220952 -0.705642
v -3.374888 2.675791 -0.796857
v -3.314617 1.442366 -2.896494
v 4.178559 2.155005 -0.543774
v -1.748986 2.679963 4.036583
v -1.626387 4.472763 0.594809
v 4.905814 1.567649 1.347078
v 0.083175 2.143741 -4.278623
v 0.260031 1.247820 5.731812
v -1.370011 1.426544 5.167532
v 4.210431 2.120883 2.114604
v -1.628543 1.345719 5.142534
v -2.505907 2.583602 3.935198
v -0.119303 2.699369 4.908278
v -4.872829 1.645844 2.274643
v -1.274255 1.375467 5.195576
v -0.134274 2.679868 5.027599
v -5.156491 1.377314 1.414070
v -2.981819 2.841429 -1.819316
v 4.747263 1.616535 -0.740797
v -3.598216 2.625027 -0.562711
v 3.456302 2.002214 -2.846387
v 1.488678 3.060541 -1.845079
v -3.632453 2.464539 -0.532978
v -4.509703 1.253600 -2.266948
v -1.627989 1.433145 5.081112
v -4.573036 1.153200 -2.236158
v 3.855106 1.868630 -2.665488
v 3.463622 1.913106 4.041534
v 3.487179 1.971509 3.976837
v -0.382699 1.378765 5.703094
v -3.744345 2.903349 0.760179
v -5.475673 1.719973 0.633281
v 2.771074 3.394063 1.088530
v 3.398597 1.216530 -3.083315
v -5.477543 1.785506 0.491976
v 0.249111 1.471280 -4.026602
v -5.530376 1.689507 0.662043
v -1.690900 1.412173 -3.634345
v -3.926394 1.145355 4.066854
v -1.741926 4.489121 -0.184649
v 2.425309 2.099818 5.073404
v 1.284128 4.423452 1.091942
v 4.039890 2.041148 2.888957
v 1.246148 4.150001 1.614385
v 4.227098 2.055430 2.863112
v 1.112861 4.124958 1.683133
v 0.525378 3.649297 -0.981036
v -1.725647 2.694158 -2.459925
v 2.585795 2.206604 -2.561360
v 0.996828 4.051824 1.802172
v -4.596869 1.209629 3.632502
v 0.707618 2.662633 4.440610
v -0.210087 4.616889 1.427200
v -0.275341 3.635557 2.916913
v -3.774143 2.556725 -1.653115
v -1.916767 2.464015 -2.519571
v 1.844258 2.466731 5.012755
v -3.709163 2.619052 -1.608892
v -4.278437 1.550145 -2.383127
v -4.454676 2.304172 2.080166
v 2.720121 3.222133 -0.788091
v 3.385781 1.595070 -2.982366
v 3.429213 1.504572 -2.965637
v 1.522614 2.743837 -2.053382
v 1.206348 2.682190 -2.966140
v -3.267922 2.899546 -1.226731
v -4.781140 2.003175 2.452534
v 4.004825 2.037185 -1.380213
v 4.366313 1.626776 -0.644522
v 3.385278 2.979509 0.285730
v -4.837708 1.610493 -0.468894
v -4.603655 1.808331 1.459600
v 2.743523 2.975393 -1.479034
v -4.883585 1.566087 -0.312273
v 4.747974 0.908322 2.798028
v 2.434474 1.346519 -3.430072
v 2.475436 1.365521 -3.366448
v 3.856632 2.012592 -1.159538
v 3.361588 2.086163 -2.609024
v -0.623590 4.489305 0.026379
v -1.074443 2.912414 3.890873
v 2.261045 3.245460 -0.581504
v -0.649339 4.504523 -0.116384
v -1.190236 2.989522 3.769042
v -0.195954 3.241458 3.581225
v -3.153664 3.421528 0.758263
v -1.008794 3.047534 3.789661
v -3.024055 3.524293 0.675013
v -0.352979 3.195401 3.554336
v 4.849666 1.643385 -0.655399
v 4.217911 2.146988 -0.021330
v 4.179020 2.108810 -0.172077
v -3.869074 1.011836 4.574325
v -4.914733 2.267088 2.288824
v 3.352455 2.371757 -1.632539
v -4.306082 0.909990 4.660771
v 3.953804 1.754544 -1.987559
v -1.558232 3.892822 1.828410
v -3.944519 0.954136 4.703083
v -4.076135 0.972973 4.624691
v 1.701576 4.251095 0.776750
v 1.703399 1.586001 5.442885
v 4.015023 1.678563 3.629900
v 2.129718 1.563064 5.365851
v -1.622364 2.057987 -4.324551
v 1.980672 1.460112 5.382266
v 1.943079 3.058214 3.973407
v 3.160486 2.090849 -2.706882
v 3.982421 2.141525 -1.028147
v 3.184274 2.100684 -2.870142
v -0.752263 3.203159 -1.911938
v -4.469709 2.297280 -0.360260
v 3.361447 3.086092 2.157557
v -4.341742 2.291164 -0.340660
v 2.409348 2.112983 4.906502
v 2.520252 3.433030 -0.286416
v -0.985952 1.241716 -3.642769
v -4.952763 1.783565 1.551291
v -5.036599 1.356978 -0.523810
v -1.260335 4.590154 -0.383810
v -2.472237 4.090500 -0.125913
v 0.307976 4.906087 0.556618
v 0.820137 4.344572 1.200792
v 4.830557 1.819639 0.171531
v 0.719281 4.471404 0.927402
v 0.788377 4.409089 1.143339
v 0.713306 2.635820 -3.083564
v -4.798204 1.353263 -0.875775
v -0.773405 4.412712 0.076950
v 2.854433 3.150721 2.781857
v 4.823236 1.524768 -1.133826
v -5.019324 1.634817 0.866057
v 1.281467 3.909547 -0.745605
v 4.446497 1.755871 0.014567
v -3.094234 1.796436 -4.290827
v 4.385501 1.737127 -0.072850
v 4.282670 1.530344 3.380518
v 4.398839 1.326756 3.289178
v 4.296795 1.443580 3.334111
v 3.963419 2.189086 0.582049
v 1.589327 3.921678 -0.342634
v 4.385896 1.455175 3.271047
v 4.305103 1.238454 -2.526231
v 4.423090 1.457876 3.180344
v 3.992933 1.166762 -2.753725
v 4.128838 1.201207 -2.649193
v -1.379486 2.086029 -4.082561
v 1.163334 2.598206 4.750968
v -2.742826 3.234397 2.233571
v 3.621386 2.414833 2.958621
v -2.357878 3.744813 2.075365
v -0.014632 3.443831 -1.528819
v 0.662381 4.559041 0.087362
v -3.887663 1.528197 3.960348
v -5.504329 1.657119 0.748977
v 4.068196 2.111122 0.957045
v 2.141980 1.143365 -3.639414
v 4.089619 2.087209 0.865540
v 4.682779 1.547148 1.194221
v -0.035241 4.712795 1.105255
v -2.294364 1.727650 -3.160013
v 3.803134 1.757212 -2.693470
v -3.877879 1.685071 3.938401
v 3.878153 1.739326 -2.685658
v -3.624985 1.826890 4.065112
v -2.423479 4.183990 1.371663
v -3.648462 1.716564 4.096860
v -5.686864 1.180338 3.276723
v -3.619576 1.595191 4.105616
v -3.520013 1.700379 4.164399
v 2.767869 3.884738 1.206666
v -2.510648 1.693507 -3.819595
v -4.804062 1.763944 -0.568396
v 2.409243 3.309748 -0.422210
v -2.895500 2.408914 3.549070
v -2.528418 1.748497 -3.919986
v 1.503014 3.329434 3.399344
v 3.655479 2.750274 1.054389
v 2.300916 2.146533 5.208066
v 3.563376 1.941412 -2.192706
v 2.958250 2.810632 3.499230
v -4.544612 2.020290 3.273516
v 1.765752 3.408032 -1.058083
v 3.750629 2.728459 0.411750
v -2.354412 1.789069 -4.109159
v -1.008456 2.834680 4.002688
v -1.235545 2.723593 4.108964
v -1.111240 2.744878 4.117481
v -0.047736 1.276791 5.719598
v 0.482763 4.128655 -0.638906
v -4.074835 1.262302 -3.566139
v 3.194723 2.905736 2.677090
v -4.790971 1.991642 2.256745
v -3.527486 1.507474 -3.448865
v -1.693825 3.768039 2.014393
v -1.856808 3.729125 2.127942
v -5.221899 1.952226 2.818795
v -2.995446 2.644979 -2.111219
v 1.869354 1.547013 -3.588139
v 0.835101 4.012103 1.930028
v 1.002906 2.605722 4.904154
v 5.128773 1.025454 0.542454
v -3.953136 2.972652 -0.017709
v 3.823006 2.167566 -1.605680
v -3.140080 1.645392 -3.955793
v -4.344467 2.265605 1.868325
v 0.439558 3.629017 -1.176829
v -3.056121 1.487837 -3.976840
v 4.281505 1.673231 -1.648904
v 0.461982 3.574498 -1.300924
v 0.145806 2.567538 5.465654
v 4.366345 1.639615 -1.545955
v 5.002843 1.002154 -1.055262
v 2.448044 1.843888 -3.013601
v 4.463158 1.628086 -1.459185
v -0.264161 4.633856 0.941109
v 0.646474 1.685056 -4.041471
v 4.481531 1.585718 -1.431120
v -0.155731 4.640677 1.007841
v 0.718272 3.521730 2.760019
v -3.543769 1.746021 -2.524102
v -4.469321 1.931317 0.951455
v 4.212509 0.981884 4.235784
v 3.036932 3.357396 2.010238
v -4.074068 2.326849 -0.812632
v 4.148706 0.954686 4.306870
v -0.617309 2.747904 4.224936
v -0.431765 2.858164 4.209808
v 2.025122 3.240213 2.662318
v -0.401504 2.789145 4.270105
v -2.228958 1.950270 -2.851831
v -5.499224 1.258708 -0.189257
v 0.422546 1.767037 -4.145808
v -1.622083 1.928752 4.989077
v -1.820792 1.695593 -3.993952
v 1.538909 4.412232 0.821895
v -1.174912 1.970991 5.123034
v 1.584324 4.352171 0.855453
v -0.720371 2.183347 5.225522
v 1.260437 2.051911 -3.530710
v -3.826484 1.491787 -2.994008
v -4.200819 2.178691 0.612941
v 0.277998 4.592844 1.440646
v -4.182354 2.350273 0.606272
v -2.597335 3.532697 1.770152
v 1.739334 0.946905 -4.155583
v 0.167644 3.010729 4.018424
v -1.337568 4.569651 0.423722
v -1.482843 4.481503 0.394191
v 0.819402 1.925848 5.562018
v -0.479945 4.604909 0.193486
v -3.894607 1.781826 3.923098
v -4.337136 1.917870 -1.940927
v -4.123880 1.874765 -2.057247
v 0.806162 4.565655 0.137687
v -3.981756 2.318859 -2.011324
v 1.072065 4.472574 0.251561
v 2.405982 2.327135 -2.663141
v 1.419384 2.662082 -2.372566
v 1.249895 2.805518 -2.563863
v 3.139721 1.281027 -3.271119
v -3.426489 1.859717 4.164641
v 1.188965 2.777719 -2.583247
v 0.908336 1.489527 5.599347
v -0.407359 4.796568 -0.256043
v 4.291378 1.657622 -0.957124
v -3.910278 2.373949 -1.930306
v -1.439025 3.935107 1.669524
v 3.632463 2.668612 2.677554
v -3.455245 2.520895 3.134700
v -3.815638 2.429031 -1.828143
v -1.515401 1.376534 -3.547584
v -2.125116 3.098316 3.487429
v -1.276475 1.584694 -3.949948
v 3.782239 2.131541 2.955662
v -1.996139 2.882779 3.715878
v 3.309594 2.393745 -1.513633
v -1.368163 1.400455 -3.929533
v -2.231287 2.715022 3.811566
v 3.610140 2.607579 -0.359670
v -0.046046 2.182116 -4.681911
v -2.982908 3.368305 1.664226
v 2.355222 3.074250 3.626931
v -1.486186 4.574009 0.063868
v 0.469526 2.662066 5.025512
v 1.048556 2.859856 -2.868182
v -3.579045 1.455176 -2.834609
v 0.120720 3.113916 -1.867105
v -2.263239 3.050339 3.528860
v 3.204489 3.258550 0.618966
v -3.508016 1.433946 -2.828668
v -2.195752 3.686276 2.606523
v -2.656137 4.060261 1.110089
v -2.925112 3.620322 1.304909
v -2.339969 3.698593 2.366711
v 3.675107 2.620661 -0.034677
v 4.832070 1.566881 1.807426
v -4.027983 2.961334 0.883675
v -3.857557 1.955448 -2.302640
v 3.478439 2.941299 1.802326
v 2.726761 2.551026 -1.945224
v 3.506118 1.086874 4.847206
v 4.814149 1.051732 -1.604096
v 3.558408 1.137052 4.733347
v -4.131762 2.058046 0.990504
v 4.839459 1.119315 -1.403860
v -4.893623 1.282486 4.089394
v -4.071658 2.435553 -0.625577
v 1.751969 2.946846 4.184349
v -4.891359 2.087003 2.299642
v -3.850090 2.690203 2.328385
v -4.710122 1.911674 0.322490
v 2.388790 3.977545 0.823300
v -1.183684 1.274526 5.524199
v 4.835421 1.775049 -0.057882
v -2.808140 0.929104 5.467052
v 0.980151 4.430903 0.997005
v 2.052352 2.414718 -2.868256
v -4.838144 2.008311 2.161664
v -3.945149 1.454225 -3.725560
v 0.594587 4.560439 0.899145
v -3.089512 2.882530 2.574919
v 0.774174 4.477674 1.035419
v -3.344221 1.536783 4.285052
v 2.843568 2.125322 4.490396
v 0.644294 4.509098 1.008023
v -3.466186 1.542393 4.210354
v -4.527804 1.073153 -2.718099
v -4.869702 1.101612 4.144815
v -4.882240 1.019536 -1.517609
v 2.212070 3.569108 -0.427944
v 0.281198 2.154197 -3.173383
v 1.665227 2.469979 5.349937
v -3.639642 2.627589 -1.070886
v -0.951332 1.203870 -3.943710
v -3.672653 2.578471 -1.115219
v -3.900522 2.569545 -0.301286
v -1.824949 3.886513 1.610171
v 3.917286 1.213975 3.958473
v -0.275912 3.640764 -1.092887
v 2.653507 2.496109 3.865489
v 3.773509 1.294568 3.957142
v 2.693357 2.499861 3.996789
v 4.416466 1.022953 3.676128
v 2.113142 3.173893 -1.275621
v 1.773618 3.250830 3.173095
v -1.210895 2.155636 -4.222091
v 0.985927 2.851891 -2.078534
v -4.930731 1.033759 4.367951
v 2.198241 3.136784 -1.359295
v -4.096879 2.455827 1.850714
v -0.457242 2.426497 -4.322437
v -3.973784 2.567693 1.701037
v 3.827939 1.120550 4.235109
v -4.014136 2.603096 0.861470
v -3.760664 1.568934 -3.523983
v -3.626638 1.525667 -3.406292
v -0.037274 3.362613 3.422109
v 0.164314 1.782151 5.657940
v -2.101920 2.454227 4.172165
v -4.040181 2.260879 3.159997
v 0.913062 3.818906 2.090452
v 1.005112 3.816679 2.018543
v 3.337181 2.333097 3.918297
v 4.831208 1.614794 1.124701
v 3.294077 2.371541 3.856996
v 2.626040 2.641974 3.708867
v 4.792598 1.658579 0.985439
v 2.385026 2.579414 4.000452
v -1.050123 2.334987 -2.451158
v 0.681292 2.183524 -3.753272
v 2.599521 2.548427 3.810559
v 1.324903 3.876510 -0.471765
v 0.887950 4.079554 -0.952216
v 1.453326 3.824879 -0.473151
v 0.955659 4.037786 -1.035960
v -0.535077 3.628611 2.922740
v -5.003127 1.998844 2.592173
v -3.149206 3.382808 1.629426
v 4.308197 1.761111 3.307166
v 2.675669 1.174915 -3.388826
v -0.855848 4.167583 1.555814
v -1.967421 1.996874 -4.205657
v -0.951575 4.207459 1.415398
v -1.725007 1.926909 -4.098931
v 1.446689 1.068333 -4.109150
v -3.257818 1.776999 -4.106879
v 0.874204 3.355797 -1.521099
v 3.768036 2.353764 -0.752487
v 1.048919 3.304112 -1.597956
v -2.457975 3.258420 3.114341
v -2.136198 2.108742 4.791752
v -1.645774 3.993616 -0.598532
v -2.443607 4.171901 0.043225
v 3.778571 2.499999 -0.673527
v -3.083885 3.512781 0.330697
v -1.584686 3.776759 -0.795172
v -4.739158 1.023619 4.052390
v -3.743717 2.858686 0.462741
v 2.623788 2.210894 4.598255
v 5.038667 1.046593 -0.281323
v 4.296810 2.001407 2.366825
v 5.079891 1.002498 -0.181935
v 0.210472 4.498466 1.534110
v 4.256475 2.044883 2.603502
v 3.900301 2.244947 2.697693
v -1.619842 2.412754 4.828398
v 4.996448 1.258540 -0.388165
v 3.888420 2.081076 2.731186
v -4.083272 2.365165 -0.520014
v 4.974000 1.120212 -0.608598
v 5.119729 1.269097 0.741563
v -3.965107 2.481067 -0.676258
v 5.082640 1.246130 0.649114
v 5.108579 1.176233 0.548870
v -1.614063 1.267468 5.110624
v 2.930021 1.944365 5.057878
v -3.638768 3.069380 -0.176805
v 1.615115 3.125098 3.884597
v -3.527307 3.081639 -0.412244
v -0.246504 1.742043 -4.125444
v 2.230504 4.296216 1.305957
v -3.739241 3.051723 -0.297351
v 0.794375 3.129437 -2.046978
v 2.283298 4.248059 1.170481
v -3.602947 3.087364 -0.414142
v -5.156890 1.552795 3.233784
v -3.814292 2.977644 -0.346740
v 2.224522 4.176037 1.087810
v -5.194229 1.447312 3.712894
v -0.639056 2.733850 5.060376
v -1.608974 2.114007 -4.412602
v 3.975995 2.293763 -0.047094
v -0.587913 2.713825 4.924310
v -1.427662 1.939096 -4.492655
v 4.066112 2.211185 0.053216
v 3.179965 2.017434 -2.230768
v 3.212228 2.015453 -2.370939
v -1.846530 2.084619 -2.727545
v -0.318597 1.770905 -4.106621
v -3.492111 2.964549 0.056879
v -3.073861 2.974010 -0.923437
v 3.577692 2.089932 3.850818
v 2.097639 3.255677 2.328099
v -4.889750 2.313967 2.341402
v 2.140944 3.704207 0.002943
v 0.457647 1.884575 -4.161607
v 3.239841 2.111897 4.143318
v 2.798348 2.932595 -1.777842
v 2.938897 2.851934 -1.728050
v 2.109438 0.989146 -3.817200
v 0.388721 4.269734 -0.467819
v 3.179340 2.561186 -1.057742
v 2.416064 2.700084 -2.042846
v 2.217218 2.515506 -2.476261
v 0.408205 4.576901 -0.034551
v -0.673245 4.391526 0.503866
v 3.349024 2.540769 -1.207864
v 3.872601 2.139473 3.102536
v -4.502120 1.852538 1.182992
v 2.080499 3.009093 3.876299
v 3.700079 2.175960 2.965925
v -4.408461 1.854940 1.202172
v 4.021024 1.072093 -2.928332
v -4.476337 1.858765 1.298911
v 1.490812 1.315442 -3.879683
v 4.280356 2.014689 0.288058
v 1.442193 1.483285 -3.821146
v -3.379797 2.608775 -1.924165
v 1.350917 1.639191 -3.781643
v 3.949096 2.308873 -0.963834
v 1.286057 1.486871 -3.892470
v 0.830263 2.716873 -2.670589
v 2.310457 4.078048 1.366123
v 0.393923 4.560155 -0.095173
v 3.976155 2.323038 0.827698
v -2.009653 1.749799 4.922465
v -1.293447 3.654110 -0.996900
v -2.355335 1.926177 4.790772
v 1.524690 3.756793 -0.805384
v -2.122997 1.887593 4.853769
v 1.492412 3.844669 -0.722792
v 1.448965 3.259200 2.977994
v 3.861162 2.490947 0.769577
v -4.690573 1.624983 -1.218426
v -5.193810 1.215713 -0.281219
v 0.299878 4.245396 1.874061
v -1.448616 4.032470 1.446616
v 3.839716 1.856973 -2.307707
v -4.178020 2.350208 -0.583040
v -1.016357 2.024553 -4.512559
v 1.913497 2.528185 -2.206216
v 1.580277 3.593746 2.066528
v -4.037060 1.457451 -3.096664
v -2.144670 1.755540 -4.456048
v 0.049708 1.965711 5.667401
v -5.412196 1.116206 1.749027
v -4.070638 1.559166 -2.966665
v -3.081259 3.423277 0.892709
v -0.044265 1.860389 5.658360
v 4.657300 1.204524 -2.223174
v 1.763283 4.060702 1.453198
v -4.192866 1.319778 3.841352
v -3.942539 1.441445 3.978518
v 1.595941 4.158792 1.518325
v -3.843577 1.444776 4.016372
v -2.571013 4.079029 -0.009045
v -2.695422 1.738136 -4.345039
v 1.028469 2.591215 -2.111635
v 0.459896 4.573411 0.774232
v 2.330328 2.116621 4.967423
v -2.715221 3.397619 1.856007
v 0.492714 4.633550 0.624140
v 2.754397 3.341231 -0.676846
v -2.083135 3.400998 3.064410
v -2.537726 3.019969 3.425593
v -2.227988 3.378291 3.055213
v -2.522835 2.011538 4.686651
v 0.493525 2.585972 -2.737066
v -3.925532 2.658855 2.025383
v -5.068334 1.389305 -0.056916
v -0.187173 3.288786 3.781276
v 2.818223 3.336081 -0.155545
v -5.033287 2.033565 2.893492
v 1.053024 2.665055 -2.132183
v 0.981059 2.532721 -2.142023
v 2.062614 0.930654 -4.180956
v 1.117614 2.678742 -2.389800
v 3.063667 2.732817 -1.710016
v 2.719208 3.379131 1.973821
v -5.373765 1.369851 2.527160
v -1.416323 2.914424 -2.108770
v -3.265352 2.713977 3.148573
v -1.362383 4.546255 -0.114035
v 2.597461 4.153767 1.332821
v 2.460805 4.205207 1.316194
v -3.994043 2.036748 -2.151506
v 1.634961 4.229476 0.865050
v 2.205980 1.729845 -3.230074
v 4.658045 1.596724 -1.121441
v 2.430055 4.203840 1.212939
v 1.815994 4.272762 1.049391
v 4.455952 2.032351 2.738560
v -6.751094 0.050842 -11.711091
v 2.694376 2.211600 4.566994
v 0.411768 3.069975 -2.121076
v 1.985713 4.309525 0.820919
v 0.334297 2.899628 -2.150999
v 1.997161 4.128257 0.834195
v 5.120552 1.467180 1.050865
v -0.187950 2.036052 5.660451
v -0.625829 1.674373 -4.033981
v -4.489877 2.385540 2.320981
v -4.419034 2.472986 2.294427
v 0.229220 4.970790 0.532261
v -2.567727 2.154761 4.532541
v 4.244768 1.585974 3.464856
v -2.802778 2.115283 4.424407
v 3.915487 2.440487 -0.473733
v 3.655467 0.939298 4.865788
v 2.710350 3.388666 0.985556
v -4.724060 2.228097 0.006039
v 1.305828 1.887645 5.480929
v 2.761476 3.359372 0.907573
v -4.885177 1.156665 -0.707280
v -4.858427 1.240830 -0.736766
v 4.528555 1.827518 1.849463
v -3.364934 2.874209 -1.301816
v -4.456018 1.943926 1.176708
v -3.455288 2.811197 -1.300100
v 4.117262 1.171312 3.683838
v 4.613101 1.563778 -1.402390
v 0.101799 3.685288 -1.294124
v 4.229468 1.085642 3.956262
v 0.727160 4.444778 1.522325
v -4.503462 1.788413 -1.873288
v -4.197731 2.401837 1.899262
v 0.268514 4.800541 1.207566
v 0.743521 2.707341 -2.780048
v 2.394583 2.164998 -2.829479
v -0.419125 2.699178 4.924876
v -2.422505 3.431073 2.547970
v 2.467741 2.297510 -2.691849
v -3.193180 1.542904 -2.926661
v -5.048049 1.457343 0.044699
v 3.698698 2.518430 -0.621579
v 1.935771 3.887789 0.626846
v 1.979734 4.008709 0.722177
v 3.473723 2.893528 0.848543
v -1.737557 1.453558 -3.686939
v 3.608693 2.869274 0.643500
v -1.868231 1.525363 -3.760344
v 1.858265 3.516985 1.970696
v -3.189473 1.590593 -3.044746
v -1.726922 1.418518 -3.779138
v 3.777148 2.755323 0.548500
v -3.256622 1.551791 -3.062818
v -0.934648 4.254871 1.743532
v 3.186073 2.577690 -1.513288
v 3.541935 2.322740 -1.129778
v 0.844287 3.281926 3.497242
v 3.480398 2.368588 -1.048600
v 0.929708 3.398157 3.253853
v 2.360291 3.210384 -0.553884
v -0.488275 2.133724 -4.649953
v -1.738942 2.870838 -2.120455
v -1.168634 1.306253 -3.414857
v 0.699793 2.386643 5.542223
v -1.711762 2.805721 -2.273250
v -1.335952 1.378148 -3.494838
v -0.051543 1.376101 -3.689632
v 0.714306 2.202870 5.569438
v -1.419042 2.818608 -2.281670
v 0.606015 2.164666 5.569361
v 2.680166 3.569502 1.069528
v -0.224047 2.488960 -2.183757
v -2.456037 2.714279 3.566182
v 0.623663 3.314291 3.432717
v -4.031400 2.857027 0.176369
v 0.604558 3.476244 3.160035
v -4.942535 2.031042 2.063982
v 2.666184 3.943447 1.495900
v 1.289208 4.457377 0.511025
v 0.717823 3.485889 3.055897
v 1.400442 1.918871 5.416212
v 3.882158 2.399345 0.942486
v -0.185499 2.676221 4.409261
v -2.396918 3.380433 2.735670
v 2.712827 2.201269 -2.713764
v 3.790457 2.471864 0.909000
v -0.000793 2.645177 4.408125
v 2.460348 2.343255 -2.574232
v -0.031735 2.722192 4.328651
v 4.667901 1.639288 1.583770
v 4.553792 1.799088 1.427393
v -0.793511 2.182552 -2.503001
v 4.492457 1.820528 1.352354
v -0.936259 1.982338 -2.645784
v 4.396620 1.888303 1.323465
v -1.297448 4.002114 2.261494
v -4.593810 1.924776 1.456405
v 3.873574 2.120434 3.283873
v -0.355283 3.565774 -1.305058
v 0.461982 2.255162 5.621575
v 1.020900 2.093824 -3.616690
v -5.371432 1.190520 3.440906
v -0.616559 4.319903 1.063848
v 0.161252 2.478169 -2.148754
v -0.682069 4.280992 1.009173
v 3.282376 2.074322 -2.515207
v -3.626694 2.738522 0.231095
v -3.651011 2.701493 0.305538
v 4.182916 1.848120 3.452246
v 1.971583 3.814044 0.519648
v -3.095392 2.927948 2.391316
v 2.343478 2.625911 -2.177498
v 2.045060 3.712541 0.397761
v -5.526385 1.186132 3.329491
v -5.278771 1.475302 0.988238
v 1.955026 3.797726 0.404159
v 1.965647 3.723043 0.383115
v 2.588752 2.248521 -2.721477
v -5.612258 1.238747 3.404036
v -4.980452 1.653394 0.302103
v -1.994419 4.409763 -0.143513
v -0.500057 2.970169 4.003979
v -3.043487 3.154181 1.864407
v -0.214746 1.537018 -4.085395
v 0.782200 1.670007 -3.971142
v 0.011581 1.539530 -4.099425
v -3.203665 3.295763 1.056422
v -3.750729 1.523010 -3.633321
v -1.666109 1.081684 5.554358
v -3.985749 2.750769 1.326507
v -2.369041 3.535803 2.476380
v 1.717801 3.558815 -0.680364
v -3.849014 2.798659 1.285646
v 0.294715 2.661373 5.065800
v -3.671793 2.906249 0.573574
v 1.702039 1.320011 -3.751994
v -4.396950 1.335890 -2.497632
v 4.115863 2.393116 2.122038
v 1.888640 1.387000 -3.672682
v 1.493001 1.094032 -4.335617
v -4.356540 1.318274 -2.610363
v 3.689005 2.026696 -1.879271
v -4.275389 2.316916 1.892156
v 1.096765 1.181443 -4.296591
v 3.869481 2.577729 2.515530
v -4.164006 2.346849 1.850312
v 1.333611 1.173885 -4.305959
v -0.809141 3.974864 2.384758
v -5.168185 1.726736 3.200494
v 1.080738 3.398317 -1.356737
v 0.822222 4.585392 0.589457
v -5.245455 1.820058 3.208409
v -0.540889 4.055984 2.243065
v 0.846736 4.618104 0.465297
v 1.092653 3.719656 -1.176225
v -2.033800 4.290327 1.084733
v 1.966671 3.040670 -1.868078
v 1.802661 3.060662 -1.795920
v 4.183578 2.031950 3.028016
v -4.716059 1.209029 3.649777
v -1.875700 4.323230 1.054695
v -5.376667 1.722137 0.471915
v -4.196081 1.799396 -2.523154
v 4.378340 1.008118 3.391914
v 1.023800 2.464099 -3.266350
v -0.889209 2.738692 4.881096
v -2.121891 1.465429 -3.272778
v 4.357640 1.543238 -2.166939
v 3.152505 2.666374 -0.928347
v 2.420864 3.882576 0.658164
v -2.236801 1.482287 -3.349172
v 4.354603 1.495050 -2.164038
v 2.367920 3.993650 0.738010
v 3.222325 3.383687 0.230447
v 1.460501 4.287503 0.541203
v 2.425139 3.490368 1.794219
v -3.460092 1.715514 -4.234961
v 1.581445 4.083504 0.507939
v -3.410614 1.652315 -4.114321
v -3.908954 0.903484 4.874945
v -3.394049 1.571729 -4.036454
v -4.459574 2.317915 2.185256
v -5.315966 1.047918 -0.657384
v -2.648431 2.113490 4.430757
v -5.443627 1.014161 -0.643599
v -0.123512 1.424142 -4.124675
v 2.364059 1.707556 -3.147000
v -0.191598 1.552752 -3.132526
v -5.366058 1.029153 -0.574136
v 1.304477 4.364226 1.492073
v 0.284759 2.005704 -4.272818
v -5.312444 1.077166 -0.563763
v -0.042510 1.519572 -3.329803
v 3.912866 2.328461 0.946073
v -0.611032 2.359598 5.217406
v -5.093322 1.456451 3.436302
v -0.361855 4.714324 -0.052413
v 3.891868 2.392248 -0.637957
v 2.793766 3.086246 3.222470
v 1.074281 3.044491 -2.067015
v 0.601406 3.655236 -1.206410
v -4.245960 2.702519 1.127809
v -4.140328 2.805308 -0.135687
v -1.293934 1.683831 -3.924409
v 4.086397 1.990846 -1.480389
v 0.938613 2.985082 4.179941
v 5.042334 1.438197 0.165876
v -2.213766 1.875560 -3.019733
v 4.936666 1.601185 -0.187644
v 4.408689 1.962796 2.202732
v 3.115463 0.924664 5.161520
v 3.185141 3.144898 0.960566
v -2.836020 3.140441 2.386903
v 3.263851 3.174292 1.008001
v -4.455145 2.330018 2.367699
v -4.681481 2.158799 -0.897689
v -3.863043 2.382724 -2.016061
v -1.702798 2.778963 4.021295
v 0.176492 2.174151 -2.671731
v -4.258291 1.510819 3.742773
v -4.187446 1.736022 3.734304
v 4.878621 1.796728 0.460707
v -5.384178 1.163212 2.945950
v 0.658759 1.839803 5.609331
v 3.974539 2.144485 0.491244
v 3.994858 2.128545 0.671393
v 0.614349 1.712288 5.639277
v 1.918330 4.289924 1.274448
v -2.470129 3.066857 -1.570694
v -2.240630 3.141556 -1.469190
v -4.765582 1.705482 3.422194
v 3.311953 2.364305 3.403136
v -1.073825 4.121623 2.080891
v -1.826963 4.452023 0.277267
v -0.163038 2.410325 5.338410
v 3.774555 1.079187 4.533604
v 3.308788 2.642563 3.218332
v -1.682967 4.453118 0.626801
v 3.832916 0.963784 4.547078
v 3.297945 2.568161 3.325846
v -0.500919 3.754519 2.753137
v -0.078144 1.902950 -2.614629
v 4.483168 1.404787 -1.992033
v -1.938090 2.301066 4.769133
v -0.087458 4.836639 0.096685
v -2.539909 1.260959 4.691335
v -2.259582 4.100173 0.647592
v -3.357841 2.741032 2.415639
v -1.962710 2.302498 4.706092
v 2.648106 2.785955 3.645339
v 4.383885 1.720686 -0.203273
v -1.431072 1.167699 -3.880591
v 1.551519 1.572866 -3.740438
v -4.009014 2.898115 1.115551
v -5.346837 1.400398 -0.116296
v 1.657244 1.563724 -3.673069
v 3.868990 2.615124 2.138603
v 1.343392 2.506295 4.893594
v 0.304529 4.005390 -0.673461
v 3.935501 2.197771 2.559469
v 4.117974 2.079562 2.333406
v 2.862605 3.342414 0.390919
v 0.188432 4.967783 0.331314
v -3.314434 1.083245 4.645420
v -3.664446 1.110943 4.283150
v -3.666250 1.295427 -4.473241
v -3.527387 1.138269 4.335532
v 4.995939 1.064105 -0.757517
v -3.118138 3.322172 -0.093356
v 3.719345 1.924523 -1.858634
v -2.776684 3.676520 0.107026
v -2.889385 3.803308 0.343180
v -2.729383 1.905952 4.590598
v -2.154896 2.722397 -2.212240
v 2.800038 3.814658 1.469742
v -0.774967 1.078503 5.650371
v 1.285353 1.338360 -3.990173
v 2.031402 2.572300 -2.437170
v -3.340355 2.680760 -1.850748
v 1.330354 3.735414 -0.835702
v -1.308225 2.954596 3.771244
v -3.394750 1.451079 -3.839763
v 0.431790 1.644061 -3.734059
v -2.441054 3.966035 -0.241297
v 1.442429 2.515728 4.611279
v -1.264085 2.607734 4.866106
v -3.340775 1.470151 -3.879015
v 1.526055 2.419590 4.674562
v 0.550530 2.037567 5.586780
v -1.419864 2.577873 4.778854
v 1.343399 2.499317 4.659006
v 1.827382 2.412946 5.176527
v -3.790612 3.010591 -0.102040
v -1.479989 1.199681 -3.775643
v 1.317508 2.524297 4.742725
v 0.518592 3.820605 2.346432
v 4.658820 1.755658 -0.403618
v -2.097955 1.501434 -3.522800
v -4.466202 1.203948 -2.501781
v 0.554666 3.694161 2.407101
v 0.330058 3.788126 2.442555
v 1.010195 3.516385 -1.168712
v 1.849509 0.957134 -3.917001
v 0.162603 4.390831 -0.370109
v -1.770463 3.782876 1.924473
v -3.952976 2.515223 -0.290278
v 4.480452 1.996923 2.402579
v 3.010520 1.714729 4.687873
v 2.733726 3.085614 -1.201005
v 4.564780 1.986759 2.350436
v 3.223903 2.443769 3.487537
v 1.269637 1.308295 5.559505
v -0.637835 1.750214 5.616798
v 4.498432 1.989989 2.589068
v -2.446278 1.728656 -3.947159
v 0.588230 4.860569 0.280052
v 2.448390 2.520572 4.024018
v -0.527591 1.581423 -4.074017
v 3.813110 0.875484 5.102751
v 0.705627 3.234642 -1.878651
v 2.895947 2.905696 3.192971
v -2.025793 3.661383 -0.709355
v 0.260665 2.521642 -2.509825
v -2.067131 3.835590 -0.564207
v 0.473007 2.547017 -2.390002
v 1.137132 3.479876 -1.225140
v -1.297609 2.449283 4.513041
v -2.564359 1.791696 -4.333463
v -1.586194 2.411685 4.534476
v -3.971329 2.223425 -1.856854
v 3.784255 2.126684 -1.289394
v 0.633959 4.402172 -0.271910
v 0.124772 3.525479 2.953866
v 3.847613 2.121104 -1.312554
v 0.199501 3.944685 2.299536
v 0.215239 3.515952 3.047645
v 3.773724 2.212601 -1.365518
v -2.701177 3.204375 2.652808
v 3.909149 2.141135 -1.422682
v -2.456526 3.446129 2.491374
v -3.100442 3.470821 0.138359
v 2.349415 3.309339 3.230723
v -2.597131 3.306109 2.508533
v 2.763574 3.158318 -0.353899
v 3.724175 1.824503 -2.029467
v 2.493469 3.194960 2.951670
v -1.257576 1.931904 -2.748266
v -0.784145 1.680370 -4.005997
v -1.188208 4.264284 0.991392
v -1.178766 1.892417 -2.769449
v -2.861751 2.131305 -2.537993
v -1.019210 1.783696 -3.990870
v 3.427687 3.080263 2.069179
v -2.803747 2.340204 -2.456515
v -3.508322 3.291713 0.178519
v -1.110889 4.119123 1.884040
v 2.350561 3.268529 3.113045
v 2.303774 3.607831 -0.329348
v -4.859610 2.258710 2.413439
v -3.516654 3.226497 0.412032
v 2.423750 3.218483 3.011593
v 2.326947 3.569875 -0.383028
v -4.576971 2.288862 2.248125
v -0.163854 4.349029 -0.553020
v 2.501238 3.248510 3.119049
v 0.468861 4.290105 -0.576887
v -3.639830 2.391792 3.020976
v 2.936027 3.288104 -0.038975
v 4.302475 1.925020 -1.180152
v 0.976399 3.394964 2.755149
v -3.609677 2.417150 2.899926
v -1.634427 2.947676 -1.956415
v -3.649700 2.455760 2.811885
v -1.524233 3.012099 -1.913406
v 2.261475 3.823064 0.437812
v 4.355102 1.946225 0.716295
v 2.356403 3.763273 0.438371
v 0.960530 4.218011 -0.735951
v 2.148417 3.844439 0.715839
v 0.788289 3.072436 3.918204
v 2.147713 3.825175 0.579459
v 0.770528 3.024293 4.038803
v -1.552020 2.199590 -2.510376
v 2.069533 3.802441 0.636858
v -1.371003 3.799147 2.752290
v 2.471982 1.220550 5.352945
v -1.142981 3.631437 2.880049
v 2.432994 1.463149 5.293667
v -1.388296 3.530254 2.955378
v -0.688142 1.383221 -3.239580
v -1.184897 2.237567 -2.552566
v 1.246714 4.414313 1.231480
v 3.982371 2.521486 2.128841
v 0.583577 4.207837 -0.491898
v -5.517932 1.045600 3.816042
v -3.021257 2.909671 -1.609339
v -3.274133 3.361229 0.419732
v -1.982143 1.325939 4.981267
v -3.271687 2.864654 -1.447442
v 4.332723 1.655370 -1.401111
v -3.018262 1.675363 -4.151052
v -4.438241 2.580116 1.298027
v -2.927534 1.632546 -3.984936
v 0.889569 4.281720 -0.599245
v 0.702675 4.325214 1.713347
v -0.885270 1.571622 -4.021859
v -1.924962 3.060186 -1.708487
v -3.013386 1.632791 -4.036407
v 1.755876 2.388179 4.537919
v -1.563193 1.657737 -3.839138
v -3.587689 2.604972 -1.617919
v -3.037866 3.256076 1.693495
v -1.347129 3.337664 -1.372594
v -3.531754 2.577780 -1.587084
v 1.554274 2.277570 5.397924
v 0.930454 4.277061 1.572994
v 5.075696 1.201566 1.778800
v 3.308710 2.406989 3.354728
v 0.980878 4.302507 1.494129
v -4.375962 2.138831 0.503662
v 1.405921 2.128135 5.436305
v 5.111869 1.155283 1.922379
v 3.435935 2.323858 3.236517
v -3.549335 2.660567 -1.527483
v 4.247124 1.928315 -0.202738
v 4.346157 1.895102 1.008495
v -0.019610 2.123893 -2.521066
v 5.109135 1.467334 1.260334
v 4.846853 1.285884 2.088804
v 4.299469 1.779375 -0.365034
v -0.297395 2.606115 -2.125524
v 0.087412 3.389753 -1.645831
v 4.682987 1.301110 2.547602
v 4.244996 1.830227 -0.494776
v 2.612614 1.943063 -3.079308
v 5.046472 0.935857 -1.214168
v 4.236349 1.931356 -0.532140
v 2.621072 1.847477 -3.108196
v -0.401584 4.421718 0.997942
v 1.830613 2.781789 4.284279
v -0.445623 4.567422 0.045395
v 4.457413 1.323586 3.170125
v -4.061801 2.045063 -1.878991
v -1.636611 2.831902 3.846338
v -1.515302 2.864778 3.849356
v -0.341877 4.570343 1.024966
v -1.553835 1.311187 -3.688146
v -3.031068 1.573861 -3.484714
v 0.359570 2.314726 -2.896291
v -1.876353 2.720987 4.016500
v -3.393033 1.580257 -3.488997
v -1.200764 3.589728 -1.121507
v 4.442111 1.664279 -1.639711
v -1.327052 3.601265 -1.012883
v 4.511603 1.573294 -1.771554
v 2.399885 2.396677 -2.377334
v 0.986473 3.949219 -0.603846
v 4.439580 1.592955 -1.809471
v -5.187826 1.535235 2.336481
v 3.017400 3.222763 2.291410
v -5.231587 1.533998 2.485900
v 2.809350 3.213290 2.274511
v -0.057172 1.786399 -4.145038
v 1.087662 4.359179 0.108819
v -2.630435 2.770190 -2.009659
v 2.451624 3.199980 2.406015
v 2.178436 2.359440 -2.811164
v 2.300100 2.956068 3.813771
v 2.108150 2.252024 -2.949292
v 2.427972 3.214996 2.447932
v -0.625603 4.465258 0.755597
v -0.680197 1.242249 -3.994843
v -3.417988 2.948298 2.024728
v -5.339967 1.669467 0.341979
v -3.703956 3.122848 0.420319
v -1.099808 4.490665 -0.485223
v -3.644131 3.158758 0.458825
v -4.640912 1.607126 3.418798
v -0.865213 2.345296 -4.273877
v -4.369256 1.835774 -2.184350
v -4.606439 1.841092 3.397117
v -5.007295 1.486139 -0.320265
v 3.285061 2.062169 -2.904032
v -4.250480 1.881963 -2.025563
v -3.475350 2.629045 2.717316
v -4.479177 2.536001 1.623095
v 2.248020 2.213961 4.835768
v -3.526695 2.543696 2.841263
v -1.887680 3.787469 -0.716438
v -0.323159 4.732254 0.351201
v 4.139894 2.047917 -1.579296
v -0.061520 2.678953 4.350540
v 2.522367 3.051425 3.477670
v 3.264402 2.832876 0.014065
v -2.992700 2.176878 4.023935
v -2.542045 1.003799 5.199335
v -1.331805 3.809907 -0.814043
v -2.636764 1.048367 5.073972
v 2.835623 2.014312 4.964760
v -4.981761 1.871103 3.131583
v -4.519693 1.321259 3.595142
v 4.946287 1.003479 -1.707519
v -1.468347 3.845984 2.278501
v 0.170470 3.202615 3.663510
v 4.905757 1.149375 -1.863648
v -0.574784 3.644942 2.873736
v -3.240989 1.577586 -2.681046
v 4.929414 1.095540 -1.752982
v -4.501558 2.215099 2.415321
v -3.986635 2.258148 2.803362
v -2.727192 1.806732 -3.082805
v 0.420938 2.966643 4.105228
v -3.166145 2.940833 -0.821055
v -4.778101 1.771758 0.817650
v -3.343481 2.678504 3.060079
v -5.347704 1.489836 3.695329
v -2.260623 4.342117 0.136459
v 2.985853 1.816779 4.594773
v -3.321741 2.674863 2.929712
v -1.320693 2.887412 -2.225452
v 2.708248 2.285580 -2.213614
v 0.733995 3.024014 4.096388
v 2.886256 3.027647 -0.564643
v 3.580197 1.266132 4.318458
v 0.774246 1.510690 -4.403674
v -4.681367 1.489832 -1.468205
v -4.727732 1.072975 -1.410826
v 4.445706 1.757989 0.288054
v -4.713398 1.227026 -1.395222
v -0.135598 3.391420 -1.575365
v 0.864775 3.239332 -1.844690
v 2.036591 2.877920 -1.973362
v -4.711718 1.362360 -1.449124
v -0.332017 3.367633 -1.659642
v 4.603831 1.676442 1.426273
v 2.854667 3.263023 0.827909
v -3.041438 3.015486 -0.981466
v -3.958194 2.691604 1.555254
v -0.348356 3.321051 -1.704103
v -3.801149 2.763465 -0.404999
v 4.604301 1.592587 1.355785
v -0.680133 2.615676 4.394815
v 4.616706 1.600131 -1.576000
v -2.869023 1.729856 -4.315596
v 1.308509 3.123163 -1.857112
v 0.732426 4.007308 -0.794541
v 1.424967 4.419407 1.381871
v 1.596720 4.431121 1.350874
v -0.936993 3.138779 3.525891
v -1.338660 3.154416 -1.860829
v -4.841421 2.283272 1.605973
v -1.456728 3.074558 -1.767001
v 4.231500 1.770801 -0.641983
v -3.949236 2.290617 2.672669
v -4.821601 1.791826 1.339387
v 5.023236 1.526965 1.806482
v -4.010622 2.273036 2.644426
v 0.215832 3.265772 -1.789999
v 4.939709 1.020029 -1.322509
v -1.567618 1.979142 -2.808688
v -0.451804 4.353742 1.109144
v 2.460662 3.984004 0.998548
v -3.257723 1.504676 -2.901364
v -1.689974 4.471643 0.297155
v -0.130835 4.745526 0.494330
v 0.014926 4.850730 0.363957
v -2.374583 2.176543 4.389204
v -2.344088 2.199234 4.529202
v 4.301284 2.150692 1.900371
v 1.068321 2.591624 5.441004
v -2.278914 2.243095 4.403918
v -5.555233 1.163801 0.993974
v 1.169039 2.471163 5.441721
v -3.877898 1.208087 4.049955
v 4.729373 1.274919 -1.706486
v 1.002518 2.453326 5.494136
v 1.157122 1.665061 5.537659
v 1.053893 2.262084 5.494584
v 4.153860 1.642069 3.538461
v 0.988023 2.293555 5.516986
v 4.082216 1.724132 3.540048
v -4.581820 1.739231 1.261269
v -2.665939 1.549750 -4.493411
v 4.253051 1.964296 0.028839
v 2.887019 3.321098 1.290559
v 4.004291 2.060235 3.069818
v -2.395360 4.204225 1.225828
v -2.555387 4.130790 1.356467
v 1.566815 4.001750 0.274333
v -2.811075 1.597402 -3.374044
v -5.272760 1.675352 0.526332
v 2.399708 2.229829 4.648365
v 3.112368 2.770323 -1.084449
v 1.157525 2.198428 5.490777
v 0.651029 1.630428 -4.290840
v 4.763297 1.633170 -0.864366
v 0.585019 1.632486 -4.439058
v -4.702456 1.940052 0.549823
v 4.874633 1.539761 -0.791780
v -4.810088 1.891953 0.559085
v 1.005269 4.020128 -0.588108
v 2.006210 3.329282 3.472972
v 2.747519 2.119857 -2.336985
v 4.284292 1.763983 -1.510747
v -2.664004 2.900684 3.402779
v 2.583959 2.247143 -2.433213
v 4.270524 1.866383 -1.505223
v 4.760087 1.834890 0.350865
v 2.620536 2.188020 -2.393472
v 2.472808 2.203006 -2.812089
v 2.656844 2.174722 -2.301049
v -1.131296 1.156749 -3.909778
v -3.756180 1.545557 4.063374
v -3.902441 2.642815 -0.897993
v -3.806121 1.638881 4.016774
v 3.647924 1.479403 4.034207
v -3.521118 2.524472 -2.056762
v 3.718350 1.513558 3.936365
v 1.069288 1.177234 -4.240370
v -1.141696 2.866432 3.881750
v 4.127233 1.525466 -2.602773
v 3.281289 1.271679 4.856114
v 4.266365 1.540173 -2.472194
v -0.010388 3.694151 -1.262534
v -1.363474 2.515734 4.252283
v 4.373047 1.221071 -2.506348
v -0.033056 3.630542 -1.289242
v -0.040217 3.596639 -1.360285
v 2.605689 3.168761 -1.116627
v -4.506834 2.295370 -0.728595
v -2.674307 2.606757 3.668739
v -3.460540 3.029984 1.404666
v 0.930924 4.386798 0.040827
v 1.448676 2.257205 5.414330
v -3.927284 2.837005 1.241834
v 3.525663 2.173143 -1.798616
v 4.277350 1.263788 3.456281
v -4.215325 1.941578 -1.885891
v 4.216251 1.117559 3.575517
v 2.878697 2.340056 -2.053006
v 2.722184 1.683719 -3.345319
v 4.735785 0.941074 2.668432
v -1.167666 4.163761 -0.587809
v 1.424162 4.135478 0.024561
v 0.025854 2.164922 -4.647208
v 4.331857 1.891564 0.407508
v 1.458772 3.281663 3.280986
v 1.058333 4.199318 -0.277688
v -3.295328 1.256258 4.330094
v 1.395399 3.220460 -1.490795
v -0.876902 1.813111 -3.994481
v -0.414905 2.669236 4.721484
v 2.115484 2.555054 -2.470514
v 0.164288 2.450585 -2.512619
v 0.090409 2.103756 5.642361
v 3.373213 2.515341 3.262033
v 0.106442 2.409948 -2.398944
v -5.176289 1.341554 3.279929
v 0.914259 4.477036 0.753071
v -5.309506 1.222564 3.140694
v -5.211122 1.306647 3.157614
v 1.602660 1.198799 -3.848709
v -1.714231 1.309609 -3.788085
v 1.852425 1.265156 -3.701395
v 4.324958 1.078934 3.596437
v -4.956510 1.673213 2.344679
v 1.861931 1.202548 -3.755898
v -2.348541 3.840261 -0.418637
v 3.149896 1.627106 -3.110936
v -5.624775 1.349005 0.720709
v -2.735699 3.589922 -0.179551
v -5.180659 1.501730 2.574289
v 0.953433 2.915083 -2.106326
v -1.538342 3.914085 1.727395
v -1.746320 3.832974 1.795949
v -5.533304 1.162479 1.335339
v 1.300796 3.566861 -1.200958
v 4.481220 1.623688 -0.705521
v -1.804273 3.847385 1.769984
v -3.072746 3.538446 0.260896
v 1.351231 3.443287 2.414805
v -2.683595 3.778726 0.048417
v -2.872312 1.797408 -3.178398
v 1.189496 4.398321 0.715298
v -0.535528 3.775352 -0.937651
v -0.332550 4.050896 -0.720892
v 1.913812 1.483367 -3.588463
v -1.182244 3.080191 -1.970934
v -0.725106 2.689924 4.998682
v 3.630424 2.854412 2.552609
v 2.529694 3.153444 -1.425138
v 0.840292 2.649420 5.459420
v 5.149551 1.182134 1.233542
v 0.654141 2.591115 5.505105
v -0.347710 4.566941 0.885659
v 0.079026 1.893641 -2.902874
v -2.715744 3.455030 1.780624
v 0.641298 2.620197 5.448620
v 3.518260 1.950265 -2.280726
v -3.864009 2.962369 -0.246855
v 1.380432 2.712812 -2.866154
v 4.572742 1.787612 1.711982
v 2.164902 0.937183 -3.909431
v -2.738571 3.235857 -1.072983
v 2.032495 0.952820 -4.079695
v 2.188649 0.941443 -4.117587
v 4.323961 1.895852 2.034502
v -4.493385 1.918246 1.050859
v 2.766201 3.812378 1.217998
v -1.328568 1.690710 5.120723
v 4.326189 2.004103 1.113123
v -0.296199 2.134914 5.599316
v -4.512200 1.847045 0.987428
v -4.242207 2.167061 0.506936
v -3.059937 3.495542 0.756399
v 1.295358 2.665797 5.367069
v 1.432196 2.611264 5.364352
v -5.305795 1.186310 2.886776
v -5.463881 1.142076 2.858746
v 4.074845 1.671641 -2.147352
v -4.027407 1.891120 -2.541523
v 0.326376 1.451155 -3.983270
v 3.013571 1.714577 4.804024
v -0.018761 3.269122 3.573798
v 0.253045 1.539841 -4.056282
v -2.676148 3.123890 3.010494
v 3.020502 1.834204 4.957986
v 0.326425 1.606626 -4.121280
v -4.397508 2.277884 1.988308
v 0.913587 2.013685 5.555585
v 0.514424 1.276096 5.682991
v 0.883159 1.872525 5.562180
v 4.153440 1.098622 -2.703528
v 0.461956 1.426629 5.683930
v 4.684915 0.919785 3.119576
v -4.465515 2.406650 -0.180959
v 0.637330 1.552392 5.636273
v 3.985333 1.219905 -2.697826
v -4.432687 2.501992 -0.080312
v 1.922974 2.933519 -1.885799
v 0.464974 1.466012 5.660665
v 0.544452 2.599728 -2.124496
v -0.171133 2.236429 -4.639791
v -3.207082 2.814226 2.609080
v -5.079959 1.766571 1.323948
v -4.170624 2.144562 -1.495046
v -4.732744 1.490334 3.516496
v -5.016698 1.827207 1.265148
v 1.970575 2.324467 5.257344
v 1.371764 2.657284 -2.989925
v -5.080293 1.841041 1.192429
v -0.808287 2.463099 5.096604
v -3.995090 2.278426 2.390949
v 1.567893 2.566233 -3.013817
v 4.705868 1.490902 -1.529856
v 1.812459 4.311541 1.136695
v 3.341792 2.815327 -0.328249
v 3.368268 3.157631 0.436792
v -3.236150 1.424526 -4.490795
v -5.328341 1.293831 2.086796
v 1.075591 4.546532 0.560846
v 3.548577 1.769474 4.152591
v -5.431749 1.182986 2.209737
v -4.931820 1.577538 2.290226
v -4.504019 2.119555 2.740814
v 3.604834 2.208449 3.070342
v -4.415203 2.187806 2.763050
v 2.869420 3.258461 1.118382
v 2.664985 3.651973 1.636526
v 2.191935 1.640377 -3.394604
v -1.829549 4.467206 0.703794
v 0.318295 2.795187 4.258532
v -2.468987 3.306506 -0.984379
v -5.477020 1.164892 2.421887
v -0.577837 1.806461 5.460706
v -0.281079 4.127877 2.075204
v -0.654262 1.268060 -3.465918
v 3.189848 3.327213 0.463973
v 2.280510 4.010768 0.958285
v 1.656040 1.751652 -3.568444
v 1.066233 2.620232 -2.282051
v 4.181020 1.605155 -1.925393
v -1.353259 1.713912 -4.581278
v 4.248244 1.630083 -1.859066
v -0.955156 1.756408 -4.646674
v -0.846471 4.208611 1.354038
v 1.308686 4.492026 0.580382
v 0.750692 2.207205 -3.695678
v 0.685286 2.266892 -3.626985
v -4.247874 1.625302 -2.571090
v 3.634626 2.756830 1.174915
v 4.101685 2.361009 1.606701
v -0.282787 2.098135 -2.414755
v -0.571641 2.079428 -2.496570
v -0.416386 1.921640 -2.546064
v -0.235118 3.535829 3.024343
v 5.221582 0.915381 -1.788011
v 0.067421 3.474749 3.078251
v -1.587872 1.576425 -3.068132
v -3.349889 2.444436 3.401070
v -1.734478 1.570394 -3.122066
v -4.701043 2.029629 3.128094
v -3.531941 2.756685 2.436819
v -3.728989 2.702975 2.504806
v -3.785518 2.690644 2.482661
v 2.958715 2.137886 -2.675852
v 0.702108 1.567668 -4.421347
v -5.168511 1.430384 3.239224
v -5.040341 1.710420 2.431500
v -4.065521 1.434804 -3.805422
v 0.202770 4.935215 0.673395
v -3.433563 2.616907 -0.779247
v 0.164575 4.950730 0.740073
v 4.983158 1.394934 -0.429126
v -0.095363 3.849066 2.473589
v 5.017978 1.416832 -0.201488
v -2.022902 1.042825 5.431750
v -3.075455 1.572015 -2.960178
v 1.199522 2.741382 -2.128726
v -5.458545 1.093905 -0.496069
v 1.385792 2.461719 4.987858
v 0.259410 4.476782 -0.223236
v 0.748536 4.543859 0.797278
v 1.279411 2.527998 4.949440
v -3.316469 1.869111 -2.461450
v 0.640556 4.537105 0.874747
v 0.037870 2.469085 -2.238605
v -1.254088 4.579153 -0.164872
v 1.741285 3.926314 1.530120
v -3.057769 2.216972 -2.420261
v -0.923246 4.265968 -0.609458
v -2.168038 3.572463 2.813787
v -2.542573 1.775091 -2.915631
v -1.922507 2.308774 4.421769
v -2.303645 3.579541 2.766077
v 2.975193 2.441332 3.653795
v 4.364975 1.086451 -2.609035
v 3.117635 2.388463 3.737473
v -4.006480 2.643101 1.500233
v 1.432562 4.070343 0.225112
v 3.082181 2.409843 3.689219
v -3.648710 2.152472 3.860979
v -4.171247 2.226413 3.301208
v 3.781811 0.900019 4.850512
v -0.387094 2.449555 -4.519977
v 3.566568 0.941767 4.947151
v 3.663070 0.899652 4.933032
v -0.629233 1.928778 -4.057475
v -0.725569 3.337717 3.273524
v 2.062064 2.823648 4.123162
v 2.126925 2.707358 4.112614
v -1.798979 1.059169 5.467700
v -1.748738 0.988804 5.560238
v -4.158062 2.711632 0.500361
v 0.742549 2.379602 -3.240886
v 0.199833 4.671308 1.381767
v 0.149418 1.393915 -3.962031
v -4.111686 2.760303 0.478170
v 1.133651 1.523463 5.557549
v 2.155949 3.228565 2.807133
v -2.147758 3.853161 1.672523
v 2.530743 3.443496 1.865239
v 1.425256 4.123355 1.569920
v -2.054718 3.842147 1.722145
v -5.425582 1.177009 3.527990
v 3.274468 1.454866 4.594951
v 4.427974 1.619907 3.146814
v -3.977924 1.360004 -3.611135
v -4.571233 1.948182 0.521314
v 0.863395 1.683097 -4.019471
v 3.732289 2.184859 3.583823
v -4.276635 2.136342 0.811367
v -0.496590 2.252590 -4.636859
v 3.853026 1.172861 4.102766
v 4.739068 1.269692 2.389311
v -4.367795 2.071279 0.743491
v -3.257964 3.001906 2.036905
v 4.853583 1.191040 2.183656
v 3.107695 3.265291 1.681941
v -3.235556 2.983490 2.166257
v 4.891047 1.115614 2.123705
v 3.104796 3.235258 1.579821
v -1.716700 4.431972 -0.367765
v 1.786283 2.486720 -2.095836
v 5.121026 1.368416 1.176575
v 3.078901 2.910055 -0.513181
v 1.704742 3.526832 2.082414
v -1.624460 4.228437 -0.479569
v 2.973261 3.329027 1.448582
v 1.653061 2.516287 -2.035217
v 0.276133 3.295377 3.591628
v 3.091479 2.855039 -0.561185
v 0.158110 4.803914 1.148584
v 3.077320 3.179526 1.443496
v -3.324564 3.293618 0.946771
v 1.614071 2.653642 -2.020201
v -3.133889 2.795247 3.211889
v -3.349104 3.291952 0.865723
v 1.773057 2.485847 -2.022879
v -3.003066 2.756103 3.327606
v 1.275622 2.795669 4.515581
v 4.563545 1.343178 -2.272470
v 0.365084 4.737700 0.821437
v 0.832945 3.550842 2.461681
v 3.886725 1.634574 -2.706244
v -2.990443 2.837744 3.350735
v -3.172721 2.152160 3.825335
v 0.916358 3.571763 2.380979
v -3.139791 2.865027 3.129816
v 4.115629 1.733798 -2.529836
v 1.153919 4.046478 -0.277904
v -5.416644 1.465936 0.312618
v -3.051355 2.877818 3.163502
v -5.460599 1.414779 0.249398
v -2.986988 2.920202 3.224244
v -5.583028 1.250950 0.216041
v 0.399878 4.894895 0.432790
v 3.031792 2.047335 4.427435
v -1.092447 4.590834 -0.370393
v 3.897908 2.571169 2.027330
v 3.112252 1.948756 4.453490
v 2.694306 2.814569 3.566071
v -1.543284 1.244727 5.378292
v -3.581722 3.133803 0.885839
v 2.804143 2.089662 4.547171
v 0.247004 3.497438 3.221352
v 3.156598 1.490419 4.563075
v -0.062536 1.355701 5.686013
v 0.369232 3.457453 3.194393
v -2.186424 0.966029 5.517492
v -0.053107 1.481740 5.693826
v -2.368485 0.965284 5.399756
v -0.189363 1.476015 5.707123
v 1.920181 3.328257 -1.108155
v 3.036539 3.495568 1.672251
v -0.199475 1.401013 5.691086
v -3.577425 3.066269 1.043151
v 1.813481 3.355937 -1.261698
v -4.397010 2.182357 -1.227842
v -3.616481 2.966732 1.147842
v -3.511512 2.686674 -1.251359
v 0.603161 2.687471 4.914761
v -3.284770 3.109703 -0.593922
v 2.691739 1.311568 5.249658
v 2.483812 3.001840 3.637619
v -3.162725 3.185617 -0.658490
v 4.957819 1.067943 2.233279
v 2.918763 2.499985 -1.963409
v 2.987935 2.093689 -2.988056
v 4.990587 1.119073 2.155098
v -3.246406 3.137123 -0.696671
v -0.391231 3.263842 -1.805681
v 2.867414 2.065887 -3.096136
v 4.897448 1.185486 2.021168
v 4.841981 1.099573 2.214468
v 3.132613 2.411891 4.046153
v -1.207332 2.319798 -2.393887
v 3.829958 2.534180 1.462234
v 3.728302 1.150557 4.174211
v -4.854784 1.677211 2.352884
v -0.703104 4.231782 -0.670591
v -4.394298 2.640000 1.292327
v 2.159497 1.185462 5.422018
v 2.102477 1.248666 5.391744
v 3.429446 3.064949 1.238430
v 1.896712 1.427593 5.427418
v -1.285440 3.954419 2.634179
v -0.045575 3.721974 -1.087403
v 2.558780 2.268467 4.590837
v 3.539792 2.757836 -0.251509
v 2.226828 2.346138 4.534567
v -3.122499 1.709334 -3.261757
v -2.765326 3.133584 2.558037
v 3.484785 2.858434 -0.194752
v 4.879089 1.128329 -1.957458
v -0.512668 2.623049 4.406463
v -3.212494 1.622205 -4.394376
v -3.525410 1.557037 -4.390985
v -5.072874 1.650246 1.798579
v 3.922582 2.000601 -1.212586
v -4.698585 2.295568 -0.071139
v 3.446965 2.434169 -0.906770
v 4.297642 2.011436 0.925022
v -4.709526 2.147045 -0.306309
v 3.571401 2.334856 -0.871292
v 4.716211 1.585286 2.325804
v 3.519944 2.326891 -0.968101
v 4.688243 1.679620 2.305902
v -0.840482 2.780909 4.081858
v 4.644181 1.720925 2.450046
v -0.798637 2.350094 -4.353817
v 0.704071 4.361408 1.149434
v -3.260073 3.199737 -0.385269
v -5.407905 1.258026 3.916454
v -3.284875 3.149675 -0.489147
v -2.185670 4.344026 -0.042986
v 0.152981 1.928343 -3.085785
v 2.959560 2.946290 -0.583785
v 0.025195 4.630439 -0.303187
v 2.917989 2.912075 -0.597248
v -2.208390 1.462279 -4.563671
v 2.912136 2.931164 -0.515982
v -3.313242 2.886824 -1.147234
v -5.232067 1.495860 2.558401
v -2.885539 3.060323 2.525112
v 0.476750 4.758079 1.126944
v -4.339055 2.126790 -1.441638
v -3.044865 2.342111 3.521946
v -3.793605 1.489180 -3.887096
v 0.475642 4.690035 1.192775
v -0.689864 4.442405 0.275001
v -4.234658 1.664864 -2.294060
v -4.269773 2.177791 -1.378156
v 5.154854 1.021386 0.935664
v -0.538669 4.523199 0.339674
v 1.753355 2.662761 -2.437632
v 5.144176 1.035984 0.688740
v -0.593485 4.480752 0.245075
v 1.688074 2.662110 -2.513741
v 2.654537 4.087434 1.154345
v -4.604861 1.052040 -2.607544
v 4.030758 2.207694 2.378291
v -0.144452 1.695535 5.671008
v -4.517897 1.194454 -2.603475
v 4.037887 2.111251 -1.641993
v -4.248494 1.730930 -2.301024
v 0.612741 3.170113 -2.046260
v 2.746799 2.138574 4.815012
v -0.762247 2.904134 -2.110885
v 1.930287 3.263214 2.866097
v 1.266493 3.762723 -0.876366
v 3.556831 2.265285 3.510757
v 4.293223 1.725788 -1.096744
v -0.056243 4.700192 1.294356
v 0.063384 4.808714 1.184228
v -2.448975 3.957440 0.714660
v 3.514036 1.448000 4.417373
v -0.061321 3.345222 3.771965
v 3.347531 1.180142 -3.189563
v -2.782868 1.336811 4.560663
v -3.920340 2.970913 0.140351
v 3.894320 2.532780 2.392806
v -3.748618 1.381829 -3.473966
v 1.250115 3.789945 -0.776250
v -3.566452 1.590960 -4.307797
v -2.304564 4.199611 1.265337
v -3.789089 2.310467 -0.554807
v 3.888047 1.803448 -2.037604
v -3.817871 2.293558 3.375294
v -0.801486 2.912635 3.924418
v -2.935040 2.303628 3.746701
v -1.119819 2.351182 -4.383190
v 3.353456 2.570335 -0.562845
v 1.971932 4.297633 1.157211
v -2.735447 2.419405 3.699000
v -0.911869 4.301239 1.278162
v 1.191012 3.937320 -0.681156
v -0.158057 3.633012 2.852147
v -3.355934 3.154594 1.213207
v -4.309555 1.227562 -3.648346
v -4.312134 1.148627 -3.594394
v -3.416136 3.271559 0.014536
v 1.506041 2.678538 -2.784376
v -4.421042 1.168393 -3.587894
v -2.953220 1.718439 -4.253976
v 4.731474 1.094762 -2.216453
v 2.076741 2.508838 -2.344685
v 2.133790 3.850556 1.471573
v -1.910963 1.451971 -3.427049
v 4.511527 1.298483 3.011501
v 1.771260 3.284593 2.955685
v -4.205726 1.829926 3.701141
v 4.572296 1.436628 2.786621
v -4.378330 1.839741 3.566526
v 4.703334 1.567189 2.408034
v -3.256105 1.544623 -3.985103
v -4.172283 2.276031 1.044856
v -4.375233 1.792083 3.567974
v 4.606902 1.612104 2.574166
v -3.235088 1.467740 -3.994666
v 0.278232 1.924509 -3.348331
v -4.373993 1.626348 3.632754
v -0.057041 3.747398 -1.182267
v -2.426062 1.934565 -2.776188
v 0.032615 3.701116 -1.184481
v -4.566897 1.435116 3.519651
v 0.153310 1.584176 -3.371678
v -4.150122 2.253068 -0.264319
v 0.751005 4.191305 -0.330907
v -4.060114 2.227470 -0.320779
v -4.653025 1.062704 3.901512
v -3.946153 2.527698 -0.875569
v -4.516917 2.278153 0.203846
v -1.947163 0.945759 5.675072
v 1.622756 3.991599 0.019298
v -4.502360 2.305987 0.133094
v -3.056888 3.443398 0.989731
v 1.478337 4.120963 -0.039217
v 3.842345 2.544858 1.102749
v 3.599359 3.037996 1.383128
v 5.026896 1.079826 -1.911821
v 3.975117 2.292449 -0.829418
v 4.235990 2.067518 0.885340
v 3.982675 2.305702 -0.759313
v 4.479766 1.569088 -1.040886
v 4.098625 2.248736 -0.637586
v 4.489854 1.548489 -1.300731
v -0.435195 1.701713 -4.099346
v 4.155682 2.057896 -0.329269
v 2.244808 1.776801 5.307901
v 1.804864 2.111781 5.360069
v -0.886792 2.513000 -2.275412
v 1.502165 2.161342 5.427567
v 0.079185 1.933074 -4.172864
v 1.592189 2.157233 5.395481
v 0.661193 2.119679 -3.765356
v 0.964310 4.354847 -0.057392
v -3.271563 2.550612 -2.171524
v 3.840527 2.458752 2.666404
v -2.801708 3.806846 1.179270
v 0.918617 4.354161 -0.212152
v -0.563353 2.343884 -4.566530
v 4.937931 1.251817 -0.810023
v -0.650938 2.316574 -4.569247
v -4.311624 1.426535 -2.515235
v 1.904889 3.488701 -0.574057
v 2.161288 3.775386 0.340994
v 4.566685 0.964909 3.437885
v -0.908839 3.346403 -1.557512
v -3.775784 1.845907 3.965083
v -1.066737 3.351601 -1.615102
v -2.963149 3.114944 -1.172913
v -3.752962 1.934772 3.968712
v -3.044119 3.145101 -1.082800
v 3.971321 2.309739 0.145500
v 0.234070 2.010127 -4.496460
vn -0.0533 0.9196 0.3892
vn 0.0296 0.9136 0.4056
vn -0.0219 0.9271 0.3741
vn -0.3326 0.6633 0.6704
vn -0.2571 0.5790 0.7737
vn -0.4553 0.6707 0.5855
vn 0.1917 0.0186 -0.9813
vn 0.0877 0.0334 -0.9956
vn 0.1470 -0.0356 -0.9885
vn -0.7163 0.5705 -0.4018
vn -0.6385 0.7554 -0.1474
vn -0.6858 0.6440 -0.3390
vn 0.9415 0.1469 0.3033
vn 0.8687 0.1477 0.4728
vn 0.9098 0.0675 0.4095
vn 0.5870 0.7927 -0.1645
vn 0.6748 0.6290 -0.3860
vn 0.5566 0.7592 -0.3374
vn 0.9052 0.4075 0.1204
vn 0.7889 0.5988 0.1381
vn 0.6298 0.7707 0.0965
vn 0.2046 0.1118 0.9724
vn 0.2313 0.1165 0.9659
vn 0.2009 0.0961 0.9749
vn -0.4322 0.1556 0.8882
vn -0.4335 0.1400 0.8902
vn -0.4063 0.3648 0.8377
vn -0.2652 0.9596 0.0937
vn -0.2798 0.9145 0.2922
vn -0.2760 0.8950 0.3505
vn 0.5356 0.5900 -0.6042
vn 0.4097 0.7140 -0.5678
vn 0.5889 0.7874 -0.1824
vn 0.3538 0.9215 -0.1605
vn 0.8979 0.4344 0.0719
vn 0.5680 0.8122 -0.1330
vn -0.9532 0.1414 0.2672
vn -0.9397 0.3249 0.1071
vn -0.7078 0.6735 0.2134
vn -0.0843 0.8867 0.4547
vn 0.2031 0.7555 0.6229
vn -0.4180 0.8601 0.2923
vn -0.1423 0.8928 -0.4275
vn -0.2482 0.9122 -0.3260
vn -0.1646 0.8996 -0.4045
vn -0.6455 0.7332 0.2140
vn -0.4596 0.8579 0.2297
vn -0.5685 0.8154 0.1093
vn 0.4534 0.8808 0.1362
vn 0.4681 0.8528 0.2317
vn 0.4275 0.8950 0.1274
vn -0.1735 0.3796 -0.9088
vn -0.1955 0.5503 -0.8118
vn -0.1486 0.3816 -0.9123
vn 0.1062 0.5014 -0.8587
vn 0.1436 0.4858 -0.8622
vn 0.1110 0.4537 -0.8842
vn -0.2632 0.8765 0.4031
vn 0.0006 0.9303 0.3667
vn 0.3432 0.8372 0.4258
vn -0.4858 0.2542 0.8363
vn -0.5357 0.2083 0.8183
vn -0.4996 0.2269 0.8360
vn 0.1582 0.1247 0.9795
vn 0.1415 0.1301 0.9813
vn 0.1888 0.3275 0.9258
vn 0.0742 0.2124 0.9744
vn 0.0555 0.1789 0.9823
vn 0.0206 0.1857 0.9824
vn 0.2370 0.4476 -0.8622
vn 0.2042 0.4889 -0.8481
vn 0.2143 0.4333 -0.8754
vn 0.0424 0.9694 0.2417
vn -0.2205 0.8910 0.3968
vn -0.0968 0.9573 0.2724
vn 0.4825 0.8759 0.0047
vn 0.2645 0.9302 -0.2544
vn 0.2967 0.9335 -0.2014
vn -0.1907 0.8425 -0.5037
vn -0.3234 0.9185 -0.2277
vn -0.1386 0.8811 0.4522
vn 0.0653 0.9958 0.0644
vn 0.1067 0.9852 -0.1339
vn 0.2374 0.9656 -0.1059
vn 0.7856 0.4170 0.4572
vn 0.8075 0.2869 0.5153
vn 0.7780 0.3434 0.5261
vn -0.9383 0.2057 -0.2780
vn -0.9187 0.2391 -0.3143
vn -0.8687 0.2951 -0.3977
vn -0.8842 0.4218 -0.2004
vn -0.9396 0.2996 -0.1654
vn -0.9457 0.3244 0.0196
vn -0.5916 0.7692 0.2416
vn -0.5109 0.8189 0.2617
vn -0.5321 0.8100 0.2466
vn 0.2463 0.7777 0.5784
vn 0.1609 0.9830 0.0885
vn 0.2407 0.9705 -0.0111
vn 0.5284 0.8277 0.1891
vn 0.4137 0.8716 0.2632
vn 0.4949 0.8012 0.3364
vn 0.3694 0.4987 -0.7841
vn 0.4492 0.5136 -0.7310
vn 0.4309 0.4975 -0.7529
vn 0.0736 0.9971 -0.0199
vn 0.6844 0.2806 0.6730
vn 0.6331 0.2549 0.7309
vn 0.6343 0.3123 0.7072
vn 0.4126 0.5040 -0.7588
vn -0.5726 0.3125 -0.7579
vn -0.7124 0.3030 -0.6330
vn -0.6909 0.2480 -0.6791
vn 0.1227 0.8608 0.4940
vn 0.1588 0.8516 0.4995
vn 0.1654 0.8779 0.4494
vn -0.5175 0.8483 -0.1124
vn -0.6489 0.7453 -0.1530
vn -0.6859 0.6308 0.3627
vn -0.0360 0.8144 0.5792
vn 0.0221 0.8216 0.5697
vn -0.0650 0.7691 0.6358
vn -0.0852 0.8016 0.5917
vn 0.0101 0.8679 0.4967
vn -0.0528 0.8588 0.5095
vn 0.0126 0.4951 -0.8688
vn 0.0823 0.4368 -0.8958
vn 0.0599 0.5610 -0.8257
vn -0.3482 0.8088 0.4740
vn 0.0116 0.8721 0.4892
vn -0.2794 0.8114 0.5134
vn -0.3037 0.2020 0.9311
vn -0.3519 0.2237 0.9089
vn -0.4114 0.2924 0.8633
vn -0.0381 0.9975 -0.0600
vn 0.0421 0.9682 -0.2466
vn -0.0243 0.9900 -0.1387
vn 0.3527 0.5528 -0.7550
vn 0.5688 0.3110 -0.7614
vn 0.3945 0.4728 -0.7879
vn 0.1413 0.6235 -0.7690
vn 0.2338 0.7422 -0.6281
vn 0.1730 0.8211 -0.5440
vn 0.8069 0.3599 0.4684
vn 0.9246 0.1590 0.3460
vn 0.8629 0.3225 0.3890
vn -0.2547 0.7973 0.5472
vn -0.2318 0.8709 0.4335
vn -0.1545 0.9423 0.2970
vn -0.4472 0.8934 0.0428
vn -0.3159 0.9083 -0.2742
vn -0.3113 0.9187 -0.2432
vn -0.3374 0.4699 -0.8157
vn -0.3286 0.3597 -0.8733
vn -0.3108 0.3961 -0.8640
vn 0.7741 0.6257 0.0964
vn 0.3467 0.8666 -0.3589
vn 0.6556 0.6437 -0.3948
vn -0.3410 0.8821 -0.3251
vn -0.1732 0.8693 -0.4629
vn -0.7069 0.6067 -0.3636
vn 0.7029 0.7108 0.0262
vn 0.7548 0.4606 -0.4671
vn 0.6913 0.6266 -0.3598
vn -0.8647 0.4957 -0.0810
vn -0.7511 0.6261 0.2096
vn -0.8722 0.4826 0.0795
vn -0.5163 0.5944 0.6166
vn -0.3656 0.9159 0.1657
vn -0.3155 0.8721 0.3741
vn 0.1713 0.6498 -0.7405
vn 0.1613 0.6284 -0.7610
vn 0.2076 0.4846 -0.8498
vn 0.3285 0.9410 -0.0811
vn 0.2993 0.9500 0.0890
vn 0.2495 0.9673 -0.0451
vn 0.4787 0.8752 -0.0702
vn 0.8044 0.5150 0.2962
vn 0.4365 0.8918 -0.1193
vn -0.6766 -0.0244 -0.7359
vn -0.7500 -0.0375 -0.6604
vn -0.6866 -0.0303 -0.7264
vn -0.9772 0.0703 0.2001
vn -0.9552 0.1558 0.2516
vn -0.9548 0.0505 0.2928
vn 0.1363 0.7472 -0.6505
vn 0.1626 0.6839 -0.7113
vn 0.2656 0.8446 -0.4650
vn -0.1077 0.8723 -0.4770
vn -0.0760 0.8103 -0.5810
vn -0.1885 0.8379 -0.5123
vn 0.9034 0.4159 -0.1044
vn 0.8690 0.4921 -0.0514
vn 0.9516 0.3031 -0.0506
vn -0.0163 0.9521 -0.3054
vn 0.1136 0.9815 -0.1539
vn 0.2270 0.9720 -0.0601
vn 0.0066 0.7839 -0.6209
vn -0.8105 0.4927 -0.3166
vn -0.7668 0.5703 -0.2945
vn -0.8496 0.2405 -0.4694
vn 0.8321 0.5512 -0.0612
vn 0.7071 0.6881 -0.1628
vn 0.7359 0.6590 -0.1553
vn -0.1163 0.4973 0.8597
vn -0.1237 0.4579 0.8804
vn -0.1652 0.4648 0.8699
vn -0.6522 0.7051 0.2785
vn -0.5539 0.7344 0.3921
vn -0.4288 0.4587 0.7783
vn 0.4639 0.3408 -0.8177
vn 0.4201 0.3621 -0.8321
vn 0.4433 0.4243 -0.7896
vn -0.1287 0.8858 -0.4459
vn -0.1017 0.8824 -0.4593
vn -0.0853 0.8855 -0.4568
vn -0.0456 0.9642 -0.2613
vn 0.2276 0.9191 -0.3216
vn -0.1454 0.9586 -0.2448
vn -0.2347 0.9582 -0.1637
vn -0.7225 0.6578 -0.2128
vn -0.3501 0.9341 0.0694
vn -0.0563 0.9629 0.2637
vn -0.0596 0.9581 0.2803
vn -0.0587 0.9369 0.3446
vn 0.5862 0.7853 -0.1990
vn 0.7683 0.5770 -0.2772
vn 0.9066 0.3844 0.1743
vn 0.1001 0.3380 0.9358
vn 0.1732 0.3274 0.9289
vn 0.1798 0.4159 0.8915
vn -0.2221 0.4426 -0.8688
vn -0.3327 0.5339 -0.7774
vn -0.0973 0.7026 -0.7049
vn 0.2391 0.4316 -0.8698
vn 0.2399 0.6365 -0.7330
vn 0.1085 0.7353 -0.6690
vn 0.5219 0.0642 0.8506
vn 0.2822 0.1291 0.9506
vn 0.3758 0.0885 0.9225
vn 0.7249 0.6784 -0.1195
vn 0.7033 0.5487 -0.4519
vn 0.7241 0.6844 -0.0855
vn -0.6480 0.7502 0.1318
vn -0.6851 0.7281 0.0229
vn -0.8250 0.5552 0.1054
vn -0.3372 0.3540 -0.8724
vn -0.3519 0.3795 -0.8557
vn -0.2778 0.4175 -0.8651
vn 0.0482 0.9482 0.3140
vn 0.0068 0.9310 0.3650
vn -0.1607 0.9094 0.3835
vn -0.5301 0.7980 -0.2867
vn -0.4158 0.8815 0.2238
vn -0.6032 0.6847 -0.4091
vn -0.1397 0.9829 0.1203
vn -0.5954 0.7885 0.1542
vn -0.1790 0.9774 0.1122
vn -0.6296 0.6139 0.4762
vn -0.6452 0.6920 0.3237
vn -0.4416 0.6736 0.5927
vn 0.2751 0.9339 0.2282
vn 0.4375 0.8513 -0.2897
vn 0.2282 0.9705 0.0775
vn 0.2254 0.9434 0.2433
vn 0.1582 0.9747 0.1578
vn 0.1925 0.9642 0.1822
vn 0.1902 0.9728 0.1323
vn 0.3275 0.9275 0.1801
vn 0.1514 0.9885 -0.0031
vn -0.1142 0.9548 0.2746
vn -0.0626 0.8853 0.4608
vn -0.3594 0.8093 0.4647
vn -0.3828 0.9068 0.1767
vn -0.3515 0.9338 0.0666
vn -0.3135 0.9496 -0.0010
vn -0.8193 0.2946 -0.4918
vn -0.7949 0.3874 -0.4670
vn -0.8184 0.2413 -0.5215
vn -0.4418 0.8591 0.2585
vn -0.3044 0.8592 0.4111
vn -0.4461 0.8799 -0.1638
vn -0.3416 0.4408 -0.8301
vn -0.3198 0.4628 -0.8268
vn -0.1868 0.5730 -0.7980
vn 0.1147 0.9438 -0.3101
vn 0.2233 0.9496 -0.2202
vn 0.1616 0.8983 -0.4085
vn 0.3253 0.9188 0.2237
vn 0.4653 0.8746 0.1365
vn 0.1495 0.9420 0.3006
vn 0.1964 0.7431 0.6397
vn 0.1463 0.6830 0.7156
vn 0.1409 0.7564 0.6387
vn -0.4141 0.8272 0.3797
vn -0.5220 0.7375 0.4285
vn -0.5926 0.7796 0.2025
vn 0.9972 0.0619 -0.0429
vn 0.8291 0.5545 -0.0717
vn 0.9918 0.1205 -0.0427
vn 0.7787 0.4471 -0.4402
vn 0.7743 0.5108 -0.3735
vn 0.8276 0.2180 -0.5173
vn 0.5406 0.6405 -0.5455
vn 0.7835 0.1602 -0.6004
vn 0.5027 0.6350 -0.5866
vn -0.7655 0.6205 0.1701
vn -0.8201 0.3790 0.4286
vn -0.8795 0.4375 0.1873
vn -0.7678 0.6177 -0.1701
vn -0.6899 0.5247 -0.4986
vn -0.5962 0.6668 -0.4471
vn -0.1913 0.9223 0.3358
vn -0.5101 0.7461 0.4278
vn 0.1016 0.6925 0.7142
vn -0.1126 0.9191 -0.3777
vn -0.0563 0.9550 -0.2910
vn 0.0795 0.9099 -0.4070
vn -0.4305 0.4987 -0.7523
vn -0.5417 0.4537 -0.7076
vn -0.2580 0.5580 -0.7887
vn 0.2917 0.9198 0.2625
vn 0.2625 0.9484 0.1779
vn 0.2238 0.9481 0.2257
vn 0.2095 0.7541 0.6225
vn 0.0375 0.8096 0.5858
vn 0.2141 0.6806 0.7007
vn -0.7174 0.4820 0.5030
vn -0.6851 0.5580 0.4682
vn -0.6261 0.5805 0.5206
vn -0.3422 0.9114 -0.2284
vn -0.1566 0.9294 -0.3341
vn -0.1695 0.9713 -0.1669
vn 0.3975 0.9175 0.0125
vn 0.3130 0.9107 0.2695
vn 0.3568 0.9195 -0.1651
vn -0.0696 0.9886 -0.1334
vn -0.0066 0.8918 -0.4524
vn -0.1273 0.9105 -0.3933
vn -0.1135 0.8155 -0.5675
vn -0.5541 0.8300 -0.0635
vn -0.4530 0.8725 -0.1832
vn -0.5615 0.7909 -0.2431
vn 0.3825 0.7628 -0.5214
vn 0.5176 0.7885 -0.3321
vn 0.1644 0.9338 -0.3179
vn -0.3343 0.9398 -0.0706
vn -0.3043 0.9364 -0.1749
vn -0.3723 0.9237 0.0899
vn 0.0242 0.9993 0.0273
vn -0.0404 0.9973 -0.0620
vn 0.0626 0.9975 0.0336
vn 0.0145 0.7436 0.6685
vn 0.0054 0.6862 0.7274
vn 0.0372 0.7492 0.6613
vn 0.6473 0.7569 0.0903
vn 0.7142 0.6674 0.2108
vn 0.8174 0.5521 0.1647
vn 0.9353 0.2937 -0.1975
vn 0.8491 0.4421 -0.2890
vn 0.6089 0.6300 -0.4820
vn -0.6513 0.2062 -0.7303
vn -0.7217 0.0634 -0.6893
vn -0.6523 0.3725 -0.6601
vn -0.3946 0.8071 -0.4392
vn -0.0760 0.9470 -0.3121
vn -0.4209 0.9053 -0.0574
vn -0.2459 0.9452 -0.2149
vn -0.2336 0.9494 -0.2101
vn -0.2434 0.9230 -0.2980
vn -0.1811 0.8110 -0.5563
vn -0.1389 0.7745 -0.6172
vn -0.3432 0.8299 -0.4398
vn 0.9891 0.1054 -0.1025
vn 0.9875 0.0709 -0.1411
vn 0.9822 0.1564 -0.1042
vn 0.6500 0.7112 -0.2677
vn 0.4041 0.8332 -0.3775
vn 0.4710 0.8796 0.0674
vn 0.3265 0.5038 0.7997
vn 0.3074 0.5249 0.7937
vn 0.1925 0.5551 0.8092
vn 0.3795 0.5964 0.7073
vn 0.3475 0.6393 0.6860
vn 0.3659 0.7082 0.6038
vn -0.5851 0.7845 0.2054
vn -0.5184 0.8104 0.2728
vn -0.6530 0.7380 0.1704
vn -0.4373 0.6966 0.5688
vn -0.5721 0.7087 0.4129
vn -0.6004 0.5613 0.5696
vn 0.3147 0.4429 0.8395
vn 0.3580 0.5757 0.7352
vn 0.3398 0.6157 0.7109
vn 0.3828 0.5271 -0.7587
vn 0.5154 0.4751 -0.7132
vn 0.4592 0.4758 -0.7502
vn 0.1328 0.9568 -0.2585
vn 0.2099 0.9094 -0.3591
vn 0.3357 0.8631 -0.3774
vn -0.6432 0.7399 -0.1971
vn -0.6645 0.7323 -0.1492
vn -0.6037 0.7867 -0.1292
vn -0.8189 0.5657 -0.0968
vn -0.8146 0.5585 -0.1565
vn -0.7844 0.5908 0.1888
vn 0.8332 0.5528 0.0104
vn 0.9557 0.2905 0.0469
vn 0.8859 0.4568 -0.0809
vn 0.1989 0.8722 -0.4470
vn 0.3750 0.6958 -0.6126
vn 0.5140 0.7269 -0.4554
vn 0.0799 0.2128 -0.9738
vn 0.2101 0.1363 -0.9681
vn 0.2161 0.3015 -0.9287
vn -0.1248 0.7361 -0.6652
vn -0.1189 0.7669 -0.6307
vn -0.1428 0.7587 -0.6356
vn 0.6340 0.3565 0.6862
vn 0.6082 0.2098 0.7655
vn 0.5949 0.4660 0.6549
vn 0.7280 0.4486 -0.5185
vn 0.7604 0.4766 -0.4412
vn 0.7284 0.6245 -0.2818
vn 0.1293 0.9857 -0.1081
vn -0.1493 0.9821 -0.1149
vn 0.3094 0.9337 -0.1802
vn -0.2444 0.6545 0.7154
vn -0.1338 0.6038 0.7858
vn -0.1817 0.4044 0.8963
vn -0.3624 0.9299 -0.0627
vn -0.5715 0.8038 -0.1653
vn -0.3482 0.9272 -0.1383
vn 0.3279 0.6204 -0.7124
vn 0.2621 0.6748 -0.6899
vn 0.2672 0.4972 -0.8254
vn 0.9132 0.3890 0.1216
vn 0.7821 0.5649 -0.2630
vn 0.8715 0.4157 -0.2602
vn 0.2435 0.8870 0.3923
vn 0.2543 0.9033 0.3455
vn 0.4046 0.9045 -0.1347
vn 0.6042 0.7353 0.3072
vn 0.2850 0.9206 0.2668
vn 0.7494 0.5835 0.3128
vn 0.2204 0.9668 -0.1297
vn 0.0471 0.9987 -0.0182
vn 0.1443 0.9884 0.0478
vn 0.2485 0.7953 0.5529
vn 0.2447 0.7989 0.5494
vn 0.3157 0.7811 0.5387
vn -0.5618 0.4811 -0.6729
vn -0.3489 0.5887 -0.7292
vn -0.3233 0.6446 -0.6928
vn 0.4794 0.1819 -0.8586
vn 0.4925 0.2325 -0.8387
vn 0.4648 0.2129 -0.8594
vn 0.5449 0.6613 -0.5156
vn 0.5966 0.5140 -0.6163
vn 0.4746 0.8457 -0.2439
vn -0.3759 0.8164 -0.4384
vn -0.4417 0.7884 -0.4281
vn -0.2200 0.9039 -0.3668
vn 0.0010 0.0634 0.9980
vn -0.0494 0.0968 0.9941
vn -0.0470 0.0764 0.9960
vn -0.1524 0.5182 -0.8416
vn -0.0939 0.3391 -0.9361
vn -0.1125 0.2895 -0.9505
vn -0.6476 0.7072 -0.2838
vn -0.7256 0.6737 -0.1401
vn -0.7250 0.6372 -0.2614
vn 0.2926 0.8277 0.4789
vn 0.2300 0.8270 0.5129
vn 0.2289 0.8921 0.3895
vn 0.0515 0.9261 0.3739
vn 0.0986 0.9282 0.3589
vn 0.0765 0.8280 0.5554
vn -0.7148 0.1963 -0.6712
vn -0.9161 0.0017 -0.4010
vn -0.6548 0.2038 -0.7278
vn -0.1885 0.9346 -0.3017
vn -0.0156 0.9819 -0.1889
vn -0.2087 0.8331 -0.5122
vn 0.3225 0.9396 -0.1144
vn -0.0249 0.9944 -0.1031
vn -0.0385 0.9965 -0.0736
vn -0.4611 0.7810 0.4211
vn -0.2818 0.7869 0.5491
vn -0.1891 0.6823 0.7062
vn 0.5124 0.8053 0.2983
vn 0.6007 0.7289 0.3286
vn 0.7667 0.5345 0.3557
vn 0.2755 0.9542 -0.1166
vn 0.5986 0.7765 0.1970
vn 0.4918 0.8536 -0.1718
vn 0.4520 0.5092 0.7324
vn 0.2765 0.4530 0.8475
vn 0.4174 0.4062 0.8129
vn 0.0575 0.9807 0.1869
vn 0.0583 0.8807 0.4700
vn -0.0628 0.4086 0.9105
vn -0.6246 0.6424 0.4441
vn -0.4406 0.5496 0.7098
vn -0.2487 0.7769 0.5784
vn -0.2854 0.8037 0.5222
vn -0.4086 0.8725 0.2679
vn -0.1076 0.9610 0.2548
vn -0.2744 0.8536 0.4428
vn -0.6745 0.7220 -0.1539
vn -0.6348 0.7722 0.0263
vn -0.7775 0.6153 -0.1302
vn 0.0753 0.9136 0.3996
vn -0.6284 0.7535 -0.1934
vn -0.6250 0.5241 -0.5785
vn -0.7030 0.4443 -0.5553
vn -0.5230 0.7170 -0.4609
vn 0.2991 0.5839 -0.7548
vn 0.3119 0.5785 -0.7537
vn 0.3552 0.5557 -0.7517
vn -0.3858 0.8851 -0.2603
vn -0.1953 0.8864 -0.4198
vn -0.0371 0.9968 -0.0714
vn -0.0440 0.8373 0.5450
vn 0.1593 0.9190 0.3606
vn 0.1566 0.8791 0.4502
vn 0.5683 0.8228 -0.0015
vn 0.3965 0.8025 0.4457
vn 0.2595 0.7670 0.5868
vn 0.2840 0.7693 0.5723
vn -0.5909 0.7581 0.2760
vn -0.8031 0.4664 0.3709
vn -0.0928 0.6943 0.7137
vn -0.1001 0.7120 0.6950
vn -0.9048 0.3180 -0.2832
vn -0.2940 0.9220 0.2520
vn -0.3140 0.8936 0.3208
vn -0.4783 0.6170 0.6249
vn -0.5602 0.1917 0.8059
vn -0.5853 0.2780 0.7617
vn -0.5651 0.1737 0.8065
vn 0.3883 0.6813 -0.6205
vn 0.3199 0.8162 -0.4811
vn 0.2611 0.6814 -0.6838
vn -0.2286 0.5382 0.8112
vn 0.0814 0.9734 0.2140
vn 0.0086 0.9976 0.0688
vn -0.0029 0.9936 -0.1129
vn 0.2420 0.1139 0.9636
vn 0.2449 0.2116 0.9462
vn 0.2327 0.2065 0.9504
vn -0.8375 0.4910 -0.2399
vn -0.6549 0.0488 -0.7541
vn -0.6002 0.0742 -0.7964
vn -0.9105 0.3598 0.2038
vn -0.9546 0.2501 0.1619
vn -0.8407 0.5403 0.0368
vn -0.0897 0.8924 -0.4423
vn 0.0529 0.9395 -0.3386
vn -0.3940 0.8826 -0.2563
vn 0.2868 0.9571 -0.0407
vn 0.0242 0.9955 -0.0912
vn 0.1029 0.9879 -0.1164
vn -0.7436 0.6536 -0.1413
vn -0.6956 0.6183 -0.3658
vn -0.5878 0.7853 -0.1944
vn -0.9349 0.3180 -0.1575
vn -0.7032 0.0836 -0.7061
vn -0.8492 0.2076 -0.4856
vn 0.2042 0.7608 0.6161
vn 0.1320 0.7371 0.6628
vn 0.0538 0.8097 0.5844
vn -0.5295 0.8432 0.0933
vn -0.5657 0.8246 -0.0048
vn -0.5686 0.8144 0.1161
vn -0.3582 0.3329 0.8723
vn -0.0556 0.1423 0.9883
vn -0.0537 0.9879 0.1454
vn -0.0621 0.9647 0.2561
vn -0.0684 0.9351 0.3477
vn -0.8777 0.4482 0.1698
vn -0.7541 0.6305 0.1840
vn -0.7283 0.6842 0.0384
vn -0.6232 -0.0073 -0.7820
vn -0.6048 0.0875 -0.7916
vn -0.6059 0.0246 -0.7952
vn -0.5209 0.8177 0.2449
vn -0.7161 0.6950 -0.0652
vn -0.7314 0.6818 0.0151
vn 0.7170 0.6010 -0.3532
vn 0.6486 0.5044 -0.5700
vn 0.9309 0.3445 -0.1211
vn -0.5563 0.7508 -0.3561
vn -0.1823 0.8815 -0.4356
vn -0.3219 0.9085 -0.2665
vn -0.4222 0.9046 -0.0586
vn 0.0443 0.9809 0.1895
vn -0.1978 0.9652 0.1709
vn -0.0820 0.9783 -0.1902
vn -0.0354 0.9577 -0.2856
vn 0.0407 0.9608 -0.2741
vn 0.1718 0.6548 -0.7360
vn 0.0794 0.7906 -0.6072
vn 0.0554 0.8043 -0.5917
vn -0.6428 0.7433 0.1852
vn -0.5343 0.8369 0.1189
vn -0.6353 0.7382 0.2266
vn 0.2261 0.7581 0.6117
vn 0.2019 0.9497 0.2396
vn -0.0107 0.9920 -0.1254
vn 0.1520 0.8929 0.4239
vn 0.1666 0.9651 0.2021
vn 0.3897 0.3484 0.8525
vn 0.3753 0.4560 0.8070
vn 0.4540 0.4145 0.7887
vn -0.2519 0.9582 0.1353
vn -0.4454 0.8924 -0.0727
vn -0.2524 0.9479 -0.1942
vn -0.7770 0.6293 0.0154
vn -0.6236 0.7793 -0.0618
vn -0.7446 0.6674 -0.0126
vn 0.1110 0.6954 0.7100
vn -0.1281 0.5095 0.8509
vn 0.0772 0.4201 0.9042
vn 0.6996 0.3599 0.6173
vn 0.4008 0.6865 -0.6066
vn 0.2086 0.3898 -0.8970
vn 0.1988 0.3415 -0.9186
vn 0.6932 0.7196 0.0412
vn 0.8059 0.5538 -0.2093
vn 0.6522 0.7358 -0.1821
vn -0.6857 0.1495 0.7124
vn -0.0327 0.6558 0.7543
vn -0.1591 0.4680 0.8693
vn 0.1097 0.9366 0.3329
vn 0.1323 0.9227 0.3620
vn 0.1373 0.9893 0.0485
vn -0.6427 -0.0128 0.7660
vn -0.4551 0.0118 0.8904
vn -0.4774 -0.1606 0.8639
vn -0.0953 0.9750 0.2009
vn -0.1661 0.9858 -0.0261
vn -0.2499 0.9655 -0.0728
vn -0.5318 0.5633 0.6324
vn 0.0090 0.9281 0.3723
vn 0.9589 0.1869 0.2135
vn 0.9443 0.3181 0.0842
vn 0.9822 0.1146 0.1490
vn 0.1488 0.9451 0.2910
vn 0.1772 0.9595 0.2189
vn 0.4247 0.8761 0.2284
vn -0.4229 0.1279 -0.8971
vn 0.2084 0.4825 0.8507
vn 0.3266 0.6192 0.7141
vn 0.6234 0.4061 0.6682
vn -0.3581 0.5339 -0.7660
vn -0.4077 0.5955 -0.6922
vn 0.0799 0.5413 -0.8370
vn 0.1922 0.5131 -0.8365
vn 0.2185 0.4639 -0.8585
vn 0.1419 0.8874 -0.4387
vn 0.1944 0.7909 -0.5802
vn 0.3057 0.7563 -0.5785
vn -0.0690 0.7878 0.6121
vn 0.1110 0.7602 0.6402
vn 0.1208 0.7448 0.6563
vn -0.6217 -0.0398 -0.7823
vn -0.1184 0.9087 -0.4004
vn -0.3278 0.8108 -0.4849
vn 0.0774 0.6441 -0.7610
vn 0.1542 0.8039 0.5744
vn 0.0495 0.8725 0.4860
vn 0.0245 0.8765 0.4807
vn 0.5831 0.7677 0.2659
vn 0.7247 0.6489 0.2321
vn 0.5758 0.7129 0.4003
vn 0.0811 0.0349 -0.9961
vn -0.1012 0.1624 -0.9815
vn -0.2420 0.8765 -0.4162
vn 0.4547 0.7015 -0.5488
vn 0.1462 0.7608 -0.6323
vn 0.2289 0.7667 -0.5998
vn -0.0575 0.9918 0.1144
vn -0.2015 0.9526 -0.2280
vn 0.1367 0.9906 0.0085
vn 0.3434 0.7983 0.4948
vn 0.0119 0.9377 0.3472
vn 0.5113 0.7861 0.3472
vn -0.8337 0.2391 -0.4978
vn -0.7808 0.4894 -0.3883
vn -0.8617 0.3815 -0.3346
vn -0.9759 0.1430 -0.1646
vn -0.9602 0.0333 -0.2772
vn -0.9244 0.1826 -0.3348
vn -0.4109 0.6809 -0.6063
vn 0.1558 0.7560 -0.6358
vn -0.1587 0.9796 -0.1231
vn -0.0381 0.9859 -0.1631
vn -0.7316 0.6796 0.0549
vn -0.7355 0.6770 -0.0268
vn -0.5521 0.8213 0.1440
vn -0.4302 0.8382 0.3351
vn 0.8660 0.4767 -0.1508
vn 0.8647 0.3596 -0.3507
vn 0.7739 0.5821 -0.2496
vn 0.3937 0.6966 0.5998
vn 0.4990 0.6312 0.5938
vn 0.5708 0.6447 0.5085
vn 0.3493 0.8333 0.4285
vn 0.5372 0.7260 0.4294
vn 0.2681 0.9454 0.1853
vn 0.7473 0.1413 0.6493
vn 0.7698 0.3269 0.5482
vn 0.8255 0.1147 0.5527
vn 0.5874 0.8087 0.0308
vn 0.6684 0.7434 -0.0234
vn 0.5791 0.8084 -0.1060
vn 0.5013 0.6428 -0.5792
vn 0.4272 0.3119 -0.8486
vn 0.4477 0.1882 -0.8742
vn 0.8794 0.4234 -0.2177
vn 0.4757 0.8755 -0.0845
vn 0.7631 0.5746 -0.2958
vn 0.2944 0.5380 -0.7899
vn 0.2770 0.6169 -0.7367
vn 0.3472 0.6651 -0.6612
vn 0.7935 0.5601 0.2379
vn 0.7213 0.6028 0.3412
vn 0.3533 0.9274 -0.1227
vn 0.1269 0.9411 0.3135
vn 0.0493 0.8890 0.4553
vn -0.0216 0.8970 0.4415
vn 0.3109 0.9285 0.2031
vn 0.1505 0.9778 0.1457
vn 0.0962 0.9669 0.2363
vn 0.0986 0.5294 0.8426
vn 0.2555 0.0045 0.9668
vn 0.1426 0.1398 0.9799
vn 0.2703 -0.1186 0.9554
vn 0.3492 -0.1023 0.9315
vn 0.3862 -0.1849 0.9037
vn -0.1486 0.6355 -0.7576
vn -0.1933 0.5835 -0.7888
vn -0.2009 0.6477 -0.7350
vn -0.3507 0.7839 -0.5124
vn -0.3472 0.6931 -0.6317
vn -0.3705 0.8411 -0.3940
vn 0.0189 0.9998 -0.0115
vn 0.0999 0.9912 -0.0871
vn 0.1453 0.9181 -0.3688
vn 0.2903 0.8642 0.4110
vn 0.2236 0.9252 0.3066
vn 0.4376 0.8343 0.3353
vn -0.2392 0.8467 0.4753
vn -0.1367 0.7593 0.6363
vn -0.2578 0.7976 0.5453
vn -0.1279 0.7403 0.6600
vn -0.1970 0.8126 0.5484
vn -0.3204 0.7562 0.5704
vn -0.2983 0.9296 -0.2165
vn -0.5635 0.6516 -0.5078
vn -0.5900 0.7642 -0.2605
vn -0.5411 0.7443 -0.3914
vn -0.6130 0.7298 -0.3028
vn -0.6828 0.7193 -0.1281
vn 0.0839 0.5438 -0.8350
vn -0.0946 0.7303 -0.6765
vn 0.0954 0.4541 -0.8859
vn 0.4107 0.9116 0.0187
vn 0.4660 0.8834 0.0490
vn 0.3808 0.8904 -0.2494
vn -0.4791 0.8515 -0.2132
vn -0.3599 0.9223 -0.1409
vn 0.0202 0.8801 -0.4744
vn -0.7737 0.4207 -0.4738
vn -0.1048 0.7181 -0.6880
vn 0.0537 0.7052 -0.7070
vn -0.0625 0.6727 -0.7373
vn 0.1350 0.5009 -0.8549
vn 0.0275 0.5334 -0.8454
vn 0.5366 0.2494 0.8062
vn 0.5140 0.1822 0.8382
vn 0.4586 0.3503 0.8167
vn 0.7973 0.4957 0.3444
vn 0.7610 0.4441 0.4730
vn -0.9550 0.2953 -0.0280
vn -0.9540 0.2653 -0.1394
vn -0.8346 0.5506 0.0192
vn -0.0231 0.9940 0.1065
vn -0.2031 0.9786 -0.0345
vn -0.3165 0.8651 0.3892
vn -0.3175 0.8776 0.3592
vn -0.2553 0.7877 0.5606
vn -0.1192 0.9675 0.2228
vn -0.0558 0.9621 0.2670
vn 0.0049 0.9764 0.2159
vn 0.5009 0.8653 -0.0192
vn 0.6465 0.7486 -0.1469
vn 0.7220 0.6846 -0.1001
vn 0.7553 0.3927 -0.5247
vn 0.8710 0.4482 -0.2011
vn 0.8488 0.3453 -0.4003
vn 0.9350 0.1946 0.2966
vn 0.9245 0.2696 0.2695
vn 0.6679 0.6940 0.2688
vn 0.6913 0.6157 0.3781
vn 0.7384 0.5315 0.4150
vn 0.0296 0.9567 -0.2894
vn -0.2019 0.9668 0.1564
vn -0.1460 0.9249 0.3511
vn -0.0547 0.9107 0.4095
vn 0.0444 0.9889 0.1419
vn -0.0710 0.9900 -0.1219
vn 0.0506 0.9979 -0.0415
vn -0.7945 0.5508 0.2560
vn -0.5871 0.6110 0.5311
vn -0.5828 0.6765 0.4501
vn -0.8782 0.1046 0.4667
vn -0.7042 0.2309 0.6714
vn -0.9648 0.2235 0.1385
vn 0.6565 0.7535 -0.0334
vn 0.6532 0.7409 -0.1563
vn -0.0053 0.9978 0.0667
vn -0.0749 0.9927 0.0944
vn -0.5173 0.8431 0.1471
vn 0.7519 0.6209 -0.2215
vn 0.8656 0.4463 -0.2271
vn 0.7605 0.6422 -0.0959
vn 0.7117 0.6686 0.2158
vn 0.6496 0.7573 0.0675
vn -0.9758 0.1887 0.1102
vn -0.8354 0.3342 -0.4363
vn -0.9365 0.3494 0.0300
vn -0.4701 0.8794 -0.0748
vn 0.8759 0.2166 0.4312
vn 0.7459 0.4974 -0.4429
vn 0.9346 0.2907 -0.2052
vn 0.8171 0.2213 -0.5323
vn -0.0453 0.9764 -0.2110
vn -0.0381 0.9938 -0.1047
vn -0.1726 0.9694 -0.1745
vn 0.0176 0.0431 0.9989
vn -0.0515 0.1451 0.9881
vn -0.1744 0.5184 0.8372
vn 0.2668 0.9406 -0.2097
vn -0.0359 0.7967 -0.6033
vn 0.1245 0.9833 -0.1326
vn 0.5262 0.8398 0.1337
vn 0.7604 0.6493 -0.0165
vn 0.4437 0.8723 0.2055
vn 0.7026 0.3077 0.6417
vn 0.7554 0.4113 0.5100
vn 0.6059 0.4840 0.6313
vn 0.6636 0.5920 0.4573
vn 0.5036 0.6170 0.6047
vn -0.9395 0.3174 0.1289
vn -0.9867 0.1617 0.0146
vn -0.8865 0.4116 0.2114
vn -0.5410 0.7716 0.3346
vn -0.8436 0.5136 0.1566
vn -0.5864 0.7017 0.4048
vn -0.3315 0.3945 -0.8570
vn -0.2966 0.4786 -0.8264
vn -0.1175 0.2325 -0.9655
vn -0.2269 0.4788 -0.8481
vn 0.1323 0.4996 -0.8561
vn -0.4687 0.8198 0.3292
vn -0.2536 0.9225 -0.2910
vn -0.3149 0.9443 0.0951
vn 0.1208 0.7480 -0.6526
vn 0.3592 0.6649 -0.6549
vn -0.0620 0.8195 -0.5697
vn 0.7825 0.4630 -0.4163
vn 0.8263 0.1546 -0.5415
vn 0.8490 0.3548 -0.3917
vn 0.9813 0.0813 -0.1745
vn 0.8834 0.2727 -0.3812
vn 0.9587 0.2178 -0.1829
vn 0.2935 0.9324 0.2109
vn 0.5793 0.8050 -0.1281
vn 0.5518 0.7705 0.3191
vn -0.4721 0.8799 -0.0541
vn -0.7402 0.6657 -0.0947
vn -0.4580 0.8561 0.2397
vn 0.3194 0.9030 0.2873
vn 0.3537 0.9307 0.0934
vn 0.5968 0.6538 0.4653
vn -0.8737 0.1082 -0.4743
vn -0.9265 0.2215 -0.3042
vn -0.9376 0.1235 -0.3252
vn 0.2674 0.9309 -0.2489
vn 0.2233 0.9572 0.1839
vn -0.2462 0.9691 0.0120
vn 0.0499 0.4418 -0.8957
vn 0.5631 0.8239 0.0650
vn 0.6854 0.7272 -0.0374
vn 0.6074 0.7926 0.0540
vn 0.9905 0.1214 0.0643
vn 0.7606 0.2369 0.6045
vn 0.8112 0.3723 0.4510
vn -0.8279 0.4838 -0.2838
vn -0.7079 0.6586 -0.2554
vn -0.7769 0.4213 -0.4679
vn -0.4822 0.8591 -0.1714
vn -0.4055 0.8656 -0.2940
vn 0.1887 0.8102 0.5549
vn 0.2054 0.8200 0.5342
vn 0.2397 0.8235 0.5142
vn 0.3563 0.6207 0.6984
vn 0.2241 0.6900 0.6882
vn -0.3768 0.6521 0.6578
vn -0.2994 0.8833 0.3608
vn -0.2912 0.1853 0.9385
vn -0.3134 0.1811 0.9322
vn 0.9591 0.0295 -0.2815
vn 0.8899 0.4559 0.0156
vn 0.9020 0.4309 -0.0265
vn 0.0839 0.3447 0.9350
vn -0.0701 0.3556 0.9320
vn -0.0638 0.3232 0.9442
vn 0.3488 0.8471 0.4008
vn -0.1900 0.6863 0.7021
vn -0.3993 0.7485 0.5295
vn -0.1709 0.7669 0.6186
vn 0.1365 0.6999 -0.7011
vn 0.2869 0.8496 -0.4426
vn 0.0990 0.6684 -0.7372
vn 0.5976 0.7720 -0.2164
vn 0.4477 0.8712 -0.2014
vn 0.4257 0.8138 -0.3956
vn -0.5081 0.8343 0.2140
vn -0.5779 0.7762 0.2521
vn -0.5659 0.8133 0.1354
vn -0.8197 0.5234 0.2325
vn -0.8963 0.4350 0.0858
vn -0.2316 0.9308 -0.2827
vn -0.9494 0.0239 0.3131
vn -0.9890 0.0493 0.1394
vn -0.6297 0.1526 0.7617
vn -0.3148 0.3041 0.8991
vn -0.4594 0.4236 0.7807
vn -0.2708 0.3570 0.8940
vn -0.1856 0.9587 0.2154
vn -0.4327 0.8573 0.2788
vn -0.3457 0.9325 0.1045
vn 0.7119 0.7016 0.0311
vn 0.6820 0.6640 -0.3066
vn 0.5446 0.8171 -0.1893
vn -0.2011 0.4167 -0.8865
vn 0.5453 0.3932 -0.7403
vn -0.2267 0.4269 -0.8754
vn -0.3443 0.9372 -0.0554
vn -0.2369 0.7478 0.6203
vn -0.5221 0.5768 0.6282
vn 0.1237 0.4901 0.8628
vn 0.0009 0.9468 0.3218
vn 0.0113 0.6859 0.7276
vn -0.3630 0.8496 0.3827
vn -0.0262 0.9996 0.0116
vn 0.6591 0.7500 0.0560
vn 0.8630 0.5051 -0.0065
vn 0.7522 0.6584 -0.0265
vn 0.2860 0.9087 -0.3041
vn 0.1062 0.9872 -0.1193
vn 0.0726 0.9883 -0.1343
vn 0.5162 0.8061 0.2895
vn 0.5626 0.8083 0.1733
vn 0.6540 0.7478 0.1144
vn 0.4392 0.7154 0.5434
vn 0.3416 0.8957 0.2848
vn 0.0636 0.9849 0.1611
vn 0.0573 0.8747 0.4813
vn 0.4518 0.8291 -0.3293
vn 0.3507 0.7298 -0.5869
vn 0.5314 0.7873 -0.3128
vn 0.2282 0.9380 0.2611
vn 0.3576 0.9295 0.0903
vn 0.2038 0.7404 0.6406
vn 0.3360 0.6563 -0.6755
vn 0.1503 0.8082 -0.5694
vn 0.1621 0.8813 -0.4439
vn -0.6664 0.7211 -0.1896
vn -0.5634 0.7984 -0.2126
vn -0.4654 0.5543 -0.6901
vn -0.3468 0.7769 -0.5255
vn -0.2725 0.9221 -0.2749
vn -0.2864 0.9230 -0.2570
vn 0.4067 0.8901 0.2057
vn 0.2060 0.8915 0.4035
vn -0.2731 0.9535 0.1273
vn -0.9582 0.2222 -0.1803
vn -0.9608 0.1257 -0.2471
vn -0.9663 0.1298 -0.2225
vn -0.1904 0.9477 0.2562
vn -0.5935 0.8028 0.0573
vn -0.3242 0.9445 -0.0531
vn 0.2551 0.8184 0.5149
vn -0.0156 0.9688 0.2475
vn -0.2949 0.7682 0.5683
vn -0.1922 0.8115 0.5518
vn -0.2590 0.8524 0.4543
vn -0.4482 0.5361 0.7154
vn -0.2889 0.5836 0.7589
vn -0.0832 0.9630 0.2563
vn 0.1041 0.7976 0.5942
vn -0.1081 0.8724 0.4767
vn -0.0617 0.7366 0.6735
vn -0.0033 0.7279 0.6857
vn 0.0438 0.7467 0.6637
vn 0.1123 0.6422 -0.7583
vn 0.1446 0.6308 -0.7623
vn 0.7853 0.2706 -0.5569
vn 0.4904 0.4350 -0.7551
vn -0.3132 0.5987 -0.7372
vn -0.1284 0.6495 -0.7494
vn -0.3335 0.6286 -0.7026
vn -0.1211 0.9170 -0.3801
vn -0.0823 0.9219 -0.3785
vn -0.1220 0.9205 -0.3713
vn -0.1649 0.7285 0.6649
vn -0.2186 0.6509 0.7270
vn -0.1639 0.6022 0.7814
vn -0.3800 0.9214 0.0815
vn -0.1631 0.9862 -0.0300
vn -0.0622 0.9980 -0.0108
vn 0.0823 0.7339 0.6743
vn -0.5792 0.8055 0.1252
vn -0.1241 0.9865 0.1070
vn -0.3210 0.9024 0.2874
vn -0.5726 0.8122 0.1120
vn -0.5767 0.7883 0.2146
vn -0.6473 0.7161 0.2611
vn -0.5340 0.6412 -0.5511
vn -0.4494 0.8836 -0.1315
vn -0.3752 0.8568 -0.3538
vn -0.3260 0.4540 -0.8292
vn -0.3688 0.4594 -0.8081
vn 0.8680 0.4763 -0.1407
vn 0.7030 0.6922 0.1632
vn 0.2769 0.9595 0.0514
vn 0.3802 0.9103 -0.1634
vn 0.3635 0.9291 0.0681
vn -0.9000 0.4248 0.0972
vn -0.8788 0.4114 0.2419
vn 0.0341 0.9117 0.4095
vn -0.0154 0.9396 0.3419
vn 0.0299 0.9253 0.3780
vn -0.5316 0.8382 0.1219
vn -0.6947 0.6642 0.2760
vn -0.6013 0.7935 0.0937
vn 0.1667 0.7463 -0.6444
vn 0.1044 0.4556 -0.8841
vn -0.0560 0.3955 -0.9168
vn 0.0775 0.4590 -0.8851
vn 0.5685 0.2093 0.7956
vn 0.4705 0.1304 0.8727
vn 0.7181 0.1645 0.6762
vn 0.9035 0.2031 0.3774
vn 0.9092 0.2938 0.2949
vn -0.1143 0.9648 0.2369
vn -0.0097 0.9596 0.2812
vn -0.4439 0.8818 0.1592
vn -0.5831 0.8100 0.0630
vn -0.4532 0.8674 0.2056
vn -0.8318 0.4539 -0.3195
vn -0.6466 0.2470 -0.7218
vn -0.7946 0.2721 -0.5428
vn -0.7739 0.5954 -0.2159
vn -0.7394 0.5813 -0.3396
vn 0.0146 0.6861 0.7274
vn -0.4634 0.5587 0.6878
vn -0.3480 0.6565 0.6692
vn -0.5233 0.8514 0.0352
vn -0.5013 0.8527 0.1470
vn -0.7558 0.6282 0.1847
vn -0.7877 0.5477 0.2823
vn -0.7353 0.5629 -0.3775
vn -0.7578 0.5091 -0.4081
vn -0.6441 0.7508 0.1464
vn -0.7648 0.6133 -0.1977
vn -0.5300 0.8425 -0.0961
vn -0.2105 0.9760 -0.0553
vn -0.4483 0.8748 -0.1836
vn 0.1731 -0.0565 -0.9833
vn 0.2990 0.5464 -0.7824
vn 0.1213 0.0457 -0.9916
vn -0.4451 0.7876 -0.4260
vn -0.1678 0.7041 -0.6900
vn -0.3049 0.8289 -0.4691
vn -0.4442 0.5301 0.7223
vn -0.2451 0.6111 0.7527
vn -0.3129 0.4329 0.8454
vn -0.6533 0.7467 0.1250
vn -0.7414 0.6512 0.1618
vn -0.5186 0.7287 0.4473
vn -0.5449 0.5765 -0.6089
vn -0.9117 0.0628 -0.4061
vn -0.7363 0.1151 -0.6667
vn -0.5032 0.8579 0.1038
vn -0.5727 0.8198 0.0027
vn -0.5984 0.7993 0.0549
vn -0.2109 0.0955 -0.9728
vn -0.0400 0.0241 -0.9989
vn -0.1467 0.4558 -0.8779
vn 0.0223 0.2005 -0.9794
vn 0.2885 0.0678 -0.9551
vn 0.2804 0.3557 -0.8916
vn -0.7481 -0.0683 0.6601
vn -0.9105 0.1109 0.3983
vn -0.8617 0.0214 0.5070
vn -0.8196 0.3469 -0.4560
vn -0.5985 0.3571 -0.7172
vn 0.9574 0.2118 0.1962
vn 0.9688 0.2163 0.1214
vn 0.9465 0.2876 0.1461
vn 0.5293 0.8164 -0.2310
vn 0.7361 0.4513 -0.5044
vn 0.7885 0.4712 -0.3953
vn -0.4324 -0.0653 0.8993
vn -0.6220 0.0871 0.7782
vn -0.5518 0.1036 0.8275
vn -0.8481 0.5298 0.0002
vn -0.8750 0.3446 -0.3402
vn -0.9307 0.3513 -0.1016
vn -0.9987 0.0498 0.0131
vn -0.9634 0.1799 -0.1988
vn -0.3442 0.9356 -0.0783
vn -0.2970 0.9520 -0.0746
vn -0.5420 0.8379 -0.0642
vn 0.5395 0.8419 -0.0054
vn 0.4439 0.8949 -0.0464
vn 0.9442 0.2767 -0.1787
vn 0.7118 0.6980 0.0787
vn 0.9655 0.1855 0.1826
vn 0.6039 0.5847 -0.5417
vn 0.3686 0.4317 -0.8232
vn 0.2190 0.8448 -0.4881
vn 0.0451 0.7920 -0.6089
vn 0.0687 0.7700 -0.6344
vn 0.7194 0.6746 -0.1654
vn 0.6624 0.7159 -0.2207
vn 0.7757 0.5626 -0.2860
vn -0.7076 0.1086 0.6982
vn -0.9290 0.2665 0.2569
vn -0.3601 0.9078 0.2149
vn 0.0091 0.9692 0.2462
vn 0.1975 0.8451 0.4969
vn 0.2302 0.8010 0.5526
vn 0.4721 0.7198 -0.5089
vn 0.6915 0.6166 -0.3764
vn 0.3511 0.8849 -0.3060
vn 0.2728 0.8514 -0.4480
vn -0.7499 0.6568 -0.0794
vn -0.8542 0.5195 0.0228
vn -0.8711 0.1011 0.4805
vn -0.9218 0.3872 0.0203
vn -0.6207 0.6686 -0.4095
vn -0.6787 0.7338 0.0283
vn 0.3436 0.9194 -0.1913
vn 0.2265 0.9625 0.1496
vn 0.4944 0.6465 -0.5810
vn 0.4447 0.5047 -0.7399
vn 0.4287 0.5764 -0.6957
vn 0.9562 0.2838 -0.0717
vn 0.9619 0.1552 -0.2252
vn 0.8876 0.4287 -0.1683
vn 0.2628 0.4690 -0.8432
vn 0.4520 0.6636 -0.5961
vn 0.3472 0.6321 -0.6927
vn -0.1097 0.9930 0.0427
vn -0.1563 0.9864 0.0519
vn -0.6225 0.7549 0.2067
vn -0.8110 0.5212 0.2659
vn -0.9684 0.2107 0.1332
vn -0.3760 0.8548 -0.3576
vn -0.1409 0.8920 -0.4295
vn -0.5587 0.6978 -0.4483
vn 0.7574 0.6530 -0.0056
vn 0.7818 0.6234 -0.0164
vn 0.9382 0.3460 -0.0083
vn 0.7362 0.6683 0.1064
vn 0.5651 0.7815 -0.2644
vn 0.5160 0.7543 -0.4059
vn 0.2492 0.4580 0.8533
vn -0.5097 0.2926 0.8091
vn -0.5443 0.2143 0.8110
vn -0.5008 0.2439 0.8305
vn -0.1764 0.8808 -0.4394
vn -0.0830 0.8529 -0.5155
vn -0.1066 0.8852 -0.4528
vn -0.0160 0.8009 -0.5986
vn -0.0151 0.8349 -0.5502
vn -0.1809 0.9385 0.2941
vn -0.2840 0.8584 0.4272
vn -0.4021 0.6903 0.6015
vn 0.0323 0.9994 -0.0128
vn 0.0213 0.9339 0.3569
vn -0.1977 0.8803 0.4314
vn -0.2147 0.8804 0.4228
vn 0.8205 0.3135 -0.4781
vn 0.9088 0.3065 -0.2830
vn 0.1030 0.9105 -0.4006
vn 0.4828 0.5322 -0.6954
vn 0.2280 0.9238 0.3075
vn -0.8199 0.4121 0.3975
vn 0.1655 0.4954 -0.8528
vn -0.1967 0.4224 -0.8848
vn -0.2338 0.4765 -0.8475
vn 0.4371 0.8598 -0.2640
vn -0.1362 0.9441 0.3001
vn -0.3316 0.9371 -0.1090
vn -0.9656 0.1500 0.2125
vn -0.5265 0.6596 0.5364
vn -0.8109 0.4980 0.3072
vn 0.3418 0.7458 -0.5718
vn 0.2870 0.6187 -0.7313
vn -0.5230 0.4638 -0.7151
vn -0.2404 0.7069 -0.6652
vn -0.5485 0.7392 -0.3907
vn -0.5235 0.7997 0.2939
vn -0.4945 0.8358 0.2385
vn -0.8906 0.4445 -0.0962
vn 0.7149 0.6955 -0.0729
vn 0.6075 0.7037 -0.3684
vn 0.7429 0.6339 -0.2150
vn 0.5509 0.8122 -0.1919
vn 0.4421 0.8171 -0.3700
vn 0.5092 0.8603 -0.0236
vn 0.0727 0.3056 0.9494
vn 0.0326 0.4929 0.8695
vn -0.0244 0.6233 0.7816
vn 0.0410 0.9882 0.1473
vn -0.2137 0.9435 0.2534
vn -0.1322 0.8602 -0.4925
vn -0.2134 0.8493 -0.4829
vn -0.1696 0.8900 -0.4232
vn -0.2972 0.7017 -0.6475
vn -0.2758 0.7041 -0.6544
vn 0.3235 0.9350 -0.1456
vn 0.5950 0.7835 -0.1792
vn 0.5304 0.8473 -0.0279
vn 0.7856 0.5656 0.2510
vn -0.1744 0.2924 -0.9403
vn -0.1671 0.4194 -0.8923
vn -0.1858 0.3004 -0.9356
vn -0.2146 0.4567 -0.8634
vn -0.0166 0.6942 -0.7196
vn -0.5397 0.8363 -0.0967
vn -0.5320 0.8338 -0.1474
vn -0.4129 0.8139 -0.4087
vn -0.1069 0.8609 -0.4975
vn 0.1003 0.9853 0.1380
vn 0.3976 0.9172 0.0234
vn 0.0188 0.9975 0.0681
vn 0.9466 0.2563 -0.1954
vn 0.9101 0.3873 -0.1472
vn 0.9107 0.3552 -0.2106
vn -0.1435 0.8353 0.5307
vn -0.3265 0.4092 0.8520
vn -0.2364 0.3372 0.9113
vn -0.3842 0.9086 0.1641
vn -0.2760 0.6115 -0.7416
vn -0.4076 0.5966 -0.6914
vn -0.4360 0.4131 -0.7995
vn -0.3021 0.5711 -0.7633
vn -0.0878 0.9909 -0.1022
vn -0.0747 0.9565 -0.2820
vn -0.0419 0.9904 -0.1314
vn 0.4641 0.2084 -0.8609
vn 0.5005 0.2353 -0.8331
vn 0.2016 0.5140 -0.8338
vn 0.2033 0.5543 -0.8071
vn 0.2145 0.5100 -0.8330
vn 0.1540 0.9617 0.2266
vn -0.0846 0.9925 -0.0888
vn -0.1906 0.9805 0.0482
vn -0.3393 0.9334 0.1166
vn 0.3266 0.9128 0.2453
vn 0.2737 0.9323 0.2363
vn 0.0055 0.9547 0.2977
vn 0.5486 0.3376 -0.7649
vn 0.5235 0.3604 -0.7720
vn -0.4207 0.8656 -0.2715
vn -0.3359 0.8634 -0.3765
vn -0.8954 0.3501 0.2752
vn -0.7352 0.5480 0.3989
vn -0.9525 0.2230 -0.2072
vn -0.4834 0.8721 0.0755
vn -0.3276 0.9403 0.0925
vn -0.1889 0.9403 0.2832
vn -0.1744 0.4569 -0.8723
vn -0.0892 0.4251 -0.9007
vn -0.1217 0.3346 -0.9345
vn 0.1846 0.9182 0.3506
vn 0.3683 0.8807 0.2978
vn 0.5154 0.8436 -0.1504
vn 0.7048 0.6841 -0.1875
vn 0.8005 0.5973 0.0492
vn -0.9766 0.0653 -0.2048
vn -0.9458 0.3228 -0.0359
vn 0.3558 0.7740 0.5238
vn 0.0634 0.9499 0.3061
vn 0.0077 0.9617 0.2740
vn -0.0313 0.5351 -0.8442
vn -0.0401 0.3971 -0.9169
vn -0.0994 0.3955 -0.9131
vn 0.1551 0.9678 0.1984
vn 0.1731 0.9542 0.2439
vn -0.2763 0.8880 0.3677
vn 0.9087 0.4102 -0.0772
vn 0.5471 0.8325 -0.0873
vn 0.9675 0.2341 0.0954
vn 0.9885 0.1494 -0.0225
vn 0.9770 0.1861 0.1044
vn 0.0331 0.8690 0.4938
vn 0.0603 0.8448 0.5317
vn 0.0235 0.8750 0.4835
vn -0.1857 0.5523 0.8127
vn -0.2543 0.5592 0.7891
vn -0.1707 0.6410 0.7483
vn -0.4634 0.8744 -0.1440
vn -0.3700 0.9285 -0.0313
vn -0.5278 0.6003 -0.6009
vn -0.5454 0.4962 0.6756
vn 0.3729 0.9266 0.0475
vn 0.3682 0.8804 0.2989
vn 0.4000 0.7948 0.4564
vn -0.6887 0.5739 -0.4431
vn -0.7223 0.5561 0.4110
vn -0.4988 0.6780 -0.5400
vn 0.6144 0.3960 0.6824
vn 0.6208 0.4298 0.6556
vn 0.5813 0.5217 0.6245
vn 0.6570 0.5341 0.5321
vn 0.3874 0.9155 0.1085
vn 0.5994 0.4820 0.6391
vn -0.5672 0.8143 0.1233
vn -0.5163 0.8506 -0.0995
vn -0.2284 0.9335 0.2763
vn -0.6907 0.6975 -0.1908
vn -0.2068 0.9772 -0.0475
vn -0.3581 0.9328 -0.0414
vn -0.0642 0.9686 -0.2403
vn -0.6728 0.5495 0.4954
vn -0.5853 0.7000 0.4093
vn 0.0662 0.7567 0.6504
vn 0.0309 0.7421 0.6696
vn 0.0027 0.7626 0.6469
vn -0.4643 0.8760 0.1307
vn -0.5608 0.8088 0.1773
vn -0.5104 0.8598 -0.0177
vn 0.7500 0.3553 -0.5579
vn -0.0667 0.1924 -0.9791
vn 0.6031 0.7255 -0.3316
vn 0.9806 0.1928 -0.0354
vn 0.8823 0.4660 -0.0661
vn 0.3747 0.1543 -0.9142
vn 0.4633 0.3848 -0.7983
vn 0.8921 0.4512 0.0233
vn 0.9571 0.2791 0.0783
vn 0.9080 0.4182 0.0263
vn 0.4211 0.8840 0.2033
vn 0.7239 0.6086 0.3250
vn 0.5590 0.8181 -0.1351
vn 0.6397 0.7306 -0.2386
vn 0.6794 0.7257 -0.1085
vn -0.1774 0.7918 -0.5845
vn -0.2763 0.8430 -0.4615
vn -0.1699 0.7649 -0.6213
vn -0.7015 0.5548 -0.4473
vn -0.9921 0.0515 -0.1141
vn -0.6078 0.5733 -0.5494
vn -0.0239 0.7695 0.6382
vn -0.1210 0.8217 0.5569
vn 0.0552 0.8853 0.4617
vn -0.0424 0.8053 0.5914
vn -0.0181 0.8110 0.5847
vn -0.4215 0.8511 -0.3128
vn -0.5011 0.8637 0.0534
vn 0.6906 0.5072 -0.5155
vn 0.8157 0.3662 -0.4478
vn 0.0855 0.8713 0.4832
vn -0.0464 0.7918 0.6090
vn 0.1295 0.8122 0.5688
vn 0.7805 0.6245 0.0277
vn 0.4575 0.8560 0.2409
vn 0.4133 0.3240 -0.8510
vn 0.4099 0.9114 0.0366
vn 0.2097 0.9097 0.3583
vn 0.2616 0.9162 0.3035
vn -0.1066 0.6501 -0.7523
vn 0.2832 0.5867 -0.7587
vn 0.3990 0.7533 -0.5229
vn 0.4235 0.6618 -0.6187
vn 0.3920 0.7927 -0.4670
vn 0.2704 0.1181 0.9555
vn 0.3011 0.4418 0.8451
vn 0.3175 0.4814 0.8170
vn 0.2905 0.8655 0.4080
vn 0.9220 0.1683 0.3486
vn 0.6440 0.6205 0.4475
vn 0.8951 0.3295 0.3003
vn 0.6882 0.3377 0.6421
vn -0.3277 0.8151 -0.4777
vn 0.0191 0.9184 -0.3951
vn 0.3956 0.7592 -0.5169
vn 0.0568 0.5592 -0.8271
vn 0.4711 0.4329 -0.7686
vn 0.4880 0.3879 -0.7819
vn 0.7102 0.4169 -0.5673
vn 0.9536 0.2612 -0.1497
vn 0.9291 0.3603 -0.0841
vn 0.9716 0.2209 -0.0847
vn 0.3325 0.8958 -0.2950
vn -0.0335 0.9946 0.0982
vn 0.4011 0.9000 -0.1705
vn 0.3465 0.7029 0.6212
vn 0.3750 0.4941 0.7844
vn 0.2628 0.4987 0.8260
vn -0.4497 0.8853 0.1188
vn 0.2825 0.8875 0.3640
vn 0.0002 0.8359 0.5489
vn 0.2589 0.9346 0.2441
vn 0.3991 0.8274 0.3952
vn 0.0075 0.9814 -0.1916
vn 0.0073 0.9002 -0.4354
vn -0.0665 0.9643 -0.2564
vn 0.0930 0.7404 0.6657
vn 0.1430 0.8933 0.4261
vn 0.9592 0.2734 -0.0713
vn 0.9988 0.0045 0.0494
vn 0.9795 -0.1676 -0.1115
vn 0.7593 0.5828 0.2895
vn 0.6746 0.7309 -0.1034
vn 0.2689 0.8532 0.4468
vn 0.5913 0.7473 0.3033
vn 0.1959 0.9576 0.2110
vn 0.1925 0.9777 0.0840
vn 0.1399 0.9775 0.1579
vn 0.0762 0.9950 -0.0652
vn 0.2856 0.8340 0.4720
vn 0.2625 0.9422 0.2083
vn 0.2070 0.9214 0.3288
vn -0.9819 0.0459 0.1839
vn -0.9454 0.3217 0.0528
vn -0.4912 0.4407 -0.7513
vn -0.4318 0.8130 -0.3906
vn 0.0379 0.3537 -0.9346
vn 0.8186 0.5564 -0.1424
vn 0.8422 0.5250 -0.1231
vn 0.8759 0.4549 -0.1605
vn 0.1923 0.9540 0.2302
vn 0.1657 0.9668 0.1948
vn -0.0124 0.9844 0.1757
vn 0.7025 0.7053 -0.0947
vn 0.7017 0.6541 -0.2823
vn 0.6005 0.7942 -0.0928
vn 0.7064 0.3643 0.6068
vn 0.6060 0.2139 0.7662
vn 0.6291 0.2357 0.7407
vn 0.6212 0.5298 0.5774
vn 0.5132 0.7519 0.4139
vn 0.5786 0.6021 0.5502
vn 0.1988 0.8737 -0.4441
vn 0.0299 0.8230 -0.5672
vn 0.1657 0.0554 -0.9846
vn -0.1463 0.9627 -0.2277
vn -0.3442 0.9386 -0.0254
vn -0.3033 0.9204 -0.2468
vn -0.3206 0.9298 -0.1809
vn -0.7248 0.4951 0.4791
vn 0.6064 0.4132 0.6794
vn 0.6795 0.4470 0.5818
vn 0.4561 0.8675 0.1985
vn 0.2460 0.7224 -0.6463
vn 0.3111 0.3194 -0.8951
vn 0.4587 0.8076 -0.3706
vn -0.3175 0.5697 -0.7580
vn 0.3935 0.6613 0.6387
vn 0.3810 0.6587 0.6488
vn 0.2669 0.8362 0.4791
vn 0.3981 0.5160 0.7585
vn 0.5210 0.2928 0.8018
vn 0.4326 0.4249 0.7952
vn 0.7231 0.6770 0.1374
vn 0.1799 0.9823 0.0528
vn 0.0808 0.8858 0.4569
vn 0.0960 0.8767 0.4713
vn 0.0261 0.8671 0.4974
vn -0.2386 0.7538 0.6122
vn -0.1347 0.7965 0.5895
vn -0.1537 0.7160 0.6810
vn -0.7720 0.4042 0.4905
vn -0.6035 0.7618 0.2354
vn -0.7724 0.5852 0.2471
vn -0.6043 0.6981 0.3840
vn 0.4005 0.9139 0.0661
vn -0.0553 0.9952 0.0805
vn 0.0351 0.9774 -0.2086
vn 0.1756 0.9440 0.2793
vn 0.2341 0.9722 -0.0032
vn 0.6234 0.4235 0.6572
vn 0.4718 0.2752 0.8377
vn 0.2382 0.5485 0.8015
vn -0.3398 0.9348 -0.1037
vn -0.3365 0.7150 0.6129
vn -0.5782 0.7157 0.3918
vn 0.2804 0.9441 -0.1732
vn 0.2128 0.9442 -0.2515
vn -0.1044 0.9283 -0.3568
vn -0.6453 0.7093 -0.2837
vn -0.1103 0.7825 -0.6128
vn -0.5446 0.7798 -0.3088
vn -0.6442 0.7030 -0.3013
vn -0.6213 0.6874 0.3761
vn -0.6722 0.6475 0.3590
vn -0.3510 0.9363 -0.0139
vn 0.6337 0.4748 0.6108
vn 0.1728 0.7050 0.6878
vn 0.2886 0.6650 0.6889
vn -0.0957 0.9948 -0.0345
vn 0.6418 0.7664 -0.0275
vn 0.5830 0.8112 -0.0455
vn 0.4557 0.8686 0.1944
vn 0.8422 0.4642 0.2744
vn 0.9300 0.3531 0.1015
vn 0.9390 0.2536 0.2321
vn 0.4994 0.3142 -0.8074
vn 0.1769 0.6629 -0.7275
vn 0.3678 0.4198 -0.8297
vn 0.3914 0.9031 -0.1767
vn 0.5133 0.8265 -0.2312
vn 0.5192 0.8181 -0.2473
vn 0.8332 0.2919 0.4697
vn 0.8350 0.3393 0.4333
vn 0.8533 0.5206 -0.0279
vn -0.4144 0.8969 -0.1545
vn -0.0194 0.8428 -0.5378
vn -0.1444 0.8583 -0.4924
vn 0.0987 0.4862 -0.8683
vn 0.0873 0.6214 -0.7786
vn 0.1240 0.5280 -0.8401
vn 0.8505 0.0883 -0.5185
vn 0.2392 0.6369 -0.7329
vn 0.7400 0.5651 -0.3647
vn 0.4201 0.8549 -0.3045
vn 0.3073 0.8618 -0.4036
vn 0.6694 0.3792 -0.6389
vn 0.5724 0.4028 -0.7142
vn 0.5636 0.3797 -0.7336
vn 0.4416 0.4410 -0.7813
vn -0.1817 0.9012 -0.3934
vn 0.8379 0.4256 0.3417
vn 0.8802 0.3719 0.2948
vn 0.9713 0.2029 0.1244
vn -0.6534 0.6476 -0.3920
vn -0.6614 0.5924 -0.4600
vn 0.3543 0.6352 -0.6863
vn 0.3917 0.6688 -0.6319
vn 0.3176 0.6880 -0.6525
vn 0.9241 0.3249 -0.2011
vn 0.2333 0.9487 0.2136
vn 0.3632 0.9180 0.1590
vn 0.0648 0.9711 0.2298
vn -0.4611 0.8874 0.0043
vn -0.0390 0.9044 0.4250
vn -0.9737 0.2137 0.0785
vn 0.4266 0.9010 0.0789
vn 0.3568 0.9237 -0.1396
vn 0.6118 0.6913 -0.3845
vn -0.2537 0.3437 0.9042
vn -0.5617 0.7839 0.2647
vn -0.1898 0.7555 0.6271
vn 0.7624 0.2979 -0.5745
vn 0.6323 0.2445 -0.7351
vn 0.6897 0.1805 -0.7012
vn 0.0859 0.9215 0.3788
vn -0.1285 0.9288 0.3476
vn 0.3318 0.9098 0.2494
vn 0.5901 0.7587 0.2760
vn -0.1426 0.9747 0.1721
vn -0.4245 0.8978 0.1172
vn -0.3920 0.8969 0.2046
vn -0.2873 0.4871 -0.8247
vn -0.2758 0.4920 -0.8258
vn 0.1086 0.9812 0.1597
vn 0.4281 0.8963 -0.1153
vn 0.0652 0.9952 -0.0725
vn 0.7322 0.6792 0.0503
vn 0.1703 0.9743 -0.1476
vn 0.3962 0.5178 -0.7582
vn 0.3373 0.5927 -0.7314
vn -0.5093 0.8314 0.2222
vn -0.7901 0.4041 -0.4609
vn -0.5127 0.8541 0.0871
vn -0.5416 0.8162 -0.2014
vn -0.4828 0.8698 -0.1020
vn 0.4659 0.7350 0.4927
vn 0.4098 0.7522 0.5160
vn 0.3932 0.7488 0.5336
vn 0.4001 0.3529 0.8458
vn 0.4134 0.5575 0.7199
vn 0.4383 0.4849 0.7568
vn -0.1678 0.8022 0.5729
vn -0.7321 0.5745 0.3659
vn -0.5667 0.7365 0.3693
vn -0.7040 0.6537 0.2776
vn -0.7025 0.6814 0.2055
vn -0.9058 0.4077 0.1156
vn 0.2021 0.9566 -0.2097
vn 0.5217 0.7862 -0.3312
vn 0.4909 0.8563 -0.1603
vn 0.2722 0.9598 0.0684
vn -0.2491 0.8342 0.4920
vn -0.2949 0.9034 0.3113
vn -0.1249 0.8117 0.5706
vn -0.1010 0.9148 -0.3910
vn -0.0625 0.9856 0.1570
vn -0.4453 0.8953 0.0095
vn -0.2205 0.9753 0.0136
vn -0.0968 0.9952 -0.0174
vn -0.2073 0.9728 -0.1030
vn -0.0344 0.9818 -0.1867
vn -0.0109 0.7857 -0.6186
vn -0.0830 0.9962 0.0279
vn -0.2154 0.9517 -0.2187
vn -0.0772 0.9932 -0.0877
vn -0.0392 0.9988 -0.0295
vn -0.5975 0.3828 -0.7046
vn -0.7722 0.2250 -0.5942
vn -0.1599 0.9846 -0.0713
vn 0.0417 0.9766 -0.2112
vn 0.1756 0.5995 0.7808
vn 0.7326 0.6429 -0.2235
vn 0.3924 0.9180 -0.0580
vn 0.1467 0.9863 -0.0759
vn 0.1222 0.9659 -0.2284
vn 0.2860 0.8899 -0.3553
vn -0.2184 0.4347 -0.8737
vn -0.1599 0.3867 -0.9082
vn -0.0301 0.9735 0.2267
vn -0.1259 0.9433 -0.3071
vn -0.0425 0.9626 -0.2676
vn 0.2013 0.9746 -0.0985
vn 0.0239 0.9943 -0.1042
vn 0.0382 0.9888 -0.1441
vn 0.1182 0.7255 0.6780
vn -0.8094 0.3753 -0.4517
vn -0.6038 0.7070 -0.3681
vn -0.6227 0.7714 0.1309
vn 0.4852 0.4693 0.7378
vn -0.0430 0.9387 0.3420
vn 0.0388 0.8096 0.5857
vn -0.7258 0.5808 -0.3686
vn -0.5476 0.4360 -0.7142
vn -0.4208 0.5809 -0.6968
vn -0.5808 0.3019 -0.7560
vn 0.2322 0.5210 0.8214
vn 0.6935 0.3121 0.6494
vn 0.2017 0.9643 -0.1717
vn 0.0318 0.9994 0.0100
vn 0.4280 0.8935 -0.1360
vn 0.4185 0.9062 -0.0610
vn 0.5031 0.6718 -0.5436
vn 0.5803 0.7071 -0.4040
vn 0.6594 0.6950 -0.2866
vn 0.6847 0.6295 -0.3674
vn 0.7410 0.6658 -0.0870
vn 0.6366 0.5922 -0.4940
vn 0.7202 0.5351 -0.4416
vn 0.6109 0.5276 -0.5903
vn -0.3976 0.6902 0.6046
vn -0.0450 0.8397 0.5412
vn -0.1011 0.7792 0.6186
vn -0.7743 0.0031 -0.6328
vn -0.7555 0.6544 0.0319
vn -0.8713 0.3955 -0.2906
vn -0.9021 0.3775 -0.2091
vn -0.9738 0.1726 -0.1482
vn -0.5224 0.7140 -0.4660
vn -0.9071 0.3378 -0.2512
vn -0.5173 0.7600 -0.3935
vn -0.1626 0.8735 -0.4588
vn -0.2617 0.8250 -0.5008
vn -0.1792 0.7837 -0.5948
vn 0.3568 0.8023 -0.4785
vn 0.3355 0.8020 -0.4942
vn 0.1367 0.7898 -0.5980
vn 0.1864 0.7878 -0.5871
vn 0.2848 0.8803 -0.3793
vn 0.2650 0.8419 -0.4700
vn -0.5621 0.7919 -0.2386
vn -0.1364 0.8343 -0.5342
vn -0.1182 0.7979 -0.5910
vn -0.1803 0.7832 0.5950
vn -0.2861 0.8899 0.3552
vn -0.2154 0.7309 0.6476
vn -0.4503 0.5438 0.7082
vn -0.2315 0.8098 0.5390
vn 0.3185 0.9115 -0.2601
vn 0.8640 0.4934 0.1004
vn 0.6859 0.7272 0.0247
vn 0.6832 0.7286 -0.0490
vn -0.5669 0.7455 -0.3505
vn -0.6820 0.5925 -0.4288
vn 0.1795 0.8606 -0.4766
vn -0.0959 0.9280 -0.3601
vn -0.3807 0.9245 0.0199
vn -0.4008 0.9038 -0.1504
vn -0.3524 0.8400 -0.4125
vn -0.3253 0.4019 0.8560
vn -0.3393 0.4301 0.8366
vn -0.3175 0.3435 0.8839
vn -0.5269 0.6777 0.5130
vn -0.3395 0.7792 0.5269
vn -0.2246 0.8949 0.3855
vn 0.3354 0.4522 0.8265
vn 0.1513 0.3606 0.9203
vn -0.7208 0.6920 0.0398
vn -0.7723 0.6352 -0.0007
vn -0.5080 0.8612 -0.0160
vn -0.2753 0.2428 0.9302
vn -0.2836 0.1607 0.9454
vn -0.3418 0.4124 0.8445
vn -0.4422 0.8300 -0.3400
vn -0.3827 0.9057 -0.1822
vn -0.0910 0.6992 -0.7091
vn -0.1636 0.7359 -0.6570
vn -0.6167 0.7259 -0.3045
vn -0.7350 0.6424 -0.2170
vn -0.3485 0.8335 -0.4287
vn 0.2364 0.9561 -0.1729
vn 0.4760 0.4201 -0.7726
vn -0.2897 0.6980 0.6549
vn -0.6821 0.5188 0.5153
vn -0.7200 0.5877 0.3690
vn -0.7610 0.4716 0.4454
vn -0.0174 0.9829 -0.1832
vn 0.1040 0.7943 -0.5986
vn 0.0388 0.9733 -0.2264
vn 0.0847 0.7312 -0.6768
vn -0.6798 0.6867 -0.2575
vn -0.3772 0.5298 -0.7596
vn -0.3454 0.6467 -0.6800
vn -0.3929 0.6120 -0.6864
vn -0.6465 0.6181 0.4472
vn -0.5242 0.6108 0.5934
vn -0.1310 0.6226 0.7715
vn -0.0708 0.8305 0.5525
vn -0.1739 0.6921 0.7005
vn 0.2753 0.9598 0.0547
vn 0.3961 0.9150 0.0768
vn 0.8322 0.4468 0.3285
vn -0.6826 0.6434 -0.3465
vn -0.7026 0.7039 -0.1044
vn -0.9091 0.4036 -0.1030
vn -0.5927 0.7993 -0.0992
vn -0.1399 0.9711 0.1934
vn -0.0839 0.9963 -0.0194
vn -0.1745 0.9658 0.1919
vn 0.3290 0.8109 0.4839
vn 0.0998 0.8503 0.5167
vn 0.2010 0.8684 0.4533
vn 0.3339 0.7959 -0.5051
vn 0.6528 0.7167 0.2452
vn -0.8508 0.3354 -0.4045
vn -0.5412 0.5341 -0.6495
vn -0.5694 0.5465 -0.6141
vn -0.2238 0.9445 0.2407
vn -0.1477 0.8903 0.4307
vn -0.1882 0.9760 -0.1092
vn -0.1947 0.9801 -0.0372
vn -0.6192 0.7833 -0.0549
vn -0.4041 0.8921 0.2021
vn -0.0072 0.6925 -0.7214
vn -0.1998 0.8978 -0.3924
vn -0.0137 0.5546 -0.8320
vn 0.7572 0.6521 -0.0374
vn 0.2847 0.8710 -0.4004
vn 0.0440 0.9420 -0.3328
vn -0.0317 0.9275 -0.3726
vn -0.5208 0.7234 0.4532
vn -0.1674 0.9847 -0.0485
vn -0.7246 0.6843 -0.0819
vn -0.8621 0.5020 0.0688
vn -0.6887 0.7220 0.0658
vn 0.4672 0.7607 0.4507
vn 0.5953 0.6202 0.5109
vn 0.4937 0.8647 -0.0930
vn 0.7928 0.5789 -0.1909
vn 0.7603 0.6433 0.0897
vn 0.9279 0.3671 0.0653
vn 0.7355 0.5959 0.3223
vn 0.9345 0.3556 0.0180
vn 0.1536 0.7985 -0.5821
vn 0.2818 0.7175 -0.6370
vn 0.7234 0.1753 -0.6678
vn 0.6700 0.1971 -0.7158
vn 0.6337 0.6296 -0.4495
vn -0.4186 0.5446 -0.7268
vn -0.1411 0.6100 -0.7797
vn 0.3451 0.5931 -0.7274
vn 0.4273 0.5172 -0.7416
vn 0.4341 0.5926 -0.6785
vn -0.2084 0.9075 -0.3647
vn -0.5665 0.8221 -0.0569
vn -0.2058 0.8175 -0.5379
vn 0.0496 0.8520 0.5213
vn 0.0383 0.8962 0.4419
vn 0.0518 0.8785 0.4750
vn -0.5913 0.6427 0.4872
vn -0.4538 0.1667 0.8754
vn -0.1516 0.2693 0.9510
vn -0.0959 -0.0016 0.9954
vn 0.7600 0.1627 0.6293
vn 0.6760 0.3016 0.6724
vn 0.6614 0.2371 0.7116
vn 0.4180 0.8572 0.3008
vn 0.5049 0.7629 0.4039
vn -0.5633 -0.1428 -0.8138
vn -0.5068 -0.0352 -0.8613
vn 0.1131 0.6898 0.7152
vn -0.1204 0.8448 0.5214
vn 0.0709 0.7633 0.6422
vn 0.1823 0.8789 0.4408
vn 0.0938 0.8519 0.5152
vn -0.5410 0.7917 0.2839
vn -0.5488 0.8069 0.2184
vn -0.7358 0.6394 -0.2233
vn -0.6403 0.7152 0.2804
vn 0.1305 0.3220 0.9377
vn 0.0767 0.2904 0.9538
vn 0.1472 0.1969 0.9693
vn -0.0383 0.9830 -0.1794
vn 0.0861 0.9961 -0.0177
vn -0.5604 0.8267 -0.0500
vn -0.3998 0.9131 0.0798
vn -0.3379 0.9217 0.1907
vn -0.4682 0.8446 0.2597
vn 0.9619 0.2400 -0.1312
vn 0.0845 0.6479 -0.7570
vn 0.4177 0.6381 -0.6468
vn 0.1704 0.9836 -0.0589
vn 0.1807 0.9652 0.1892
vn 0.0673 0.9952 0.0711
vn 0.2417 0.9615 0.1311
vn 0.4512 0.8622 -0.2304
vn -0.2221 0.2423 -0.9444
vn -0.6878 0.6136 0.3878
vn -0.6814 0.7317 0.0150
vn -0.1224 0.9456 0.3015
vn -0.0819 0.9846 -0.1547
vn -0.0728 0.9952 -0.0652
vn -0.3525 0.7938 0.4956
vn -0.2890 0.4239 -0.8584
vn -0.1268 0.4972 -0.8583
vn 0.0316 0.8503 -0.5253
vn 0.5928 0.7685 -0.2410
vn 0.7955 0.5464 0.2620
vn 0.5402 0.8353 0.1024
vn 0.0989 0.9402 -0.3259
vn 0.6241 0.5856 -0.5173
vn 0.3843 0.5745 -0.7227
vn -0.4645 0.8397 0.2812
vn -0.2664 0.9520 0.1511
vn 0.2770 0.8876 0.3681
vn 0.3046 0.9334 0.1895
vn 0.6694 0.7153 0.2007
vn -0.1833 0.8906 0.4161
vn -0.1769 0.9196 0.3508
vn -0.1848 0.9126 0.3647
vn -0.3574 0.0797 0.9305
vn -0.3731 0.0848 0.9239
vn -0.5653 0.0633 0.8225
vn 0.5784 0.7696 0.2705
vn 0.5089 0.7706 0.3836
vn 0.3938 0.8977 0.1978
vn 0.8428 0.5302 -0.0927
vn 0.8040 0.4222 -0.4188
vn 0.8161 0.5465 -0.1877
vn 0.0752 0.2408 0.9676
vn -0.0110 0.2102 0.9776
vn 0.1749 0.4450 0.8783
vn -0.0963 0.8456 0.5251
vn -0.2866 0.7507 0.5952
vn -0.2086 0.6374 0.7418
vn 0.0789 0.1005 0.9918
vn 0.1164 0.0594 0.9914
vn 0.1073 0.0396 0.9934
vn 0.1426 0.1675 0.9755
vn -0.8743 0.3443 0.3421
vn -0.3673 0.8928 -0.2608
vn 0.6807 0.3645 0.6354
vn 0.6291 0.3670 0.6853
vn 0.5959 0.7901 0.1437
vn 0.2281 0.9574 0.1769
vn 0.0668 0.9598 0.2727
vn 0.1874 0.8300 0.5253
vn -0.7841 0.1945 -0.5893
vn -0.8354 0.0623 -0.5462
vn -0.8624 0.1209 -0.4917
vn 0.4092 0.7312 0.5459
vn 0.6150 0.5695 0.5454
vn 0.9041 0.3941 0.1653
vn 0.8346 0.4814 0.2678
vn 0.9342 0.3467 -0.0841
vn 0.2966 0.7059 0.6433
vn 0.0551 0.7961 0.6027
vn -0.1630 0.7621 0.6267
vn -0.7730 0.6323 -0.0506
vn -0.3325 0.9334 0.1348
vn 0.3879 0.8601 0.3314
vn 0.6804 0.7325 -0.0216
vn 0.8148 0.5757 0.0685
vn -0.5796 0.7651 0.2804
vn -0.5387 0.6990 0.4704
vn -0.5196 0.8410 -0.1508
vn -0.5785 0.7884 -0.2094
vn -0.9465 0.2157 0.2400
vn -0.5938 0.6449 0.4811
vn 0.2580 0.7795 -0.5708
vn 0.2733 0.8345 -0.4784
vn 0.1756 0.8476 -0.5007
vn 0.1805 0.7554 -0.6300
vn 0.3028 0.3654 0.8802
vn 0.2896 0.5067 0.8120
vn 0.1021 0.2636 0.9592
vn 0.0203 0.9961 0.0855
vn -0.9709 0.1831 -0.1542
vn -0.8717 0.4673 0.1474
vn -0.4982 0.8521 0.1603
vn 0.3749 0.9269 0.0179
vn 0.3587 0.9335 0.0031
vn 0.3477 0.9337 -0.0858
vn 0.2723 0.8917 0.3615
vn -0.7365 0.6539 -0.1731
vn -0.5964 0.7635 -0.2478
vn -0.3225 0.9447 0.0600
vn -0.4421 0.8943 0.0699
vn -0.2995 0.9119 0.2807
vn -0.2925 0.9423 0.1625
vn -0.2769 0.7253 0.6303
vn -0.1466 0.8460 0.5126
vn -0.1461 0.7747 0.6152
vn -0.4186 0.8408 0.3433
vn -0.3043 0.9137 0.2693
vn -0.0158 0.7693 0.6386
vn -0.0983 0.7683 0.6325
vn 0.1795 0.4464 0.8767
vn 0.3084 0.5867 0.7488
vn 0.1004 0.7010 0.7061
vn -0.1153 0.9884 0.0989
vn -0.1710 0.8345 0.5237
vn -0.1415 0.9897 0.0233
vn -0.2483 0.9664 -0.0665
vn -0.0580 0.9982 0.0122
vn 0.1290 0.9009 0.4144
vn 0.2832 0.7283 0.6240
vn 0.0955 0.7676 0.6338
vn -0.4071 0.5965 0.6917
vn -0.4692 0.7040 0.5331
vn 0.0234 0.9251 0.3790
vn 0.6814 0.1086 0.7238
vn 0.1504 0.7179 0.6797
vn 0.0151 0.6063 0.7951
vn -0.0192 0.8672 0.4976
vn -0.7336 0.6695 -0.1165
vn -0.6885 0.7103 0.1464
vn -0.8569 0.3973 0.3283
vn -0.4531 0.8863 -0.0963
vn -0.5992 0.7958 -0.0880
vn 0.2504 0.8707 -0.4232
vn 0.0152 0.8921 -0.4516
vn 0.0661 0.9544 0.2913
vn 0.0211 0.9598 0.2799
vn 0.0814 0.8788 0.4702
vn -0.1994 0.1503 0.9683
vn -0.0818 0.5080 0.8575
vn 0.1029 -0.0883 0.9908
vn -0.4694 0.7804 0.4131
vn -0.5243 0.7584 0.3873
vn -0.5977 0.6818 0.4218
vn -0.6543 0.7550 -0.0436
vn 0.4513 0.8637 -0.2244
vn 0.6966 0.6915 -0.1912
vn 0.4573 0.8358 -0.3038
vn 0.7888 0.6033 -0.1176
vn 0.8742 0.4856 -0.0001
vn 0.8072 0.5758 -0.1298
vn 0.9484 0.2496 0.1956
vn 0.6390 0.7315 0.2379
vn 0.1961 0.9159 0.3503
vn 0.2672 0.5874 0.7639
vn -0.2205 0.5628 0.7967
vn -0.0572 0.2418 0.9686
vn -0.4289 0.1665 0.8879
vn -0.1810 -0.1356 0.9741
vn 0.5333 0.8448 0.0432
vn 0.4811 0.8717 -0.0934
vn 0.3221 0.9426 0.0878
vn 0.9720 0.1524 -0.1787
vn 0.9783 0.1004 -0.1814
vn 0.2119 0.9148 0.3439
vn 0.2871 0.8951 0.3412
vn 0.0912 0.8355 0.5419
vn -0.6927 0.6884 -0.2149
vn -0.7661 0.6346 -0.1016
vn -0.7254 0.6412 0.2503
vn 0.5144 0.8449 -0.1470
vn 0.4793 0.8755 -0.0620
vn -0.2444 0.8784 -0.4107
vn -0.0191 0.9293 -0.3688
vn -0.5531 0.8094 -0.1973
vn -0.3648 0.9222 -0.1284
vn -0.4277 0.9027 -0.0465
vn 0.6791 0.7302 0.0745
vn 0.3432 0.6203 -0.7053
vn 0.1856 0.6046 -0.7746
vn 0.4256 0.8762 -0.2259
vn -0.2982 0.9531 -0.0515
vn -0.3725 0.9278 0.0210
vn -0.4313 0.8699 -0.2392
vn -0.1552 0.9211 0.3570
vn -0.1696 0.8799 0.4439
vn -0.2753 0.8862 0.3727
vn 0.1180 0.8248 -0.5531
vn 0.1118 0.4925 -0.8631
vn -0.1952 0.5025 -0.8422
vn -0.3701 0.1371 -0.9188
vn -0.5060 0.1827 -0.8430
vn -0.2959 0.9387 -0.1768
vn 0.1624 0.7409 0.6517
vn 0.2232 0.9131 0.3411
vn -0.4912 0.2557 0.8327
vn -0.7043 0.5030 0.5010
vn -0.5479 0.4964 0.6733
vn -0.5386 0.8200 0.1937
vn 0.0258 0.7589 -0.6507
vn -0.0988 0.7863 -0.6099
vn -0.6642 0.3854 -0.6406
vn -0.4726 0.4357 -0.7660
vn -0.6867 0.1642 -0.7081
vn -0.8112 0.2075 -0.5467
vn -0.9281 0.0730 -0.3651
vn -0.8831 0.3077 -0.3541
vn -0.8439 0.2924 -0.4499
vn -0.5415 0.6904 -0.4797
vn 0.8352 0.3959 0.3817
vn 0.6807 0.4779 -0.5552
vn 0.4227 0.8617 -0.2806
vn 0.5484 0.4337 -0.7150
vn -0.1314 0.9381 0.3205
vn -0.1474 0.9186 -0.3667
vn -0.0380 0.9118 -0.4089
vn 0.1468 0.9332 -0.3281
vn 0.7681 0.6048 0.2103
vn 0.5982 0.8011 0.0198
vn 0.6959 0.7145 -0.0721
vn 0.8078 0.5810 0.0998
vn 0.8491 0.5283 0.0055
vn -0.3349 0.4439 -0.8311
vn -0.4130 0.4788 -0.7747
vn -0.7666 0.4868 -0.4187
vn 0.8293 0.4279 0.3593
vn 0.9173 0.2770 0.2860
vn 0.8558 0.2938 0.4258
vn 0.1890 0.9140 0.3591
vn 0.1468 0.9585 0.2443
vn 0.3916 0.8550 0.3400
vn -0.7717 0.3074 0.5567
vn -0.5436 0.7465 0.3836
vn -0.4104 0.5486 0.7284
vn -0.3579 0.9201 0.1590
vn -0.3211 0.8073 0.4952
vn -0.4905 0.4075 0.7703
vn -0.7667 0.6285 0.1308
vn -0.3836 0.8925 -0.2373
vn -0.1828 0.9449 -0.2714
vn -0.1242 0.9442 -0.3052
vn -0.3133 0.0209 0.9494
vn -0.5931 0.4578 0.6623
vn 0.1865 0.9762 0.1107
vn -0.9583 -0.0092 -0.2856
vn -0.9281 0.1170 -0.3534
vn -0.9788 0.0489 -0.1989
vn -0.6530 0.7546 -0.0645
vn -0.4333 0.2131 0.8757
vn -0.4115 0.1700 0.8954
vn -0.4590 0.1977 0.8661
vn -0.2665 0.9565 0.1189
vn -0.2800 0.9116 0.3009
vn 0.4754 0.8790 -0.0373
vn 0.6376 0.6883 -0.3459
vn 0.2890 0.8697 -0.4002
vn 0.2935 0.7564 -0.5846
vn -0.3388 0.9360 -0.0953
vn -0.3951 0.8566 0.3319
vn -0.4382 0.7915 0.4261
vn -0.1053 -0.2230 0.9691
vn 0.1221 0.6157 0.7784
vn 0.5202 0.5807 0.6262
vn -0.5311 0.8188 0.2178
vn -0.5826 0.8063 0.1018
vn -0.4212 0.6616 0.6204
vn 0.0338 0.9176 0.3961
vn -0.1731 0.9211 0.3486
vn -0.5216 0.6946 -0.4955
vn -0.6428 0.5434 -0.5399
vn -0.6180 0.5604 -0.5513
vn -0.7122 0.5146 0.4776
vn 0.4983 0.3980 0.7702
vn 0.5049 0.3906 0.7697
vn 0.2374 -0.1060 0.9656
vn 0.2941 -0.1560 0.9429
vn 0.0531 0.9937 0.0989
vn 0.5502 0.5195 0.6538
vn 0.0675 0.6871 0.7234
vn 0.2803 0.6590 0.6980
vn 0.3423 0.5917 0.7299
vn 0.1779 0.9834 -0.0360
vn 0.5744 0.8156 -0.0694
vn 0.0167 0.9847 0.1735
vn -0.2945 0.2474 0.9231
vn -0.3931 0.2154 0.8939
vn -0.1151 0.4563 0.8823
vn -0.4205 0.7640 0.4893
vn -0.5322 0.5303 0.6600
vn 0.0562 -0.0673 -0.9961
vn -0.2579 0.9607 0.1028
vn -0.1440 0.9438 0.2974
vn 0.4981 0.7909 -0.3555
vn 0.2459 0.6455 -0.7231
vn 0.3621 0.5498 -0.7528
vn 0.2450 0.7309 -0.6370
vn 0.8213 0.3297 -0.4656
vn 0.8972 0.1252 -0.4235
vn 0.9157 -0.0009 -0.4018
vn 0.7117 0.6968 -0.0896
vn 0.4635 0.8730 0.1520
vn 0.3216 0.9394 -0.1185
vn 0.7058 0.6340 0.3160
vn 0.0652 0.9885 0.1365
vn 0.4813 0.8733 -0.0757
vn 0.1617 0.9868 0.0083
vn 0.4242 0.8774 -0.2240
vn 0.6690 0.1589 -0.7261
vn 0.7980 0.2012 -0.5680
vn 0.7991 0.0700 -0.5971
vn 0.8441 0.3672 -0.3907
vn 0.7739 0.5996 -0.2037
vn 0.8675 0.3699 -0.3326
vn 0.2192 0.3394 -0.9148
vn 0.2047 0.3514 -0.9136
vn 0.2171 0.1123 -0.9697
vn 0.0858 0.6407 -0.7630
vn 0.0745 0.6827 -0.7269
vn 0.1606 0.3546 -0.9211
vn -0.0291 0.8820 0.4704
vn 0.0621 0.9161 0.3961
vn 0.0995 0.8247 0.5568
vn 0.3444 0.8938 0.2871
vn 0.0554 0.9450 0.3224
vn -0.5649 0.6294 -0.5336
vn -0.2775 0.8388 0.4683
vn -0.3707 0.9220 0.1118
vn -0.3183 0.7932 0.5191
vn 0.3366 0.7461 0.5745
vn 0.1671 0.7306 0.6621
vn 0.0372 0.9028 0.4285
vn 0.9234 0.2634 -0.2790
vn -0.3011 0.9334 -0.1949
vn -0.1154 0.9586 -0.2602
vn -0.5607 0.8024 -0.2042
vn 0.0518 0.8027 -0.5941
vn 0.2594 0.7143 -0.6500
vn 0.6119 0.5711 -0.5472
vn -0.1294 0.8094 -0.5729
vn -0.0435 0.8236 -0.5654
vn -0.5219 0.6265 -0.5789
vn -0.3979 0.8029 -0.4439
vn -0.2058 0.7276 -0.6544
vn 0.7846 0.5653 0.2547
vn 0.4249 0.6145 -0.6648
vn -0.4381 0.8987 0.0214
vn -0.3578 0.7142 -0.6016
vn -0.3604 0.8501 -0.3840
vn 0.4989 0.7624 0.4122
vn 0.5044 0.8585 0.0930
vn 0.5207 0.8084 0.2743
vn 0.8554 0.5133 0.0695
vn -0.0830 0.5191 -0.8507
vn -0.1052 0.6304 -0.7691
vn -0.1365 0.7197 -0.6807
vn 0.0438 0.9508 0.3067
vn 0.3175 0.7490 0.5815
vn -0.1285 0.9869 0.0973
vn 0.1926 0.9671 -0.1659
vn 0.2804 0.8920 -0.3546
vn -0.1412 0.9338 -0.3287
vn -0.2766 0.8066 -0.5223
vn -0.2857 0.7074 -0.6465
vn -0.5951 0.6857 0.4191
vn -0.2420 0.6435 0.7262
vn -0.5723 0.6264 0.5292
vn -0.2587 0.9655 0.0314
vn -0.2090 0.9777 -0.0214
vn -0.2159 0.9760 0.0278
vn -0.6631 0.7244 0.1888
vn -0.4526 0.8873 0.0883
vn 0.1485 0.8173 0.5568
vn 0.1087 0.7021 0.7038
vn 0.2373 0.8568 0.4577
vn -0.1384 0.9904 0.0064
vn -0.5795 0.8145 -0.0288
vn -0.2830 0.8843 0.3714
vn -0.7564 0.6493 0.0792
vn -0.6797 0.6618 -0.3162
vn -0.8829 0.4683 -0.0350
vn -0.5935 0.7975 -0.1082
vn -0.6177 0.7813 -0.0894
vn -0.5077 0.6728 0.5382
vn -0.8130 0.5645 0.1430
vn -0.7966 0.6028 -0.0457
vn 0.8171 0.5648 -0.1155
vn -0.2459 0.9024 -0.3540
vn -0.0537 0.9524 -0.3001
vn -0.2377 0.9191 -0.3144
vn -0.3527 0.4681 -0.8102
vn -0.6757 0.6456 -0.3558
vn -0.5582 0.8268 0.0690
vn -0.0807 0.9830 -0.1648
vn -0.5499 0.7235 0.4174
vn -0.8255 0.2969 -0.4800
vn -0.7625 0.6239 0.1712
vn 0.8750 0.4687 -0.1216
vn 0.4880 0.5815 -0.6510
vn 0.3807 0.8460 0.3734
vn 0.9705 0.1414 -0.1951
vn 0.9611 0.2430 -0.1311
vn 0.6085 0.7621 -0.2212
vn 0.7634 0.6024 -0.2329
vn -0.8334 0.3327 -0.4413
vn -0.8390 0.3103 -0.4470
vn -0.8883 0.2388 -0.3922
vn -0.6228 0.4699 -0.6256
vn -0.3376 0.6995 -0.6299
vn 0.0739 0.9283 0.3643
vn -0.1153 0.8973 0.4260
vn 0.1562 0.8506 0.5021
vn 0.0635 0.8784 0.4738
vn 0.7647 0.5882 0.2632
vn 0.8498 0.5171 -0.1027
vn 0.1615 0.9402 -0.3001
vn 0.2031 0.8276 0.5233
vn 0.6275 0.5866 0.5120
vn -0.6519 0.5955 0.4695
vn -0.7404 0.4983 0.4511
vn -0.0720 0.7448 -0.6634
vn -0.5382 0.6792 0.4990
vn -0.4940 0.8692 -0.0241
vn -0.5606 0.7667 0.3129
vn -0.5540 0.8039 -0.2162
vn -0.1086 0.8638 -0.4920
vn -0.7985 0.5482 -0.2486
vn 0.6830 0.7298 -0.0298
vn 0.8624 0.5050 0.0356
vn 0.8635 0.4803 0.1537
vn -0.1651 0.7749 0.6101
vn -0.1042 0.8612 0.4975
vn -0.0901 0.7135 0.6948
vn -0.0439 0.9690 0.2433
vn 0.9568 0.1772 0.2306
vn 0.9244 0.1827 0.3350
vn -0.3293 0.7047 -0.6284
vn -0.3702 0.7917 -0.4860
vn -0.9019 0.3146 -0.2959
vn -0.5566 0.7426 0.3725
vn -0.7802 0.6253 -0.0156
vn -0.7735 0.6270 -0.0925
vn -0.7932 0.5910 -0.1471
vn -0.8115 0.5843 0.0008
vn 0.0482 0.7896 -0.6118
vn 0.4183 0.8763 0.2389
vn -0.0255 0.9499 0.3114
vn -0.8522 0.5148 0.0929
vn -0.9024 0.4227 0.0838
vn -0.9376 0.1895 0.2916
vn 0.3256 0.9416 -0.0860
vn 0.7294 0.6464 -0.2240
vn -0.4711 0.8715 0.1362
vn -0.1788 0.8196 0.5443
vn -0.5404 0.8016 -0.2556
vn -0.2535 0.9105 0.3268
vn -0.2605 0.8650 0.4288
vn -0.0902 0.8381 0.5379
vn -0.2940 0.9241 0.2441
vn 0.0589 0.9385 -0.3403
vn 0.2915 0.9405 -0.1747
vn -0.2417 0.9569 -0.1610
vn 0.9025 0.4227 0.0828
vn 0.8905 0.4254 0.1616
vn 0.5415 0.7192 -0.4353
vn -0.0384 0.8527 0.5210
vn 0.1040 0.8580 0.5030
vn 0.0116 0.8219 0.5695
vn 0.3635 0.8796 0.3069
vn 0.1562 0.9683 0.1949
vn 0.0163 0.9224 0.3860
vn -0.2450 0.9249 0.2909
vn -0.1739 0.9231 0.3429
vn -0.0514 0.8969 0.4392
vn -0.3687 0.9290 0.0310
vn -0.5807 0.8088 0.0932
vn -0.5275 0.8443 0.0945
vn 0.4703 0.8766 0.1022
vn 0.1979 0.9487 0.2465
vn 0.0924 0.9957 -0.0087
vn 0.0793 0.9803 0.1808
vn -0.4800 0.5192 -0.7071
vn 0.1180 0.0095 -0.9930
vn 0.0437 -0.0215 -0.9988
vn 0.0573 0.9967 0.0575
vn 0.0578 0.9738 0.2198
vn 0.5451 0.8282 0.1303
vn 0.1893 0.9251 0.3291
vn 0.1781 0.9807 -0.0812
vn 0.2238 0.9742 -0.0275
vn 0.2665 0.9604 -0.0814
vn 0.1096 0.9911 0.0757
vn 0.0089 0.9795 0.2012
vn 0.1995 0.8224 -0.5327
vn 0.7070 0.6124 0.3539
vn 0.3035 0.7807 0.5462
vn 0.5546 0.5616 -0.6140
vn 0.4543 0.8784 0.1485
vn 0.4115 0.8613 0.2979
vn 0.4634 0.7904 0.4006
vn 0.7212 0.3914 -0.5716
vn 0.8493 0.4479 -0.2796
vn 0.8615 0.4467 -0.2415
vn 0.4770 0.8789 -0.0075
vn -0.2429 0.9410 -0.2358
vn -0.2429 0.9257 0.2898
vn -0.1565 0.6024 -0.7827
vn -0.0855 0.3910 -0.9164
vn -0.5011 0.5486 -0.6692
vn -0.4078 0.4552 -0.7915
vn -0.6389 0.4354 -0.6343
vn -0.6271 0.7775 -0.0476
vn -0.6387 0.7652 -0.0814
vn -0.3415 0.5681 0.7488
vn -0.3665 0.3523 0.8611
vn -0.2082 0.4729 0.8562
vn -0.3052 0.8755 0.3746
vn -0.5751 0.8157 0.0616
vn -0.3864 0.7263 0.5685
vn 0.1508 0.9721 0.1795
vn 0.0016 0.9841 0.1775
vn 0.2250 0.6733 -0.7043
vn 0.2037 0.4722 -0.8576
vn 0.5740 0.8009 0.1706
vn 0.5485 0.8289 0.1096
vn 0.6305 0.7709 -0.0902
vn 0.7196 0.5563 -0.4156
vn 0.5500 0.7524 -0.3623
vn 0.8320 0.5421 -0.1181
vn 0.5696 0.8211 -0.0378
vn 0.2733 0.9607 0.0491
vn -0.4133 0.8840 -0.2186
vn 0.8212 0.5666 -0.0678
vn 0.7137 0.5497 -0.4341
vn -0.0053 0.7089 -0.7053
vn -0.3324 0.1958 -0.9226
vn 0.1064 0.6594 -0.7442
vn -0.6108 0.7528 0.2456
vn -0.7343 0.5843 0.3455
vn 0.5909 0.7208 0.3624
vn 0.6367 0.4839 0.6004
vn 0.1506 0.9172 -0.3688
vn 0.3860 0.7829 -0.4880
vn -0.0091 0.9978 0.0649
vn -0.1101 0.7898 -0.6033
vn -0.1281 0.8335 -0.5375
vn -0.1532 0.8933 -0.4225
vn -0.1177 0.9358 -0.3323
vn 0.0195 0.7946 0.6068
vn -0.0315 0.7526 0.6577
vn 0.0004 0.8292 0.5590
vn 0.1660 0.8228 0.5436
vn 0.1372 0.4984 -0.8560
vn 0.1733 0.4128 -0.8942
vn 0.3243 0.8534 -0.4081
vn 0.2429 0.1739 0.9543
vn 0.2008 0.1058 0.9739
vn 0.7188 0.5028 0.4802
vn 0.3305 0.6056 0.7239
vn -0.9209 -0.3879 -0.0393
vn -0.9207 -0.3901 0.0074
vn -0.9721 -0.2271 -0.0581
vn -0.2894 0.9458 0.1473
vn 0.1620 0.9841 0.0731
vn 0.0519 0.9984 0.0202
vn -0.3235 0.5551 -0.7663
vn -0.4464 0.7993 -0.4023
vn -0.1314 0.7956 -0.5914
vn 0.0085 0.9309 -0.3652
vn 0.0221 0.8958 -0.4438
vn 0.0324 0.8906 -0.4536
vn 0.1320 0.3638 -0.9221
vn 0.0193 0.1838 -0.9828
vn 0.0715 0.1609 -0.9844
vn -0.8238 0.4363 -0.3619
vn -0.5382 0.4635 -0.7040
vn -0.8599 0.4076 -0.3073
vn -0.1476 0.9837 -0.1029
vn -0.7549 0.5655 0.3321
vn -0.6810 0.7172 0.1478
vn -0.6961 0.6929 0.1881
vn -0.4976 0.7674 0.4043
vn -0.3123 0.8907 0.3304
vn 0.1384 0.8605 0.4902
vn 0.2055 0.8359 0.5090
vn 0.1249 0.9798 -0.1561
vn 0.1641 0.9828 -0.0845
vn -0.5224 0.7829 0.3379
vn -0.6248 0.6951 -0.3555
vn -0.2136 0.8860 -0.4116
vn -0.3019 0.8910 -0.3390
vn -0.2554 0.8794 -0.4019
vn 0.0283 0.9034 -0.4278
vn -0.0698 0.8949 -0.4407
vn -0.0504 0.9391 -0.3399
vn 0.1434 0.9368 -0.3190
vn 0.2730 0.8812 -0.3859
vn 0.2135 0.9094 -0.3568
vn 0.2443 0.9126 -0.3279
vn 0.9707 0.2272 -0.0784
vn 0.8793 0.4686 -0.0852
vn 0.9466 0.2952 -0.1299
vn 0.9964 0.0531 -0.0668
vn -0.7683 0.5777 0.2754
vn -0.6644 0.6955 -0.2738
vn -0.3303 0.9100 0.2507
vn -0.6625 0.6849 -0.3034
vn 0.0558 0.6682 0.7419
vn 0.1294 0.6886 0.7135
vn 0.1809 0.8010 0.5707
vn 0.3156 0.7736 0.5494
vn 0.2017 0.8586 0.4713
vn 0.1328 0.1688 -0.9767
vn 0.1649 0.1776 -0.9702
vn 0.0975 0.6491 -0.7544
vn 0.7952 0.5933 -0.1254
vn 0.5078 0.8359 -0.2082
vn 0.8434 0.5113 -0.1653
vn -0.1095 0.9824 -0.1516
vn 0.3886 0.8439 -0.3700
vn 0.2307 0.9525 -0.1989
vn 0.5392 0.8225 -0.1809
vn 0.4281 0.6311 -0.6469
vn 0.5562 0.6200 -0.5534
vn 0.3473 0.6620 -0.6642
vn 0.3657 0.6041 -0.7081
vn 0.2764 0.4203 0.8643
vn 0.4243 0.4035 0.8107
vn 0.3432 0.9251 -0.1623
vn 0.5354 0.5871 -0.6072
vn -0.2307 0.1901 0.9543
vn -0.0897 0.9716 0.2189
vn 0.1853 0.9714 0.1485
vn 0.9392 0.3108 0.1461
vn 0.2523 0.5534 -0.7938
vn 0.3865 0.9095 0.1530
vn 0.6094 0.7928 -0.0066
vn 0.3887 0.9121 0.1300
vn 0.9240 0.3438 -0.1674
vn 0.9021 0.4137 -0.1226
vn 0.4073 0.7654 -0.4983
vn 0.4086 0.5859 -0.6998
vn 0.5611 0.7988 -0.2170
vn 0.3814 0.5973 0.7055
vn 0.5903 0.6522 0.4755
vn 0.6205 0.6752 0.3989
vn -0.1504 0.9094 0.3877
vn 0.0792 0.9278 0.3645
vn -0.2545 0.9027 -0.3469
vn -0.8021 0.4776 0.3585
vn 0.6725 0.6820 0.2873
vn 0.9147 0.3936 0.0919
vn 0.9168 0.3835 0.1112
vn 0.4269 0.8374 0.3413
vn -0.1985 0.9109 -0.3618
vn -0.2049 0.8863 -0.4153
vn -0.2755 0.7465 -0.6057
vn -0.3372 0.7027 -0.6265
vn -0.2934 0.6652 -0.6867
vn -0.2795 0.8387 -0.4674
vn 0.1677 0.4006 0.9008
vn -0.8343 0.0756 0.5462
vn -0.8632 0.0526 0.5022
vn -0.7645 0.6396 0.0803
vn -0.9204 0.3833 -0.0767
vn 0.6355 0.7444 -0.2052
vn -0.7386 0.6557 -0.1566
vn -0.7753 0.5260 -0.3495
vn -0.4322 0.7971 -0.4217
vn -0.8603 0.4888 -0.1448
vn -0.2276 0.9699 0.0863
vn -0.4811 0.8267 0.2917
vn -0.1708 0.9651 -0.1987
vn -0.5049 -0.0073 0.8632
vn -0.3518 0.6136 0.7069
vn 0.5339 0.5677 -0.6267
vn 0.2811 0.7227 -0.6314
vn 0.4086 0.4178 -0.8115
vn -0.6968 0.6727 0.2488
vn -0.2971 0.9411 -0.1615
vn -0.3537 0.9288 -0.1105
vn 0.8480 0.4991 -0.1782
vn 0.7186 0.5550 -0.4190
vn 0.8155 0.2016 -0.5425
vn 0.5991 0.7747 -0.2025
vn 0.0236 0.2196 0.9753
vn 0.0971 0.0532 0.9939
vn 0.0553 0.1520 0.9868
vn 0.2494 -0.0083 0.9684
vn 0.2423 0.1346 0.9608
vn 0.0773 -0.1509 0.9855
vn 0.4643 0.5882 -0.6622
vn 0.4645 0.5643 -0.6825
vn 0.5933 0.6102 -0.5250
vn 0.2048 0.8970 -0.3917
vn 0.7323 0.6784 0.0585
vn -0.6581 0.1452 -0.7388
vn -0.6539 0.0032 -0.7565
vn -0.6325 -0.0129 -0.7744
vn -0.2379 0.9493 0.2054
vn -0.5419 0.7502 -0.3788
vn -0.2733 0.9012 0.3362
vn 0.9203 0.3912 -0.0066
vn 0.7446 0.5503 -0.3779
vn 0.6972 0.0132 -0.7167
vn 0.6571 0.1267 -0.7431
vn -0.7170 0.6538 0.2416
vn -0.6881 0.7118 0.1406
vn -0.6194 0.7365 0.2718
vn -0.8604 0.5061 0.0597
vn -0.7314 0.6087 0.3075
vn -0.4062 0.6287 0.6631
vn -0.3825 0.8950 0.2294
vn -0.2205 0.9169 0.3326
vn -0.3465 0.4402 0.8284
vn -0.5124 0.8367 0.1931
vn -0.2301 0.9330 0.2766
vn -0.6218 0.7305 0.2822
vn -0.2437 0.9000 0.3614
vn 0.2998 0.8725 0.3859
vn 0.3134 0.9000 0.3030
vn 0.3242 0.8961 0.3032
vn 0.1296 0.8935 0.4299
vn 0.0188 0.5029 -0.8641
vn 0.5250 0.5358 -0.6613
vn 0.6313 0.5022 -0.5909
vn -0.8922 0.3999 0.2100
vn 0.6044 0.7706 0.2022
vn 0.3555 0.9337 -0.0434
vn 0.8252 0.5526 -0.1169
vn 0.2046 0.7044 -0.6797
vn 0.0375 0.9172 -0.3968
vn -0.7992 0.3735 -0.4709
vn -0.8598 0.2775 -0.4286
vn -0.4130 0.8857 0.2119
vn -0.0986 0.9065 0.4106
vn -0.2951 0.8755 0.3828
vn -0.0947 0.4525 -0.8867
vn -0.4051 0.9135 -0.0366
vn -0.9917 0.0818 -0.0996
vn -0.9988 0.0179 -0.0457
vn -0.9694 0.2453 0.0073
vn 0.6427 0.7660 -0.0117
vn 0.0361 0.9901 -0.1355
vn 0.1978 0.9663 -0.1644
vn -0.0798 0.9396 0.3329
vn 0.1247 0.9877 0.0940
vn 0.8223 0.4631 0.3307
vn 0.8999 0.2312 0.3698
vn 0.9158 0.1529 0.3713
vn 0.7420 0.6179 0.2603
vn 0.0992 0.9944 -0.0356
vn 0.3232 0.9463 0.0103
vn 0.4079 0.5691 -0.7139
vn 0.0112 0.7882 -0.6153
vn 0.3657 0.6252 -0.6895
vn 0.3039 0.8359 -0.4571
vn 0.9641 0.2067 0.1668
vn -0.6589 0.7408 0.1306
vn -0.7192 0.6904 0.0784
vn -0.6947 0.6960 -0.1818
vn -0.0033 0.9162 0.4006
vn -0.2221 0.7093 0.6690
vn 0.0177 0.8518 0.5236
vn -0.5551 0.7678 0.3199
vn 0.0009 0.9144 0.4048
vn -0.9276 0.3589 -0.1037
vn -0.8158 0.4875 -0.3110
vn 0.7914 0.6102 0.0379
vn 0.8281 0.5553 -0.0770
vn 0.7279 0.6564 -0.1980
vn 0.7021 0.7075 -0.0813
vn 0.5939 0.7770 -0.2088
vn 0.5711 0.6759 0.4659
vn 0.5826 0.7313 0.3546
vn 0.4918 0.7783 0.3904
vn 0.9921 0.1215 -0.0309
vn 0.8966 0.4424 -0.0207
vn 0.8693 0.4939 -0.0171
vn 0.0302 0.9677 0.2502
vn 0.0672 0.8592 0.5072
vn 0.0035 0.6857 -0.7279
vn 0.1211 0.7836 -0.6094
vn 0.0373 0.8087 -0.5870
vn -0.3998 0.7522 -0.5239
vn 0.5537 0.6470 -0.5242
vn 0.4316 0.7722 -0.4663
vn 0.4237 0.8058 -0.4138
vn 0.4476 0.7077 -0.5466
vn 0.4054 0.5736 -0.7118
vn 0.1225 0.7399 -0.6615
vn -0.0052 0.1152 -0.9933
vn 0.1007 0.2726 -0.9569
vn -0.0499 0.8438 0.5343
vn 0.0264 0.8141 0.5801
vn -0.2282 0.8219 0.5220
vn -0.0754 0.5104 0.8567
vn 0.9055 0.2131 -0.3670
vn 0.4359 0.5715 0.6953
vn 0.4250 0.6801 0.5973
vn 0.1909 0.9283 -0.3191
vn 0.1551 0.9821 -0.1066
vn 0.2588 0.9517 -0.1655
vn -0.0779 0.9815 0.1751
vn -0.1480 0.9600 0.2378
vn -0.2752 0.7952 0.5403
vn 0.6646 0.7435 -0.0741
vn -0.8740 0.2527 -0.4151
vn -0.4736 0.8691 0.1428
vn -0.4477 0.8459 0.2897
vn -0.2304 0.9001 0.3699
vn -0.1770 0.7804 0.5996
vn -0.1441 0.7233 0.6754
vn -0.1927 0.7284 0.6575
vn -0.2915 0.7696 0.5681
vn -0.3203 0.7535 0.5741
vn 0.7270 0.6509 -0.2184
vn 0.7643 0.5822 -0.2773
vn 0.8572 0.2990 -0.4193
vn 0.7420 0.6689 -0.0448
vn 0.8193 0.5676 0.0809
vn 0.8060 0.5655 -0.1745
vn 0.7020 0.6995 -0.1335
vn 0.7409 0.0881 -0.6658
vn 0.8055 0.3469 -0.4805
vn -0.2997 0.5825 -0.7556
vn -0.2182 0.7321 -0.6453
vn -0.2706 0.8333 -0.4821
vn -0.4699 0.7606 -0.4480
vn -0.2898 0.7871 -0.5445
vn -0.0238 0.9423 -0.3340
vn 0.0313 0.9980 -0.0551
vn -0.1599 0.9636 -0.2141
vn -0.2830 0.9133 -0.2930
vn -0.4091 0.8732 -0.2649
vn 0.9021 0.3549 -0.2453
vn 0.9550 0.2620 -0.1391
vn 0.2399 0.9694 0.0519
vn 0.1478 0.9705 -0.1907
vn 0.4196 0.8994 -0.1223
vn 0.3130 0.9428 0.1146
vn 0.3041 0.9427 0.1370
vn 0.2115 0.9741 -0.0798
vn -0.2606 0.8203 -0.5090
vn -0.4039 0.8809 -0.2469
vn 0.3332 0.9242 -0.1869
vn 0.5525 0.6339 -0.5412
vn 0.0061 0.1116 0.9937
vn -0.0748 0.0392 0.9964
vn 0.0122 0.0275 0.9995
vn 0.7177 0.6949 0.0450
vn 0.6104 0.7921 -0.0050
vn -0.6619 0.7244 -0.1929
vn -0.6444 0.7488 -0.1551
vn -0.4625 0.2069 0.8621
vn -0.4433 0.5062 0.7398
vn -0.4085 0.6976 0.5887
vn -0.6625 0.3271 0.6739
vn -0.5330 0.1644 0.8300
vn -0.8095 0.4548 -0.3714
vn -0.7433 0.6554 -0.1341
vn -0.9725 0.2263 -0.0551
vn -0.2171 0.0254 -0.9758
vn -0.7000 0.3524 -0.6211
vn -0.6770 0.0011 -0.7360
vn -0.6771 0.3156 -0.6648
vn 0.6170 0.7619 0.1971
vn 0.6176 0.7708 0.1562
vn 0.3455 0.8926 0.2896
vn 0.5909 0.7258 0.3521
vn 0.5698 0.7872 0.2361
vn 0.3197 0.6309 -0.7069
vn 0.4111 0.5756 -0.7069
vn -0.1643 0.4078 -0.8981
vn 0.6738 0.5182 0.5268
vn 0.5060 0.8496 0.1486
vn 0.3112 0.9380 0.1528
vn 0.0267 0.8765 0.4807
vn 0.0896 0.9352 0.3425
vn 0.8875 0.4000 -0.2286
vn 0.9560 0.2755 -0.1008
vn 0.8897 0.4172 -0.1855
vn 0.6614 0.7048 0.2567
vn -0.4792 0.0420 -0.8767
vn -0.5113 0.1096 -0.8524
vn -0.1378 0.4548 -0.8799
vn 0.2059 0.7851 -0.5841
vn 0.8382 0.3777 0.3933
vn 0.8627 0.2738 0.4251
vn 0.5297 0.5472 0.6480
vn 0.3751 0.7559 -0.5365
vn -0.6962 0.6658 0.2685
vn 0.6545 0.7178 0.2375
vn 0.4615 0.8870 0.0177
vn 0.6554 0.6950 -0.2959
vn -0.1315 0.8851 -0.4465
vn 0.3400 0.9231 -0.1795
vn 0.3311 0.7215 -0.6081
vn 0.2381 0.9266 -0.2912
vn -0.4108 0.9053 0.1075
vn -0.5169 0.8060 0.2885
vn -0.7659 0.6321 0.1181
vn -0.2218 0.8823 -0.4151
vn -0.4178 0.8231 -0.3847
vn -0.4656 0.8285 -0.3113
vn -0.7064 0.6971 0.1226
vn -0.6847 0.6921 0.2285
vn -0.6734 0.7352 -0.0775
vn -0.2542 0.2327 0.9387
vn -0.3045 0.2828 0.9096
vn -0.2564 0.2787 0.9255
vn -0.1603 0.9234 0.3486
vn -0.2191 0.6404 0.7362
vn -0.0822 0.9245 0.3722
vn -0.5185 0.7134 0.4714
vn -0.7256 0.4214 0.5440
vn -0.4864 0.8631 0.1357
vn -0.5603 0.8276 -0.0328
vn -0.1718 0.8295 -0.5314
vn -0.1205 0.8616 -0.4931
vn -0.1259 0.8812 -0.4557
vn -0.0684 0.8932 -0.4445
vn -0.1226 0.8625 -0.4911
vn -0.2735 0.7432 0.6106
vn -0.3164 0.9149 0.2505
vn -0.1528 0.9595 0.2368
vn 0.2354 0.8780 -0.4167
vn 0.2218 0.9148 -0.3377
vn 0.1933 0.9789 -0.0670
vn 0.0752 0.9958 -0.0530
vn -0.5694 0.5709 0.5915
vn -0.6290 0.5669 0.5319
vn -0.4857 0.8322 -0.2676
vn -0.4546 0.8786 -0.1466
vn -0.2669 0.7780 0.5688
vn -0.3405 0.8838 0.3208
vn -0.5478 0.8365 0.0077
vn -0.5493 0.8221 0.1500
vn -0.0505 0.2506 -0.9668
vn -0.3263 0.8649 -0.3814
vn -0.0978 0.8699 -0.4834
vn 0.0023 0.7655 -0.6434
vn -0.0197 0.6455 -0.7635
vn 0.2388 0.0186 -0.9709
vn -0.0608 0.9911 0.1186
vn 0.0756 0.9970 -0.0162
vn 0.0846 0.9943 0.0645
vn 0.0242 0.9809 0.1928
vn -0.8949 0.0643 -0.4417
vn -0.7499 0.2441 -0.6149
vn -0.8252 0.3820 -0.4161
vn 0.9061 0.2273 0.3569
vn 0.9103 0.2121 0.3554
vn -0.1505 0.2767 -0.9491
vn -0.4225 0.0483 -0.9051
vn -0.8366 0.5370 -0.1084
vn 0.5711 0.7456 0.3433
vn 0.3763 0.8856 0.2723
vn 0.4999 0.7437 0.4438
vn 0.8092 0.1296 0.5730
vn 0.8677 0.0751 0.4913
vn 0.8253 0.1711 0.5382
vn -0.0584 0.6971 0.7145
vn -0.0095 0.2516 0.9678
vn 0.0887 0.7920 -0.6040
vn -0.2326 0.9303 0.2835
vn -0.3566 0.7831 0.5094
vn -0.3875 0.9212 0.0367
vn 0.1874 0.6233 -0.7592
vn -0.0378 0.9715 0.2340
vn 0.0603 0.9762 0.2085
vn -0.8052 0.5305 -0.2648
vn -0.7714 0.6061 -0.1938
vn -0.7502 0.5933 -0.2917
vn -0.5092 0.6026 -0.6145
vn -0.8103 0.2843 0.5124
vn -0.8319 0.4824 0.2743
vn -0.8510 -0.0862 0.5180
vn 0.4652 0.8634 -0.1953
vn -0.6684 0.7416 0.0574
vn -0.6172 0.7144 0.3298
vn 0.0500 0.7452 0.6650
vn 0.0486 0.8081 0.5871
vn -0.3145 0.5928 0.7414
vn 0.1576 0.4947 -0.8546
vn 0.1994 0.2060 -0.9580
vn -0.0571 0.8366 0.5448
vn -0.6353 0.7678 -0.0827
vn -0.3648 0.9213 0.1346
vn -0.0935 0.9955 0.0146
vn 0.3501 0.7362 -0.5792
vn 0.0871 0.7073 -0.7016
vn 0.4901 0.7051 -0.5126
vn 0.1751 0.4612 -0.8698
vn 0.1883 0.4976 -0.8467
vn -0.0345 0.7479 0.6629
vn -0.0083 0.6278 0.7784
vn -0.8753 0.4835 -0.0009
vn -0.5789 0.8039 -0.1367
vn -0.9247 0.0882 0.3702
vn -0.4639 0.6923 -0.5528
vn 0.2539 0.9308 0.2631
vn 0.2497 0.9642 -0.0893
vn 0.3943 0.8946 -0.2106
vn 0.4593 0.3997 -0.7933
vn 0.4886 0.4816 -0.7276
vn -0.4017 0.9153 -0.0303
vn -0.6980 0.7143 -0.0505
vn -0.9717 -0.2214 0.0827
vn -0.8194 0.1052 -0.5635
vn -0.8988 0.2824 0.3353
vn -0.8492 0.5231 -0.0717
vn -0.3845 0.8645 -0.3238
vn -0.4011 0.8054 -0.4364
vn -0.7797 0.6207 0.0825
vn -0.7808 0.6045 0.1578
vn -0.5177 0.8555 -0.0080
vn -0.1325 0.9681 0.2127
vn -0.8099 0.5848 0.0447
vn -0.7627 0.6253 -0.1652
vn 0.2255 0.9735 0.0374
vn 0.5953 0.7742 0.2151
vn 0.1344 0.9815 0.1361
vn 0.6423 0.6167 -0.4551
vn 0.3320 0.4014 -0.8536
vn 0.0973 0.6924 0.7149
vn -0.0152 0.8002 0.5995
vn -0.6054 0.6658 0.4361
vn 0.0853 0.4119 0.9072
vn -0.6255 0.1954 -0.7553
vn -0.5493 0.8092 -0.2084
vn -0.3314 0.8746 0.3540
vn -0.6593 0.6867 -0.3063
vn 0.4133 0.8676 -0.2765
vn 0.4885 0.7767 -0.3975
vn -0.1237 0.9901 0.0665
vn -0.0440 0.9936 -0.1042
vn 0.2198 0.8399 0.4962
vn -0.3845 0.7836 0.4879
vn -0.3162 0.9404 0.1253
vn -0.3678 0.8663 0.3381
vn 0.4422 0.8896 0.1148
vn 0.1021 0.9948 0.0072
vn 0.6349 0.7722 0.0242
vn -0.2207 0.5853 -0.7802
vn -0.2096 0.4916 -0.8452
vn -0.2334 0.2968 -0.9260
vn -0.2437 0.4605 -0.8536
vn 0.5402 0.8331 -0.1191
vn 0.6083 0.7132 -0.3484
vn -0.0470 0.6963 -0.7162
vn 0.1400 0.8067 0.5742
vn -0.6798 0.4270 0.5963
vn -0.7134 0.4199 0.5610
vn -0.1966 0.6798 0.7066
vn -0.2982 0.6262 0.7204
vn -0.0048 0.9907 -0.1357
vn -0.0547 0.9984 0.0153
vn 0.0835 0.9893 0.1193
vn 0.5401 0.5525 0.6349
vn 0.1666 0.9412 0.2940
vn 0.6786 0.7257 -0.1136
vn -0.1044 0.7179 0.6883
vn 0.0638 0.9404 -0.3341
vn -0.1960 0.9679 0.1575
vn -0.3443 0.9318 -0.1145
vn 0.1131 0.8822 0.4572
vn 0.2205 0.7147 0.6638
vn -0.0576 0.9108 0.4088
vn -0.0136 0.9817 -0.1899
vn -0.0183 0.9101 0.4140
vn 0.0928 0.9956 -0.0097
vn 0.2439 0.9454 0.2159
vn 0.4249 0.9044 -0.0400
vn 0.7803 0.3844 -0.4933
vn -0.1228 0.9762 -0.1786
vn -0.1533 0.9595 0.2363
vn -0.1436 0.9612 0.2354
vn -0.1346 0.9498 0.2824
vn -0.1579 0.9834 0.0893
vn -0.1121 0.6220 0.7749
vn -0.2598 0.4631 0.8474
vn 0.5476 0.8030 0.2353
vn 0.7893 0.2467 0.5623
vn 0.8423 0.2125 0.4954
vn 0.7903 0.2693 0.5503
vn -0.3198 0.8418 0.4349
vn -0.2731 0.9448 -0.1810
vn -0.1508 0.8763 -0.4576
vn -0.1662 0.9761 -0.1398
vn 0.1566 0.5696 -0.8068
vn 0.1430 0.7248 -0.6739
vn -0.7666 0.5052 -0.3964
vn -0.6083 0.5474 -0.5747
vn -0.6990 0.1647 0.6959
vn -0.2443 0.3111 0.9184
vn 0.0380 0.3960 0.9175
vn -0.7725 0.3554 -0.5263
vn -0.2484 0.8732 -0.4194
vn -0.6710 0.6071 -0.4256
vn -0.4429 0.8210 -0.3603
vn -0.3097 0.3559 -0.8817
vn -0.1759 0.4006 -0.8992
vn -0.1023 0.7459 0.6581
vn -0.4146 0.8515 0.3210
vn -0.3253 0.7490 0.5772
vn -0.1231 0.5272 0.8408
vn 0.0332 0.5389 0.8417
vn 0.3411 0.6456 0.6833
vn 0.1287 0.4876 0.8635
vn -0.1142 0.2832 0.9522
vn -0.0875 0.9932 -0.0767
vn 0.7170 0.6908 -0.0931
vn 0.3510 0.8821 -0.3141
vn -0.2112 0.9361 0.2813
vn -0.2369 0.8971 0.3729
vn -0.3607 0.2404 0.9012
vn 0.1730 0.9239 0.3412
vn -0.0607 0.6067 0.7926
vn -0.0612 0.7374 0.6726
vn -0.6295 0.1295 -0.7661
vn -0.6994 0.6803 0.2190
vn 0.6531 0.6558 0.3786
vn 0.3524 0.8601 0.3689
vn -0.4877 0.8640 0.1251
vn -0.1281 0.9474 -0.2932
vn -0.5769 0.7788 -0.2462
vn -0.9094 0.4129 -0.0501
vn 0.7978 0.4516 -0.3996
vn 0.3592 0.9197 0.1587
vn -0.6314 0.6237 0.4607
vn -0.6769 0.6326 0.3765
vn -0.3049 0.9514 0.0438
vn 0.5813 0.6178 0.5295
vn 0.3286 0.9066 0.2648
vn 0.5599 0.6452 0.5198
vn 0.1114 0.9882 0.1050
vn 0.3530 0.5875 0.7282
vn 0.3315 0.4973 0.8018
vn 0.2162 0.5499 0.8068
vn 0.4177 0.3806 0.8250
vn -0.1532 0.9469 -0.2826
vn -0.6193 0.7232 -0.3057
vn -0.1930 0.9606 0.2001
vn 0.0171 0.9647 -0.2629
vn -0.1160 0.9679 -0.2231
vn 0.4203 0.8936 -0.1577
vn 0.0647 0.9886 0.1362
vn -0.1402 0.9813 -0.1315
vn -0.5298 0.7421 -0.4107
vn -0.6676 0.6653 -0.3342
vn -0.6507 0.4168 -0.6348
vn -0.6019 0.4071 -0.6870
vn -0.6049 0.7420 -0.2889
vn -0.8958 0.2760 -0.3482
vn 0.7899 0.2489 0.5604
vn 0.5983 0.8011 -0.0162
vn 0.7888 0.5885 0.1773
vn 0.6777 0.7025 0.2174
vn -0.9026 0.3677 -0.2239
vn 0.0214 0.9754 0.2192
vn -0.0025 0.9999 0.0155
vn -0.9223 0.3541 -0.1549
vn -0.7926 0.3697 -0.4849
vn -0.8809 0.3025 -0.3639
vn -0.6881 0.6667 -0.2863
vn -0.1606 0.8566 -0.4902
vn 0.6270 0.7139 0.3117
vn 0.2491 0.9677 0.0386
vn 0.7406 0.5421 -0.3971
vn 0.8439 0.3549 -0.4024
vn 0.7420 0.6210 -0.2526
vn -0.6384 0.0269 -0.7693
vn -0.7270 0.0651 -0.6836
vn -0.6453 0.5426 -0.5377
vn 0.8162 0.4748 -0.3292
vn 0.9018 0.3958 -0.1735
vn 0.3423 0.7231 -0.6000
vn -0.7356 0.5649 0.3740
vn -0.6479 0.7383 0.1875
vn 0.9473 0.2713 0.1703
vn 0.2400 0.9157 0.3224
vn 0.1283 0.9190 0.3727
vn 0.1878 0.9551 0.2291
vn 0.2163 0.9758 0.0308
vn 0.4473 0.6582 -0.6055
vn 0.1882 0.9790 -0.0786
vn -0.3267 0.7224 0.6094
vn -0.2206 0.9420 0.2530
vn -0.5446 0.8354 0.0741
vn 0.1666 0.9626 -0.2137
vn -0.6903 0.3895 0.6097
vn -0.9155 0.3992 0.0505
vn -0.5449 0.3333 0.7694
vn -0.8005 0.1491 0.5805
vn 0.1128 0.4111 0.9046
vn 0.5365 0.6216 -0.5708
vn 0.1088 0.6167 -0.7796
vn 0.3096 0.4323 -0.8469
vn -0.7794 0.6265 0.0126
vn -0.6709 0.7393 -0.0580
vn -0.0690 0.9963 0.0508
vn -0.3856 0.6806 -0.6230
vn -0.3246 0.6233 -0.7114
vn -0.1780 0.6585 -0.7312
vn -0.2788 0.5747 -0.7694
vn -0.3404 0.9343 -0.1060
vn -0.2727 0.9425 -0.1932
vn -0.8060 0.4786 -0.3482
vn -0.5847 0.2599 -0.7685
vn -0.5135 0.8572 0.0392
vn -0.0040 0.9988 0.0494
vn -0.0047 0.9944 0.1060
vn 0.3070 0.9355 -0.1750
vn -0.6934 0.6522 0.3062
vn -0.5789 0.6691 0.4660
vn -0.2441 0.3656 0.8982
vn 0.0408 0.0369 0.9985
vn 0.0779 0.1297 0.9885
vn 0.0336 0.1892 0.9814
vn -0.3614 0.9018 0.2370
vn -0.6711 0.4776 -0.5670
vn -0.4621 0.8239 0.3281
vn -0.6471 0.7157 0.2625
vn 0.3056 0.4678 -0.8293
vn 0.4928 0.6264 -0.6040
vn 0.4256 0.9035 0.0508
vn 0.1109 0.9906 0.0798
vn 0.2648 0.8938 0.3618
vn 0.4576 0.8890 -0.0152
vn -0.6996 0.7119 0.0623
vn -0.6823 0.7227 -0.1107
vn -0.6857 0.7268 -0.0390
vn 0.0838 0.9174 0.3892
vn 0.3348 0.3711 -0.8661
vn 0.3995 0.3558 -0.8449
vn 0.2758 0.5267 -0.8041
vn -0.5620 0.6703 -0.4846
vn -0.2534 0.8189 -0.5150
vn -0.6366 0.1260 -0.7609
vn -0.4630 0.8738 0.1488
vn 0.0273 0.7319 0.6809
vn -0.1374 0.8833 0.4482
vn 0.1436 0.7565 0.6380
vn 0.2662 0.7382 0.6199
vn 0.2577 0.7890 0.5577
vn 0.9033 0.3649 0.2256
vn 0.9190 0.3940 0.0114
vn 0.9753 0.2203 -0.0174
vn 0.7355 0.6768 0.0314
vn 0.7784 0.6276 0.0098
vn 0.2509 0.9294 0.2706
vn 0.2487 0.9189 0.3063
vn 0.1443 0.9734 0.1780
vn 0.2078 0.9782 -0.0028
vn 0.2861 0.9572 0.0435
vn -0.0730 0.9664 0.2465
vn -0.4939 0.8315 0.2544
vn -0.2661 0.9210 0.2846
vn -0.0218 0.9984 0.0520
vn -0.1775 0.9837 -0.0278
vn -0.0966 0.9950 -0.0260
vn -0.2199 0.9410 0.2571
vn -0.0921 0.9949 0.0421
vn 0.3070 0.6473 0.6977
vn 0.2423 0.3228 0.9149
vn 0.6952 0.2320 0.6804
vn 0.0038 0.8371 -0.5470
vn -0.0688 0.8543 -0.5151
vn 0.4050 0.8644 0.2979
vn 0.3421 0.3121 0.8863
vn 0.3129 0.3822 0.8695
vn 0.1108 0.8943 0.4336
vn 0.0082 0.9215 0.3882
vn -0.2460 0.8620 0.4432
vn 0.3745 0.9263 0.0408
vn 0.0556 0.6662 -0.7437
vn -0.1853 0.5571 -0.8095
vn -0.3229 0.7937 0.5156
vn -0.4142 0.8281 0.3777
vn -0.5770 0.7771 0.2515
vn 0.1648 0.8479 -0.5039
vn 0.2536 0.9574 -0.1383
vn -0.1776 0.6250 -0.7601
vn 0.4113 0.8369 -0.3611
vn 0.3884 0.6384 -0.6645
vn -0.0422 0.9075 0.4179
vn 0.7083 0.3474 0.6145
vn 0.6046 0.6731 0.4258
vn -0.2369 0.8046 0.5445
vn -0.3321 0.8452 0.4186
vn -0.0568 0.7614 0.6458
vn -0.3297 0.9439 0.0185
vn -0.3130 0.9283 0.2009
vn -0.4781 0.8623 0.1666
vn -0.5007 0.3228 0.8032
vn -0.5858 0.1827 0.7896
vn -0.1273 0.6638 0.7370
vn 0.8127 0.5436 0.2098
vn 0.8074 0.2598 0.5298
vn 0.9756 0.2175 0.0294
vn 0.9685 0.2488 -0.0044
vn 0.9140 0.4014 -0.0585
vn -0.3491 0.7978 0.4916
vn -0.2556 0.9315 0.2587
vn -0.1496 0.9439 0.2944
vn -0.4885 0.8684 0.0852
vn -0.4022 0.8932 0.2011
vn 0.3111 0.9281 0.2044
vn 0.4726 0.8795 0.0563
vn 0.6433 0.3186 -0.6962
vn -0.2121 0.8277 0.5196
vn 0.7274 0.6697 -0.1495
vn 0.8403 0.4929 -0.2258
vn 0.0556 0.9353 -0.3495
vn 0.3432 0.9053 -0.2502
vn 0.0113 0.9648 -0.2628
vn 0.0518 0.8853 0.4621
vn 0.8020 0.2409 0.5466
vn 0.6914 0.0485 0.7209
vn 0.5882 0.0888 0.8038
vn 0.3761 0.8839 0.2779
vn 0.0760 0.4657 0.8817
vn -0.0163 0.6698 0.7424
vn 0.6574 0.7526 0.0380
vn 0.7799 0.6065 0.1546
vn 0.7023 0.7052 0.0970
vn 0.3989 0.6701 0.6260
vn 0.4099 0.5772 0.7063
vn -0.1206 0.5960 0.7939
vn 0.1452 0.7840 0.6036
vn 0.1697 0.7220 0.6708
vn 0.0727 0.8687 0.4900
vn 0.7048 0.6292 -0.3277
vn 0.9731 0.0918 -0.2113
vn -0.6880 0.5995 0.4089
vn -0.0975 0.9773 0.1881
vn -0.9545 0.1078 -0.2782
vn -0.9065 0.2231 -0.3585
vn -0.9688 0.0950 -0.2288
vn -0.4780 0.1132 0.8710
vn -0.4599 0.2200 0.8603
vn -0.6890 0.6076 -0.3951
vn -0.9302 0.1813 -0.3190
vn -0.4026 0.9037 0.1454
vn -0.4246 0.6182 0.6615
vn 0.7243 0.6530 -0.2212
vn 0.7456 0.6631 -0.0663
vn 0.6471 0.6470 0.4034
vn 0.1157 0.9305 0.3476
vn -0.0274 0.8844 0.4659
vn -0.0457 0.9724 0.2287
vn 0.2262 0.9310 0.2866
vn 0.4168 0.8513 0.3186
vn 0.2463 0.9668 0.0678
vn 0.2514 0.9674 -0.0307
vn 0.9304 0.2635 0.2548
vn 0.2344 0.8795 0.4143
vn -0.1819 0.9734 -0.1389
vn 0.0379 0.7626 -0.6457
vn -0.5264 0.8214 0.2195
vn -0.4091 0.9115 -0.0422
vn -0.4567 0.8877 -0.0574
vn -0.3093 0.9495 0.0520
vn -0.3045 0.9286 0.2119
vn -0.0921 0.9371 0.3368
vn -0.1266 0.9875 0.0936
vn 0.0411 0.9164 0.3982
vn 0.1569 0.8329 0.5308
vn -0.0537 0.9648 0.2574
vn 0.0504 0.9474 0.3160
vn 0.1647 0.8639 0.4760
vn -0.2821 0.8198 -0.4983
vn -0.1557 0.6916 -0.7053
vn -0.1539 0.6595 -0.7358
vn -0.6701 0.7414 0.0349
vn -0.5542 0.7420 0.3772
vn 0.9752 0.1388 -0.1726
vn 0.4315 0.9015 -0.0333
vn 0.2647 0.7129 0.6494
vn -0.2256 0.7556 0.6149
vn 0.0559 0.7144 0.6975
vn -0.0852 0.7437 0.6631
vn -0.1618 0.7882 0.5938
vn 0.5677 0.8143 -0.1208
vn 0.6762 0.7362 -0.0277
vn 0.4406 0.8449 0.3033
vn -0.2833 0.7420 -0.6076
vn -0.1761 0.7702 -0.6130
vn -0.1214 0.9653 -0.2311
vn -0.1084 0.9635 -0.2449
vn -0.1936 0.9712 -0.1387
vn -0.6774 0.6681 0.3079
vn -0.8258 0.5323 -0.1863
vn -0.5765 0.7474 -0.3301
vn -0.8105 0.5743 -0.1154
vn 0.0473 0.9491 0.3113
vn 0.6722 0.7384 0.0535
vn 0.8158 0.5592 -0.1479
vn 0.8085 0.5249 0.2661
vn -0.2241 0.7948 -0.5640
vn -0.2679 0.8454 -0.4622
vn -0.5164 0.8306 -0.2083
vn -0.6521 0.5805 0.4876
vn -0.7911 0.2110 0.5742
vn -0.4438 0.8910 0.0961
vn -0.1524 0.9856 -0.0737
vn -0.2318 0.8976 0.3749
vn 0.0016 0.3692 0.9294
vn -0.0084 0.7936 0.6084
vn 0.5915 0.7863 0.1782
vn 0.5813 0.8135 -0.0200
vn 0.6359 0.7545 -0.1624
vn -0.1914 0.8872 0.4199
vn -0.2119 0.9292 0.3027
vn 0.4212 0.6578 0.6244
vn 0.5418 0.8241 -0.1651
vn 0.1671 0.9660 0.1974
vn -0.0503 0.9986 0.0188
vn 0.2587 0.3247 0.9097
vn 0.3532 0.5194 0.7781
vn 0.1295 0.8442 0.5201
vn 0.3354 0.7982 0.5003
vn -0.6114 0.7868 -0.0844
vn -0.4730 0.8632 -0.1764
vn -0.2610 0.5662 0.7819
vn -0.2243 0.5068 0.8324
vn -0.3969 0.8104 0.4309
vn 0.7134 0.6348 -0.2967
vn 0.1812 0.9820 -0.0541
vn 0.1648 0.6218 -0.7656
vn 0.3593 0.6641 0.6556
vn 0.2769 0.8213 0.4989
vn 0.1687 0.7517 0.6375
vn 0.3789 0.6498 0.6589
vn 0.3682 0.7068 0.6041
vn 0.3070 0.7198 0.6226
vn -0.4885 0.8683 0.0863
vn -0.1129 0.9902 0.0823
vn -0.0203 0.6614 0.7498
vn -0.3990 0.9029 -0.1602
vn -0.2054 0.9269 -0.3141
vn -0.2328 0.8698 -0.4351
vn -0.2055 0.9396 -0.2739
vn -0.5950 0.8007 0.0694
vn -0.6401 0.7521 0.1566
vn -0.4824 0.8744 0.0528
vn -0.7762 0.6246 -0.0861
vn -0.6760 0.7369 0.0038
vn 0.2155 0.9555 0.2013
vn 0.1864 0.9755 0.1171
vn 0.1965 0.9702 0.1417
vn -0.1327 0.9830 -0.1267
vn 0.1907 0.6550 0.7312
vn 0.3480 0.5939 0.7254
vn -0.8828 0.0128 -0.4696
vn -0.1865 0.9739 0.1296
vn -0.1460 0.9834 0.1081
vn -0.0428 0.9102 0.4119
vn 0.3149 0.8347 0.4518
vn -0.3127 0.8074 -0.5003
vn 0.0579 0.6387 -0.7673
vn 0.0567 0.6237 -0.7796
vn -0.3151 0.9270 0.2032
vn 0.0035 0.9784 -0.2066
vn 0.5686 0.8013 0.1859
vn 0.4077 0.9113 0.0570
vn 0.5413 0.8338 -0.1085
vn 0.9195 0.2283 0.3201
vn 0.8257 0.4888 0.2816
vn -0.0240 0.5749 -0.8179
vn 0.3446 0.7486 0.5664
vn 0.2290 0.7992 0.5557
vn 0.2174 0.8113 0.5427
vn -0.1490 0.9600 -0.2371
vn -0.1454 0.9794 -0.1402
vn -0.5965 0.8025 0.0146
vn -0.0095 0.9548 0.2971
vn 0.0166 0.9977 -0.0654
vn 0.1640 0.8773 0.4510
vn -0.2568 0.9572 0.1333
vn -0.5037 0.8425 0.1910
vn -0.5795 0.8098 0.0915
vn -0.2429 0.9081 0.3412
vn 0.0679 0.9715 0.2271
vn 0.1455 0.9879 -0.0540
vn 0.8457 0.5271 -0.0831
vn 0.2714 0.9617 -0.0382
vn -0.4998 0.2530 0.8284
vn -0.4853 0.5770 0.6569
vn -0.6021 0.6833 0.4129
vn -0.2493 0.8991 0.3599
vn -0.1195 0.8494 0.5140
vn -0.1529 0.5057 -0.8490
vn -0.2341 0.4793 -0.8459
vn -0.7509 0.2376 -0.6162
vn -0.0087 0.8311 0.5560
vn -0.2704 0.9620 -0.0390
vn -0.1574 0.9875 -0.0061
vn -0.5338 0.7354 -0.4174
vn -0.5066 0.8621 0.0124
vn 0.0540 0.9536 -0.2962
vn 0.1816 0.9744 0.1322
vn 0.4145 0.8050 -0.4244
vn -0.3249 0.6705 0.6670
vn 0.0178 0.9857 0.1676
vn -0.4319 0.5257 0.7328
vn -0.3648 0.8303 0.4213
vn -0.4421 0.3926 -0.8065
vn -0.4608 0.5409 -0.7036
vn -0.1891 0.5537 -0.8110
vn -0.5278 0.8291 0.1844
vn -0.5844 0.7290 0.3565
vn -0.5929 0.7914 -0.1485
vn -0.3364 0.9403 -0.0513
vn -0.0817 0.5590 -0.8251
vn 0.1192 0.3749 -0.9194
vn -0.2468 0.1811 -0.9520
vn 0.4628 0.6697 -0.5809
vn 0.1097 0.9008 -0.4202
vn 0.1028 -0.0606 0.9929
vn 0.2165 0.0644 0.9741
vn -0.0263 0.9481 0.3168
vn 0.0592 0.9967 -0.0548
vn 0.3281 0.9294 -0.1691
vn -0.1898 0.9815 0.0240
vn 0.0687 0.9939 -0.0868
vn 0.5861 0.7937 -0.1630
vn 0.6605 0.2948 0.6905
vn 0.6541 0.6859 0.3189
vn 0.6119 0.7771 -0.1477
vn -0.8991 0.3947 0.1895
vn -0.0558 0.6857 0.7257
vn -0.0031 0.9146 0.4043
vn 0.8124 0.5542 -0.1812
vn 0.9506 0.0749 -0.3011
vn 0.8437 0.3420 -0.4137
vn -0.0328 0.8566 -0.5149
vn 0.0019 0.8424 -0.5389
vn 0.0101 0.8627 -0.5055
vn -0.1697 0.9025 -0.3959
vn 0.3192 0.8513 -0.4165
vn -0.7378 0.6606 0.1387
vn -0.2996 0.6994 0.6489
vn -0.1672 0.7496 0.6405
vn -0.2463 0.4420 0.8626
vn 0.2169 0.8364 0.5035
vn 0.4809 0.2395 -0.8434
vn 0.4982 0.2290 -0.8362
vn 0.4800 0.2550 -0.8394
vn 0.2893 0.9232 -0.2529
vn 0.3844 0.6886 -0.6148
vn 0.3512 0.8565 -0.3782
vn 0.4885 0.8695 -0.0725
vn 0.5919 0.8057 0.0206
vn 0.4526 0.5533 -0.6993
vn 0.4950 0.5409 -0.6800
vn 0.4466 0.8940 0.0365
vn 0.4379 0.0985 0.8936
vn 0.5328 0.8333 0.1471
vn 0.3947 0.6816 -0.6161
vn 0.2103 0.9765 0.0467
vn 0.1709 0.9125 0.3716
vn -0.4912 0.2962 0.8191
vn -0.3661 0.2650 0.8920
vn 0.2780 0.8150 -0.5084
vn 0.3032 0.7590 -0.5761
vn 0.7379 0.6625 0.1287
vn 0.5459 0.8331 -0.0894
vn 0.0741 0.1541 -0.9853
vn 0.1203 0.1584 -0.9800
vn 0.1679 0.3108 -0.9355
vn 0.0075 0.1051 -0.9944
vn 0.1162 0.1629 -0.9798
vn 0.5392 0.6985 -0.4705
vn -0.0279 0.9333 -0.3580
vn 0.0867 0.8005 0.5931
vn 0.0444 0.0581 -0.9973
vn -0.0730 0.0698 -0.9949
vn -0.0751 0.4739 -0.8774
vn -0.1707 0.9581 0.2300
vn -0.1894 0.8919 0.4107
vn 0.7248 0.0301 -0.6883
vn 0.0983 0.3292 -0.9391
vn 0.6232 0.3938 0.6758
vn 0.8040 0.5273 0.2750
vn -0.7033 0.7092 0.0496
vn -0.6973 0.6815 -0.2220
vn -0.3584 0.8178 0.4502
vn -0.3491 0.8961 -0.2741
vn 0.9603 0.2079 -0.1861
vn 0.5689 0.5608 -0.6016
vn 0.6515 0.4891 -0.5799
vn 0.9532 0.2568 0.1595
vn -0.0356 0.8466 -0.5310
vn -0.2894 0.9068 -0.3066
vn -0.1874 0.8349 -0.5176
vn 0.3747 0.8765 0.3022
vn 0.0118 0.7391 0.6734
vn -0.2472 0.5918 0.7672
vn -0.2441 0.9659 -0.0859
vn -0.1130 0.9670 -0.2284
vn 0.0697 0.8818 -0.4664
vn -0.3573 0.7698 -0.5289
vn -0.4420 0.8944 0.0678
vn -0.3646 0.5540 0.7484
vn -0.0656 0.7249 0.6857
vn -0.3264 0.7649 0.5553
vn 0.0579 0.8399 0.5396
vn -0.0372 0.8147 0.5787
vn 0.2284 0.5780 -0.7834
vn 0.1738 0.7065 -0.6861
vn 0.2145 0.7898 -0.5747
vn 0.3127 0.1929 0.9301
vn 0.4271 0.2622 0.8653
vn 0.2837 0.6678 0.6882
vn 0.8267 0.1489 -0.5426
vn 0.5968 0.3789 -0.7073
vn 0.4850 0.5980 -0.6381
vn -0.0720 0.8007 0.5948
vn -0.0745 0.8332 0.5480
vn -0.3186 0.7929 0.5194
vn 0.2592 0.9273 0.2700
vn 0.3702 0.9224 0.1097
vn 0.0762 0.9953 0.0594
vn 0.2132 0.9150 0.3425
vn -0.2376 0.9100 -0.3399
vn -0.2108 0.6707 -0.7111
vn -0.0904 0.5452 -0.8335
vn -0.1298 0.4129 -0.9015
vn 0.2621 0.8151 0.5167
vn 0.2414 0.9024 0.3569
vn 0.0568 0.9270 0.3708
vn 0.9880 0.0456 -0.1478
vn 0.8065 0.5780 -0.1244
vn 0.8227 0.3491 -0.4486
vn 0.9373 0.3254 0.1252
vn 0.9164 0.3434 0.2056
vn -0.9773 0.1982 -0.0752
vn 0.5479 0.8348 -0.0540
vn 0.2590 0.8162 0.5164
vn 0.5455 0.7539 0.3662
vn 0.4715 0.8200 0.3245
vn 0.5821 0.2206 -0.7826
vn 0.2290 0.9668 -0.1133
vn 0.5156 0.8545 0.0633
vn 0.1956 0.9248 -0.3265
vn 0.6213 0.1511 -0.7689
vn -0.1325 0.8688 -0.4772
vn -0.2149 0.8562 -0.4698
vn 0.2019 0.8936 0.4008
vn 0.1362 0.9237 0.3580
vn 0.0098 0.9437 0.3306
vn 0.5860 0.7629 -0.2733
vn 0.7542 0.6390 -0.1516
vn 0.4631 0.8786 -0.1168
vn 0.0451 0.9985 -0.0320
vn 0.2352 0.9514 0.1989
vn 0.6553 0.5761 -0.4886
vn -0.7343 0.6788 0.0094
vn -0.8675 0.4567 -0.1969
vn -0.8587 0.5022 0.1025
vn -0.8840 0.4573 0.0968
vn 0.1406 0.1250 0.9821
vn 0.1174 0.3719 0.9208
vn 0.1028 0.0581 0.9930
vn 0.3340 0.1617 0.9286
vn 0.6403 0.2380 0.7303
vn 0.2631 0.8324 0.4877
vn 0.5805 0.6726 -0.4589
vn 0.5429 0.7478 0.3821
vn -0.5856 0.6494 -0.4851
vn -0.6769 0.6308 -0.3793
vn -0.4735 0.5854 -0.6581
vn -0.1004 0.9690 0.2256
vn -0.1035 0.8967 0.4303
vn -0.3432 0.8432 0.4139
vn -0.2167 0.8737 0.4354
vn -0.2352 0.9242 0.3010
vn -0.0735 0.9142 0.3986
vn -0.1617 0.9736 0.1614
vn 0.1912 0.4118 -0.8910
vn -0.6851 0.7148 0.1402
vn -0.6488 0.7016 0.2945
vn -0.3322 0.5614 0.7579
vn -0.3188 0.7242 0.6114
vn -0.1385 0.9081 0.3951
vn -0.2526 0.9287 0.2717
vn -0.2251 0.9230 0.3121
vn -0.4160 0.8555 0.3082
vn 0.1889 0.7372 0.6487
vn 0.1080 0.8185 0.5643
vn 0.8374 0.5206 -0.1667
vn 0.9399 0.2952 -0.1718
vn 0.8527 0.3084 -0.4215
vn -0.0675 0.9753 0.2105
vn -0.2317 0.9563 0.1787
vn 0.0682 0.9712 0.2283
vn -0.4263 0.8421 -0.3304
vn -0.3811 0.8334 -0.4004
vn -0.4102 0.7589 -0.5057
vn -0.5531 0.8309 0.0605
vn -0.2838 0.6793 -0.6767
vn -0.1978 0.8336 -0.5157
vn 0.6989 0.6075 0.3775
vn 0.8102 0.5831 0.0594
vn -0.0830 0.8807 0.4664
vn 0.9035 0.3773 0.2033
vn 0.1971 0.8662 0.4592
vn -0.0673 0.9575 0.2806
vn -0.2797 0.8086 0.5176
vn -0.5512 0.6490 -0.5244
vn -0.7555 0.3811 -0.5329
vn -0.0703 0.8902 0.4500
vn -0.4250 0.8315 -0.3578
vn -0.0870 0.9083 0.4091
vn -0.1796 0.9319 0.3151
vn -0.6392 0.4691 0.6094
vn -0.2906 0.9383 0.1875
vn -0.5220 0.7806 -0.3437
vn -0.1524 0.3357 -0.9296
vn -0.1130 0.3473 -0.9309
vn -0.5103 0.6926 -0.5098
vn -0.1886 0.4734 -0.8604
vn -0.2424 0.6888 -0.6833
vn 0.0995 0.5483 -0.8303
vn -0.2841 0.7871 -0.5475
vn -0.4397 0.7778 -0.4491
vn 0.2253 0.9499 -0.2166
vn -0.5520 0.7967 -0.2461
vn -0.2858 0.9114 -0.2960
vn -0.4152 0.8778 -0.2390
vn 0.0606 0.7754 -0.6286
vn 0.1859 0.7107 -0.6785
vn 0.1362 0.8305 -0.5401
vn 0.2802 0.8223 0.4953
vn 0.3137 0.8102 0.4952
vn 0.3964 0.7565 0.5202
vn 0.8054 0.5254 0.2745
vn 0.9117 0.2832 0.2976
vn 0.1495 0.9882 -0.0347
vn 0.6703 0.7329 -0.1164
vn 0.4725 0.8365 0.2776
vn 0.0531 0.6771 -0.7339
vn 0.0566 0.5192 -0.8528
vn -0.7873 0.4356 -0.4364
vn -0.9131 0.2669 -0.3081
vn -0.3667 0.6804 -0.6345
vn -0.6058 0.7936 -0.0567
vn -0.7444 0.6651 0.0594
vn -0.6690 0.7416 0.0493
vn -0.7917 0.4079 -0.4547
vn 0.6165 0.7765 -0.1304
vn 0.7630 0.6372 -0.1087
vn 0.1942 0.9801 0.0410
vn -0.0435 0.9973 -0.0584
vn 0.1845 0.9492 -0.2550
vn 0.0101 0.7465 0.6653
vn 0.0155 0.9910 -0.1331
vn 0.2591 0.9256 -0.2758
vn 0.8127 0.5409 -0.2165
vn 0.1873 0.8811 -0.4342
vn 0.2742 0.7968 -0.5385
vn 0.1232 0.8936 -0.4316
vn 0.0124 0.8261 -0.5633
vn 0.0847 0.7003 0.7088
vn -0.0012 0.6849 0.7286
vn 0.6276 0.5152 -0.5836
vn 0.2127 0.9604 -0.1797
vn -0.3050 0.8024 -0.5130
vn -0.2041 0.8583 -0.4708
vn -0.0926 0.7533 -0.6512
vn 0.2085 0.5991 -0.7731
vn 0.1838 0.5343 -0.8250
vn -0.8872 0.4047 -0.2217
vn -0.7313 0.6633 -0.1592
vn 0.3179 0.9313 -0.1779
vn 0.8794 0.3793 -0.2877
vn 0.3969 0.7525 -0.5255
vn -0.7651 0.5586 -0.3203
vn -0.8195 0.5449 -0.1773
vn -0.8996 0.4344 0.0454
vn -0.7641 0.5721 -0.2982
vn -0.5347 0.8367 -0.1184
vn 0.3529 0.7557 0.5516
vn 0.4135 0.7525 0.5126
vn 0.0791 0.5553 -0.8279
vn -0.1103 0.5345 -0.8380
vn -0.0490 0.4955 -0.8672
vn -0.0460 0.8618 -0.5051
vn 0.1164 0.6302 -0.7677
vn -0.0197 0.7509 -0.6601
vn -0.8239 0.5532 -0.1235
vn -0.3704 0.9184 -0.1390
vn -0.2134 0.9766 -0.0265
vn -0.2459 0.9581 -0.1470
vn -0.4977 0.2648 -0.8259
vn 0.6724 0.5667 0.4762
vn 0.1864 0.9493 -0.2530
vn 0.0545 0.4692 0.8814
vn 0.1174 0.6070 0.7860
vn -0.0696 0.5646 0.8224
vn -0.6799 0.7268 0.0972
vn -0.6023 0.7618 0.2386
vn -0.4529 0.8646 0.2174
vn -0.3766 0.8702 0.3178
vn 0.4387 -0.0869 0.8944
vn 0.4773 0.8764 0.0640
vn 0.3577 0.7265 0.5867
vn -0.6634 0.6508 0.3694
vn -0.6540 0.6770 0.3376
vn -0.6669 0.6810 0.3025
vn -0.2051 0.5509 0.8090
vn -0.1850 0.7478 0.6377
vn -0.1330 0.5164 0.8459
vn -0.7937 0.5856 0.1644
vn -0.9026 0.3632 0.2309
vn -0.9293 -0.0170 0.3689
vn -0.2195 0.4095 -0.8855
vn 0.5667 0.6374 0.5221
vn 0.0869 0.4384 0.8946
vn 0.1486 0.5523 0.8203
vn -0.4845 0.8284 0.2810
vn -0.7444 0.6465 0.1672
vn -0.3590 0.5390 0.7620
vn -0.2963 0.9520 -0.0769
vn -0.9215 0.2888 -0.2596
vn -0.7227 0.0870 -0.6857
vn -0.4290 0.1034 -0.8974
vn -0.1680 0.8864 -0.4312
vn -0.5599 0.8223 -0.1020
vn -0.9087 0.3381 0.2447
vn 0.7369 0.5701 0.3632
vn 0.9073 0.2109 0.3639
vn -0.7881 0.5712 0.2292
vn -0.2390 0.9454 0.2217
vn -0.3269 0.9450 -0.0071
vn 0.0295 0.6919 -0.7214
vn -0.2380 0.9158 -0.3235
vn -0.2222 0.8559 -0.4669
vn -0.5439 0.6506 0.5300
vn -0.5381 0.8429 -0.0016
vn 0.2675 0.5055 -0.8203
vn 0.1551 0.7812 -0.6047
vn -0.1390 0.9573 -0.2536
vn -0.1876 0.9121 -0.3644
vn -0.7565 0.6149 0.2227
vn -0.4823 0.8175 0.3147
vn -0.2202 0.9650 -0.1423
vn 0.3497 0.3853 -0.8540
vn 0.4725 0.4213 -0.7741
vn 0.3594 0.9290 0.0882
vn 0.6291 0.7760 0.0448
vn 0.7013 0.7015 0.1265
vn -0.7135 0.6099 -0.3449
vn -0.8318 0.4478 -0.3279
vn 0.3693 0.4661 -0.8040
vn 0.4538 0.5157 -0.7268
vn 0.3388 0.9130 -0.2271
vn 0.1297 0.9790 -0.1571
vn 0.5798 0.8147 -0.0138
vn 0.7293 0.6700 -0.1387
vn -0.2866 0.8551 0.4320
vn -0.3472 0.8971 0.2731
vn -0.2910 0.9114 0.2908
vn -0.3091 0.6052 -0.7336
vn -0.5838 0.6841 -0.4372
vn -0.7104 0.6929 -0.1232
vn -0.9974 0.0218 -0.0691
vn 0.0421 0.9541 0.2965
vn -0.5733 0.7607 0.3043
vn -0.5874 0.7579 -0.2838
vn -0.3674 0.9188 -0.1444
vn -0.2887 0.2905 0.9123
vn -0.7413 0.6703 -0.0346
vn -0.5643 0.8239 0.0518
vn -0.2135 0.9333 -0.2886
vn -0.1701 0.9636 0.2062
vn -0.3205 0.9466 -0.0354
vn -0.1772 0.9701 0.1661
vn -0.2375 0.8096 -0.5368
vn -0.2841 0.9301 0.2328
vn 0.6891 0.7246 0.0078
vn -0.8896 0.4516 -0.0684
vn 0.0694 0.7857 0.6147
vn 0.1210 0.9350 0.3333
vn -0.1097 0.9350 0.3373
vn -0.0998 0.9646 0.2442
vn 0.7092 0.7037 0.0424
vn -0.4003 0.8873 -0.2290
vn 0.1572 0.8350 -0.5273
vn 0.1099 0.8816 -0.4591
vn 0.2251 0.9056 -0.3596
vn 0.5321 0.7720 -0.3476
vn 0.0922 0.8466 0.5242
vn -0.0036 0.9642 0.2650
vn 0.2245 0.8462 -0.4832
vn -0.5411 0.1105 0.8336
vn -0.4277 0.1267 0.8950
vn -0.3699 0.1602 0.9152
vn -0.5842 0.0211 0.8113
vn -0.4295 0.4649 0.7742
vn 0.0288 0.9200 0.3908
vn 0.0794 0.8673 0.4914
vn 0.1716 0.9816 -0.0839
vn -0.6798 0.2148 -0.7012
vn -0.5438 0.1246 -0.8299
vn -0.5005 0.1678 0.8493
vn -0.4787 0.3547 0.8032
vn -0.4434 0.2841 0.8501
vn -0.3026 0.8179 0.4893
vn 0.1373 0.9251 0.3539
vn 0.1076 0.8927 0.4376
vn 0.1634 0.9463 0.2788
vn -0.4912 0.7448 -0.4516
vn -0.4209 0.8465 -0.3261
vn -0.4829 0.1751 0.8580
vn -0.4026 0.3229 0.8565
vn -0.4517 0.0724 0.8892
vn -0.6303 0.7181 0.2950
vn -0.1799 0.9131 0.3659
vn 0.0252 0.7632 -0.6457
vn -0.0010 0.8063 -0.5915
vn 0.3212 0.5920 -0.7392
vn 0.2746 0.7433 -0.6100
vn -0.1352 0.9508 -0.2789
vn -0.2508 0.8534 -0.4569
vn -0.4098 0.7526 -0.5154
vn -0.8200 0.1990 -0.5366
vn -0.5900 0.6446 -0.4861
vn -0.6318 0.7168 -0.2950
vn -0.1147 0.5628 -0.8186
vn 0.9350 0.3399 -0.1010
vn 0.3857 0.8699 0.3074
vn -0.2712 0.9541 0.1273
vn -0.4076 0.9127 -0.0293
vn -0.3348 0.9323 -0.1365
vn 0.1301 0.7566 -0.6408
vn 0.5332 0.4836 -0.6941
vn 0.5702 0.5308 -0.6271
vn -0.4741 0.8800 0.0283
vn -0.4442 0.8873 0.1239
vn -0.0845 0.7849 0.6139
vn 0.1848 0.8847 0.4280
vn 0.0663 0.0276 -0.9974
vn -0.9000 0.2711 -0.3414
vn -0.5313 -0.0976 -0.8415
vn -0.5600 0.0846 -0.8242
vn -0.5609 0.0851 -0.8235
vn 0.6247 0.7755 -0.0917
vn 0.6841 0.7099 -0.1674
vn 0.9840 0.1736 -0.0406
vn 0.7090 0.3961 -0.5834
vn 0.7029 0.6971 0.1415
vn 0.2575 0.7664 -0.5884
vn -0.0342 0.7394 -0.6725
vn 0.1691 0.3522 -0.9205
vn 0.1440 0.7393 -0.6578
vn 0.8409 0.5345 -0.0843
vn 0.8394 0.5421 0.0386
vn 0.1401 0.9663 0.2161
vn -0.0092 0.9131 0.4076
vn -0.4051 0.9017 -0.1513
vn 0.5215 0.0727 -0.8501
vn 0.8008 0.2361 -0.5505
vn 0.7592 0.6483 -0.0582
vn -0.8437 0.2640 0.4675
vn -0.3006 0.9431 0.1420
vn -0.2970 0.9266 0.2306
vn -0.1686 0.8607 -0.4805
vn 0.5157 0.6423 0.5670
vn 0.1074 0.9560 -0.2731
vn -0.7945 0.3570 0.4912
vn -0.1476 0.9791 -0.1402
vn -0.1529 0.9013 -0.4053
vn 0.8592 0.4944 -0.1320
vn 0.8061 0.5844 -0.0935
vn 0.5838 0.7996 -0.1412
vn -0.2459 0.9646 -0.0948
vn -0.2539 0.9537 -0.1614
vn -0.1780 0.9804 -0.0847
vn 0.0873 0.6740 0.7336
vn -0.2333 0.8995 0.3694
vn -0.2437 0.9012 0.3584
vn -0.0654 0.3510 0.9341
vn -0.0851 0.9270 -0.3652
vn 0.0383 0.9733 -0.2265
vn 0.1916 0.8615 -0.4702
vn 0.5802 0.4528 0.6770
vn 0.3825 0.8192 -0.4274
vn 0.2445 0.9570 0.1560
vn -0.4708 0.2115 0.8565
vn -0.3690 0.1939 0.9090
vn 0.3212 0.5536 0.7684
vn 0.2956 0.7030 0.6468
vn -0.0645 0.8766 0.4769
vn 0.2183 0.8805 0.4209
vn -0.5881 0.7485 0.3064
vn -0.3884 0.8524 0.3501
vn 0.8468 0.5318 -0.0104
vn 0.3208 0.3715 0.8712
vn -0.1304 0.7466 -0.6523
vn -0.0889 0.8512 0.5173
vn -0.1588 0.6845 0.7115
vn 0.3236 0.9145 -0.2427
vn -0.3710 0.9283 0.0244
vn -0.3319 0.9094 0.2506
vn 0.8359 0.4896 0.2482
vn 0.7885 0.6144 -0.0271
vn 0.8353 0.5214 0.1742
vn -0.8687 0.4925 -0.0534
vn -0.4169 0.7006 -0.5792
vn -0.7535 0.5566 -0.3499
vn 0.1770 0.9838 -0.0299
vn 0.4181 0.9082 0.0222
vn 0.6730 0.7004 -0.2380
vn 0.6884 0.7243 -0.0404
vn -0.3724 0.8635 -0.3402
vn -0.5985 0.7928 -0.1151
vn 0.3100 0.8434 -0.4389
vn 0.0030 0.5311 -0.8473
vn -0.7309 0.4277 -0.5317
vn 0.9187 0.3764 -0.1197
vn 0.9484 0.1395 -0.2846
vn 0.7286 0.4175 0.5430
vn -0.5743 0.6049 0.5515
vn -0.4982 0.2329 0.8352
vn 0.9750 0.1062 -0.1952
vn 0.9175 0.3703 -0.1452
vn 0.3809 0.7625 -0.5230
vn -0.0400 0.9813 -0.1883
vn -0.2630 0.4216 -0.8678
vn -0.2667 0.7818 -0.5636
vn -0.6782 0.4362 -0.5914
vn -0.5386 0.8025 -0.2568
vn 0.3774 0.9145 -0.1459
vn 0.4393 0.8973 -0.0447
vn 0.8605 0.4049 -0.3092
vn -0.5700 0.8206 0.0416
vn 0.5512 0.4843 -0.6794
vn 0.4204 0.5230 -0.7414
vn 0.5141 0.3704 -0.7736
vn 0.3264 0.9440 -0.0483
vn 0.2595 0.7105 0.6541
vn -0.0129 0.8729 0.4878
vn 0.2059 0.7898 0.5777
vn -0.0322 0.8998 -0.4350
vn -0.1689 0.8230 -0.5424
vn -0.3083 0.9107 0.2750
vn -0.4718 0.8707 0.1387
vn 0.7935 0.5264 0.3055
vn -0.6231 0.7790 0.0699
vn 0.2845 0.7412 -0.6080
vn 0.5441 0.7111 0.4453
vn 0.6015 0.6953 0.3934
vn 0.2676 0.8305 0.4884
vn 0.6801 0.7052 0.2003
vn 0.6522 0.7042 0.2806
vn 0.4234 0.8734 0.2404
vn 0.9826 0.1763 -0.0592
vn 0.9922 0.1227 -0.0237
vn -0.5345 0.7785 0.3292
vn 0.8535 0.2708 0.4451
vn 0.8813 0.1025 0.4613
vn -0.6349 0.7698 -0.0653
vn -0.5683 0.2892 0.7703
vn -0.5376 0.3192 0.7804
vn -0.0403 0.9987 0.0325
vn -0.1095 0.9486 0.2968
vn -0.0894 0.9804 0.1754
vn 0.0620 0.8657 0.4968
vn 0.5597 0.4874 -0.6703
vn -0.3781 0.8421 -0.3847
vn 0.1563 0.8470 0.5081
vn -0.0014 0.8944 0.4472
vn 0.7776 0.5219 0.3507
vn 0.0080 0.9030 0.4297
vn 0.0297 0.7780 0.6275
vn 0.0742 0.8714 0.4849
vn -0.1310 0.9202 0.3690
vn 0.1807 0.6345 -0.7515
vn 0.4211 0.4850 -0.7665
vn -0.2851 0.7374 0.6123
vn -0.2830 0.7209 0.6326
vn -0.0237 0.7894 0.6134
vn 0.9383 0.2840 -0.1971
vn 0.9247 0.3741 -0.0701
vn 0.3035 0.7208 -0.6231
vn 0.3568 0.7275 -0.5861
vn 0.6438 0.7567 -0.1131
vn 0.4192 0.7736 0.4752
vn -0.3151 0.7125 0.6269
vn -0.1585 0.5467 0.8222
vn -0.1323 0.7183 0.6830
vn -0.7285 0.6843 -0.0321
vn -0.7800 0.6209 0.0780
vn -0.8084 0.5788 -0.1073
vn 0.4544 0.4387 -0.7753
vn 0.4476 0.6688 0.5937
vn -0.1269 0.8198 0.5584
vn 0.5233 0.5547 0.6469
vn -0.4430 0.8946 0.0583
vn -0.6835 0.6545 0.3233
vn -0.8272 0.5000 0.2563
vn -0.4954 0.6160 0.6124
vn 0.5170 0.4340 0.7378
vn 0.4443 0.3866 0.8082
vn 0.2248 0.7699 0.5973
vn 0.3064 0.9456 0.1089
vn 0.9148 0.2247 0.3357
vn -0.1102 0.9169 0.3836
vn 0.3471 0.8281 0.4402
vn -0.6445 0.7464 0.1656
vn -0.6715 0.7342 -0.1003
vn -0.1441 0.8169 -0.5586
vn 0.3234 0.7274 -0.6052
vn -0.1235 0.9374 0.3256
vn 0.0732 0.9015 0.4266
vn 0.1969 0.9621 0.1885
vn 0.0084 0.9779 0.2087
vn 0.3241 0.9392 -0.1136
vn 0.3021 0.7968 0.5233
vn 0.4977 0.8522 0.1613
vn 0.2563 0.6276 -0.7351
vn 0.0358 0.7847 -0.6188
vn 0.6062 0.2166 0.7652
vn -0.1723 0.9255 0.3373
vn -0.2687 0.8612 0.4315
vn 0.2583 0.9596 -0.1115
vn 0.6007 0.7903 -0.1208
vn -0.0013 0.9266 0.3760
vn -0.1160 0.9786 0.1702
vn 0.2338 0.8980 0.3727
vn 0.2638 0.8240 -0.5014
vn -0.3449 0.6480 -0.6791
vn 0.3420 0.5828 -0.7371
vn 0.2904 0.9544 0.0690
vn 0.8136 0.5789 0.0539
vn -0.6721 0.5992 -0.4351
vn -0.1803 0.5202 -0.8348
vn -0.6341 0.0643 -0.7705
vn 0.0155 -0.1418 0.9898
vn -0.0229 0.9119 0.4098
vn 0.3776 0.9135 0.1516
vn 0.2502 0.9673 0.0416
vn -0.1306 0.8481 0.5135
vn -0.2424 0.9400 0.2401
vn -0.3485 0.8558 0.3823
vn 0.0593 0.9868 0.1509
vn 0.0943 0.9942 -0.0509
vn 0.3768 0.7490 0.5450
vn 0.2736 0.7573 0.5930
vn 0.0322 0.7180 0.6953
vn -0.5199 0.8524 -0.0557
vn -0.1293 0.9570 0.2598
vn 0.0639 0.9976 -0.0252
vn -0.7936 0.5728 0.2055
vn -0.1730 0.9590 -0.2245
vn -0.3588 0.9149 -0.1849
vn 0.4093 0.2726 -0.8707
vn 0.4562 0.3649 -0.8117
vn 0.5516 0.3618 0.7516
vn 0.5217 0.3162 0.7924
vn 0.4512 0.5620 0.6932
vn 0.0893 0.0663 0.9938
vn 0.1530 0.0939 0.9838
vn 0.1505 0.1115 0.9823
vn 0.2189 0.0932 0.9713
vn 0.5787 0.5743 -0.5790
vn 0.4086 0.7720 -0.4870
vn 0.2888 0.5980 -0.7477
vn 0.2728 -0.1983 0.9414
vn -0.5916 0.5510 0.5885
vn -0.1281 0.9826 0.1348
vn -0.0660 0.9944 -0.0824
vn -0.1975 0.8114 0.5502
vn 0.1432 0.5206 0.8417
vn -0.4867 0.8611 -0.1469
vn -0.4176 0.8137 -0.4045
vn 0.9877 0.1196 -0.1012
vn 0.5161 0.7855 -0.3414
vn -0.7114 0.5353 0.4555
vn -0.6214 0.4514 0.6404
vn -0.2315 0.9394 0.2529
vn -0.1528 0.7185 0.6786
vn -0.8943 0.0117 0.4472
vn -0.8461 0.2689 0.4603
vn -0.4873 0.8730 0.0208
vn -0.3689 0.9162 0.1564
vn 0.1601 0.5670 -0.8080
vn 0.0817 0.6344 -0.7687
vn 0.2529 0.5330 -0.8075
vn 0.1084 0.7169 -0.6887
vn -0.4416 0.7612 -0.4749
vn -0.3960 0.5289 -0.7506
vn 0.1825 0.5520 -0.8136
vn 0.1043 0.7527 -0.6501
vn -0.6492 0.7604 0.0199
vn -0.4630 0.7685 -0.4417
vn -0.1693 0.9315 0.3220
vn 0.3188 0.5261 0.7884
vn 0.1165 0.9571 0.2654
vn 0.1036 0.7338 0.6715
vn 0.1742 0.3147 0.9331
vn -0.5090 0.8594 0.0491
vn -0.3192 0.8425 0.4339
vn -0.3389 0.9406 0.0178
vn -0.4136 0.7724 -0.4820
vn -0.3328 0.4532 -0.8269
vn -0.6910 0.6100 0.3880
vn -0.7953 0.6024 0.0675
vn -0.4397 0.5667 0.6968
vn -0.2316 0.6099 0.7579
vn -0.2951 0.8638 0.4085
vn 0.1085 0.9369 0.3323
vn -0.6481 0.5570 0.5193
vn -0.5979 0.7791 0.1887
vn -0.6198 0.7692 0.1554
vn -0.1771 0.7325 0.6573
vn -0.3031 0.8164 0.4916
vn -0.3310 0.7447 0.5796
vn 0.5303 0.7557 0.3844
vn 0.7790 0.4070 0.4771
vn 0.0454 0.7770 -0.6279
vn -0.3451 0.9134 -0.2157
vn -0.4973 0.8525 0.1611
vn 0.1682 0.8316 0.5293
vn -0.2356 0.7988 0.5536
vn -0.0685 0.9911 -0.1141
vn -0.0418 0.9835 -0.1760
vn 0.7538 0.5895 0.2903
vn 0.7449 0.1737 0.6442
vn 0.7681 0.4579 0.4477
vn 0.3740 0.3885 0.8421
vn -0.8943 0.4335 -0.1107
vn -0.8794 0.4312 -0.2019
vn -0.3654 0.8916 -0.2674
vn 0.3556 0.9288 0.1040
vn -0.0378 0.9993 -0.0082
vn 0.6536 0.4754 0.5889
vn -0.6679 0.1588 -0.7271
vn -0.5832 0.5912 -0.5571
vn -0.7646 0.0514 -0.6424
vn 0.1767 0.7110 -0.6806
vn 0.3202 0.8791 -0.3532
vn 0.8025 0.5230 -0.2871
vn 0.1684 0.9686 -0.1829
vn 0.2812 0.9577 0.0604
vn 0.2945 0.9112 -0.2881
vn 0.2286 0.6962 -0.6805
vn 0.0768 0.8805 -0.4678
vn 0.1523 0.9524 -0.2641
vn -0.4330 0.8141 -0.3870
vn -0.9835 0.0311 0.1785
vn -0.9784 0.2028 -0.0409
vn 0.1509 0.9884 0.0153
vn -0.0734 0.0537 0.9959
vn -0.0415 -0.0383 0.9984
vn 0.9016 0.4016 -0.1609
vn -0.4384 0.4626 -0.7706
vn -0.0921 0.9731 0.2111
vn -0.1109 0.9363 0.3331
vn -0.1319 0.9303 0.3423
vn -0.0704 0.9906 0.1172
vn 0.3237 0.9441 0.0626
vn 0.6607 0.4962 -0.5632
vn 0.7906 0.5032 -0.3489
vn -0.3355 0.8859 0.3203
vn -0.1066 0.9624 -0.2497
vn 0.1249 0.9529 -0.2764
vn 0.5896 0.8053 -0.0620
vn 0.7776 0.6138 0.1368
vn 0.7742 0.6124 -0.1600
vn -0.9481 0.1273 -0.2915
vn -0.6668 0.7406 -0.0830
vn -0.5705 0.8191 0.0595
vn -0.8677 0.4164 -0.2715
vn -0.8445 0.4691 -0.2586
vn 0.0403 0.9970 -0.0654
vn 0.1620 0.9164 -0.3661
vn 0.0202 0.9758 -0.2176
vn -0.1378 0.8697 -0.4740
vn 0.3439 0.7673 -0.5412
vn 0.1606 0.9826 -0.0932
vn 0.6990 0.6507 0.2964
vn 0.5573 0.8303 -0.0030
vn 0.4716 0.8691 0.1491
vn 0.5622 0.8182 -0.1203
vn -0.2615 0.6504 -0.7132
vn -0.4000 0.3795 -0.8343
vn -0.8048 0.3936 -0.4443
vn -0.9723 0.0834 -0.2182
vn 0.4400 0.8924 0.0996
vn 0.2908 0.6925 0.6602
vn 0.4325 0.6392 0.6359
vn -0.8335 0.4913 -0.2528
vn -0.7589 0.1082 -0.6422
vn 0.4638 0.6842 0.5628
vn -0.1545 0.8656 0.4763
vn 0.2039 0.9728 0.1094
vn 0.3542 0.9234 -0.1477
vn 0.3978 0.8060 0.4383
vn 0.6140 0.6818 0.3977
vn 0.5959 0.7718 0.2220
vn 0.5359 0.6444 0.5456
vn -0.1950 0.9095 0.3671
vn -0.2663 0.3620 0.8933
vn 0.3830 0.5849 0.7150
vn 0.0863 0.9820 0.1682
vn 0.4350 0.4387 0.7863
vn 0.4460 0.3909 0.8052
vn -0.6580 0.7266 0.1975
vn -0.7873 0.5926 0.1702
vn 0.6159 0.7296 0.2971
vn 0.1503 0.7386 -0.6572
vn 0.2314 0.7934 -0.5630
vn -0.3881 0.6159 0.6856
vn -0.3968 0.9064 0.1449
vn -0.0025 0.9991 -0.0412
vn 0.0906 0.8410 -0.5334
vn 0.0603 0.8034 -0.5924
vn -0.4727 0.8456 0.2481
vn -0.3776 0.9108 0.1671
vn 0.5798 0.7208 0.3798
vn 0.4284 0.8184 -0.3829
vn 0.3670 0.9281 0.0628
vn -0.5645 0.8084 0.1668
vn -0.3211 0.8781 0.3546
vn -0.7167 0.6928 -0.0794
vn -0.2089 0.9206 0.3299
vn -0.1983 0.6889 -0.6972
vn -0.1369 0.9213 -0.3640
vn 0.1389 0.0180 -0.9901
vn -0.6586 0.7515 -0.0374
vn 0.4199 0.6145 -0.6679
vn 0.4065 0.5890 -0.6984
vn 0.1538 0.7241 0.6724
vn 0.0436 0.7414 0.6696
vn 0.0285 0.7375 0.6748
vn 0.1336 0.8073 0.5748
vn 0.3755 0.7839 0.4945
vn 0.3468 0.7804 0.5202
vn 0.3936 0.8908 -0.2271
vn 0.2718 0.9051 -0.3271
vn 0.5122 0.5261 -0.6789
vn 0.1028 0.5846 -0.8048
vn -0.4560 0.8619 0.2219
vn -0.7024 0.7095 0.0572
vn -0.1350 0.7631 0.6320
vn -0.3196 0.8364 0.4453
vn -0.9203 -0.0273 0.3904
vn -0.9761 0.0819 0.2015
vn -0.9665 0.2280 0.1183
vn -0.9070 0.4168 -0.0603
vn -0.1961 0.8904 -0.4107
vn -0.9678 0.1561 -0.1973
vn -0.9233 -0.2025 -0.3264
vn -0.8480 -0.1493 0.5085
vn 0.0947 0.9034 0.4182
vn 0.1277 0.8570 0.4992
vn 0.1687 0.7515 0.6378
vn 0.1435 0.8017 0.5802
vn 0.1679 0.8055 0.5683
vn 0.0392 0.8378 0.5446
vn -0.7887 -0.0806 0.6094
vn 0.0825 0.9423 -0.3245
vn 0.3680 0.7017 -0.6101
vn 0.1678 0.9521 -0.2554
vn 0.3453 0.9064 -0.2432
vn 0.1291 0.9765 -0.1726
vn -0.6131 0.7090 0.3484
vn -0.4407 0.6483 0.6208
vn -0.1171 0.9911 -0.0636
vn -0.1158 0.9925 -0.0393
vn -0.1727 0.6410 0.7479
vn -0.0572 0.4405 0.8959
vn 0.0386 0.1652 0.9855
vn 0.0562 0.9909 0.1226
vn 0.0955 0.9898 0.1058
vn 0.5852 0.7689 -0.2576
vn 0.1277 0.8302 0.5426
vn 0.1529 0.9879 -0.0248
vn -0.0348 0.9991 0.0225
vn 0.0914 0.8918 0.4431
vn 0.1597 0.9089 0.3853
vn 0.1082 0.8760 0.4700
vn 0.4546 0.8432 0.2869
vn 0.6644 0.6742 0.3225
vn 0.6455 0.6442 0.4104
vn 0.9820 0.1869 -0.0279
vn 0.0392 0.8012 0.5971
vn 0.4120 0.7711 -0.4855
vn 0.2945 0.8149 -0.4992
vn 0.6521 0.4674 -0.5969
vn -0.2169 0.9626 0.1627
vn -0.8695 0.4920 0.0449
vn -0.8214 0.0593 -0.5673
vn -0.8516 -0.2263 0.4727
vn -0.1437 0.9470 0.2872
vn 0.0106 0.4373 0.8992
vn 0.8733 0.2944 0.3882
vn -0.8100 -0.1916 -0.5542
vn 0.4066 0.4710 -0.7828
vn 0.3924 0.1749 -0.9030
vn 0.4605 0.6838 -0.5660
vn 0.2454 0.9672 -0.0655
vn 0.3717 0.8182 -0.4386
vn 0.1104 0.9629 -0.2462
vn 0.4104 0.2814 0.8674
vn 0.3077 0.4373 0.8450
vn -0.0554 0.4601 0.8861
vn 0.2579 0.4695 0.8444
vn 0.1451 0.9324 0.3311
vn 0.1344 0.9282 0.3469
vn -0.0258 0.9806 0.1945
vn 0.0231 0.8692 0.4939
vn 0.2992 0.9532 0.0433
vn -0.3045 0.9434 0.1311
vn -0.9026 0.3266 -0.2804
vn -0.5256 0.7162 0.4591
vn 0.4399 0.8959 0.0624
vn 0.1860 0.9624 0.1978
vn -0.7438 0.4160 -0.5233
vn -0.5605 0.1064 -0.8213
vn -0.7814 0.2506 -0.5715
vn -0.6756 0.0637 -0.7345
vn 0.2055 0.6939 -0.6902
vn 0.5767 0.7794 0.2449
vn -0.6312 -0.0174 -0.7754
vn -0.2492 0.9683 -0.0184
vn -0.2020 0.9641 0.1726
vn -0.2110 0.9737 0.0861
vn -0.8787 0.4759 -0.0385
vn -0.9336 0.3532 -0.0600
vn -0.7279 0.6481 -0.2238
vn 0.6579 0.7487 0.0810
vn 0.7630 0.6454 0.0357
vn -0.5227 0.8348 0.1727
vn -0.6516 0.7309 0.2032
vn 0.4216 0.9068 0.0078
vn 0.1499 0.1070 0.9829
vn 0.1065 0.0967 0.9896
vn -0.7897 0.4076 -0.4586
vn -0.7835 0.5488 -0.2914
vn 0.6930 0.5809 -0.4270
vn 0.1803 0.7329 0.6560
vn 0.8383 0.4275 -0.3385
vn 0.0801 0.7210 -0.6883
vn 0.0868 0.7713 -0.6305
vn -0.0639 0.7550 -0.6527
vn 0.0521 0.9123 -0.4061
vn -0.1553 0.8848 -0.4394
vn -0.0194 0.8337 -0.5519
vn -0.6310 0.7528 0.1872
vn -0.9462 0.2454 -0.2112
vn -0.8139 0.5755 -0.0799
vn -0.0463 0.7634 0.6443
vn -0.1349 0.7450 0.6533
vn -0.0301 0.8480 0.5292
vn -0.0976 0.8143 0.5722
vn -0.1810 0.8507 0.4935
vn -0.1504 0.8117 0.5644
vn -0.6669 0.7411 0.0774
vn -0.5817 0.6292 0.5155
vn -0.5761 0.8129 0.0850
vn 0.5537 0.7002 -0.4506
vn 0.6889 0.6895 -0.2236
vn -0.0312 0.9211 0.3880
vn -0.2538 0.7661 0.5905
vn 0.0053 0.7367 -0.6762
vn 0.1503 0.7018 -0.6963
vn 0.4185 0.8772 0.2354
vn 0.3380 0.9213 0.1921
vn 0.0986 0.3982 0.9120
vn 0.1330 0.1136 0.9846
vn 0.1655 0.9686 -0.1854
vn -0.1739 0.9756 0.1340
vn -0.0888 0.9928 0.0806
vn 0.7918 0.5442 -0.2774
vn 0.4006 -0.0553 -0.9146
vn -0.5284 0.7916 0.3070
vn -0.3114 0.9128 -0.2644
vn -0.6553 0.7549 0.0277
vn -0.3901 0.8303 -0.3980
vn -0.6721 0.4981 -0.5479
vn 0.2405 0.9634 -0.1188
vn -0.2213 0.9693 -0.1071
vn -0.1032 0.9946 -0.0095
vn -0.1582 0.9808 -0.1142
vn -0.6717 0.7299 -0.1267
vn -0.9384 0.0849 -0.3349
vn -0.5935 0.8030 0.0555
vn -0.5680 0.8217 -0.0466
vn 0.1264 0.9458 -0.2993
vn -0.3117 0.8239 0.4733
vn -0.6376 0.6523 0.4099
vn 0.3605 0.8846 0.2958
vn -0.0581 0.9969 0.0537
vn -0.2658 0.9633 0.0384
vn -0.1307 0.8418 0.5237
vn -0.3913 0.8413 0.3729
vn -0.1285 0.9607 0.2461
vn -0.2012 0.9222 0.3302
vn -0.0963 0.8316 0.5470
vn -0.0948 0.8744 0.4758
vn -0.1952 0.7824 0.5914
vn 0.6796 0.7120 -0.1766
vn 0.2045 0.9391 0.2763
vn 0.9154 0.3136 0.2525
vn 0.0181 0.9505 0.3103
vn 0.5593 0.8205 0.1181
vn 0.7923 0.5868 0.1669
vn 0.5745 0.7477 0.3331
vn 0.2623 0.9524 0.1555
vn 0.2701 0.9625 0.0248
vn 0.5838 0.3667 0.7243
vn 0.4616 0.8082 0.3657
vn 0.6461 0.7608 0.0609
vn 0.7601 0.6498 -0.0006
vn -0.4030 0.9055 -0.1331
vn -0.4744 0.8803 0.0029
vn -0.5844 0.8003 0.1341
vn -0.4269 0.8599 0.2800
vn 0.1700 0.9775 0.1247
vn 0.6205 0.6470 0.4431
vn 0.5371 0.6042 0.5886
vn 0.1142 0.9600 0.2558
vn 0.0950 0.9808 0.1702
vn -0.0018 0.9749 0.2227
vn 0.3317 0.8682 -0.3692
vn 0.0894 0.9470 0.3086
vn -0.1012 0.7700 0.6300
vn -0.0236 0.9249 0.3795
vn 0.0562 0.9981 -0.0237
vn 0.3803 0.9197 -0.0976
vn 0.5543 0.8288 0.0765
vn 0.7835 0.6108 -0.1143
vn 0.3675 0.8832 0.2913
vn -0.7820 0.4713 -0.4079
vn -0.3454 -0.0245 0.9381
vn -0.2113 0.2762 0.9376
vn 0.7844 0.6193 -0.0343
vn 0.0151 0.4742 0.8803
vn -0.4384 0.8258 -0.3548
vn -0.1524 0.9756 0.1579
vn 0.6202 0.6709 0.4065
vn 0.5162 0.6472 0.5610
vn -0.1914 0.1644 -0.9677
vn -0.7010 0.5455 -0.4594
vn 0.5711 0.6686 0.4762
vn -0.5193 0.8367 0.1739
vn -0.5726 0.8159 0.0802
vn -0.1731 0.8526 0.4930
vn -0.6493 0.7578 0.0637
vn 0.5740 0.5928 -0.5648
vn 0.6837 0.7167 -0.1372
vn 0.4481 0.8771 -0.1727
vn -0.6379 -0.0555 0.7681
vn -0.2281 0.9258 0.3013
vn -0.5488 0.7022 0.4536
vn -0.6572 0.7030 0.2717
vn -0.3454 0.8631 -0.3684
vn -0.2253 0.3707 -0.9010
vn -0.3517 0.1397 0.9256
vn -0.2540 0.2959 0.9208
vn -0.2204 0.9313 -0.2902
vn -0.1771 0.9303 -0.3211
vn -0.0179 0.6445 0.7644
vn 0.7181 0.4683 -0.5148
vn 0.0993 0.9693 -0.2251
vn -0.0602 0.9410 -0.3331
vn 0.0185 0.9582 -0.2857
vn 0.8980 0.2916 0.3295
vn 0.4553 0.7591 0.4653
vn 0.5830 0.8123 -0.0185
vn -0.3730 0.7377 -0.5628
vn -0.3396 0.4256 -0.8388
vn 0.6638 0.4706 0.5814
vn 0.3748 -0.1984 -0.9056
vn -0.2039 0.4080 -0.8899
vn 0.6799 0.6926 -0.2409
vn 0.9959 0.0679 -0.0597
vn 0.9781 0.1940 -0.0757
vn 0.9067 0.4044 -0.1202
vn 0.4306 0.9025 0.0059
vn 0.9071 0.3982 -0.1366
vn -0.2161 0.3533 -0.9102
vn 0.6797 0.7175 -0.1522
vn 0.3536 0.9139 0.1993
vn 0.4980 0.8622 0.0924
vn -0.4509 0.7179 -0.5304
vn 0.8274 0.4801 -0.2915
vn 0.6212 0.7771 0.1007
vn 0.3972 0.9000 0.1793
vn -0.9929 0.0433 0.1105
vn -0.5444 0.3889 -0.7432
vn -0.1427 0.9031 0.4050
vn -0.5624 0.8268 -0.0130
vn 0.0247 0.0145 0.9996
vn -0.0736 0.0705 0.9948
vn -0.0304 0.0574 0.9979
vn 0.0676 0.9917 -0.1090
vn -0.0697 0.9741 -0.2149
vn -0.9264 0.2906 0.2396
vn -0.5688 0.7098 0.4156
vn 0.8524 0.4883 0.1872
vn 0.9269 0.3751 -0.0125
vn -0.6380 0.7443 0.1974
vn 0.8067 0.5812 -0.1071
vn 0.5796 0.3449 0.7383
vn 0.0853 0.6979 0.7111
vn -0.7843 0.6037 0.1426
vn 0.1444 0.7006 0.6988
vn 0.1609 0.9828 -0.0906
vn -0.1525 0.9834 0.0988
vn 0.3324 0.8789 -0.3421
vn 0.0584 0.9982 -0.0143
vn 0.1854 0.8822 0.4329
vn -0.7776 0.5097 -0.3682
vn 0.6559 0.3447 0.6715
vn 0.0245 0.8880 0.4592
vn -0.1060 0.8072 0.5806
vn -0.2554 0.8071 0.5323
vn -0.0952 0.8588 0.5033
vn -0.8760 0.4824 0.0027
vn -0.3947 0.9123 -0.1094
vn -0.3239 0.9386 -0.1187
vn 0.4204 0.8467 0.3262
vn -0.0522 0.9824 0.1795
vn -0.2380 0.5336 0.8116
vn -0.4466 0.4152 -0.7926
vn -0.4566 0.5332 -0.7122
vn 0.3282 0.8118 0.4831
vn -0.4253 0.7706 -0.4746
vn -0.3677 0.7585 -0.5380
vn 0.0780 0.7924 0.6050
vn 0.0525 0.7830 0.6197
vn -0.1144 0.6533 0.7484
vn -0.2006 0.9580 0.2047
vn -0.4513 0.8651 0.2190
vn -0.2279 0.6002 -0.7667
vn -0.2058 0.4361 -0.8761
vn 0.2140 0.7622 -0.6110
vn 0.0487 0.9753 -0.2153
vn 0.3572 0.9305 -0.0815
vn 0.2952 0.9191 -0.2610
vn 0.5644 0.7706 0.2960
vn 0.4468 0.8774 0.1745
vn 0.3059 0.6963 0.6493
vn 0.4256 0.7238 0.5431
vn -0.8246 0.4857 -0.2900
vn -0.9163 0.3945 0.0685
vn 0.0309 0.9826 -0.1832
vn 0.7854 0.6176 0.0410
vn 0.3596 0.1872 -0.9141
vn 0.3034 0.5882 -0.7497
vn 0.4823 0.8461 0.2269
vn -0.3796 0.9251 0.0009
vn -0.3687 0.9245 0.0969
vn -0.5664 0.7911 0.2311
vn -0.9032 0.4286 0.0218
vn -0.4769 0.3488 0.8068
vn -0.0448 0.9641 -0.2617
vn 0.0023 0.9589 -0.2839
vn 0.2632 0.9580 0.1135
vn 0.0395 0.9575 -0.2857
vn -0.2764 0.9600 -0.0453
vn 0.5878 0.6943 0.4153
vn 0.3321 0.9228 -0.1952
vn -0.0842 0.3536 0.9316
vn 0.0333 0.4328 -0.9009
vn -0.0998 0.7199 -0.6869
vn -0.3761 0.7609 0.5288
vn -0.4869 0.4936 0.7206
vn -0.3446 0.9385 -0.0203
vn 0.3827 0.8376 -0.3898
vn 0.4431 0.3914 -0.8065
vn 0.7473 0.6377 0.1866
vn 0.4998 0.4504 -0.7398
vn 0.4217 0.6010 -0.6789
vn 0.4061 0.5576 -0.7240
vn 0.3932 0.4608 -0.7956
vn 0.4354 0.4356 -0.7879
vn -0.2837 0.9273 0.2441
vn -0.5029 0.8228 -0.2649
vn -0.1022 0.6292 0.7705
vn -0.0602 0.8146 0.5769
vn -0.1908 0.7475 0.6362
vn 0.4833 0.7936 -0.3695
vn 0.5805 0.1896 -0.7919
vn 0.4710 0.1390 -0.8711
vn 0.1852 0.2204 0.9577
vn 0.1815 0.2053 0.9617
vn 0.3127 0.3277 0.8915
vn 0.3502 0.2294 0.9081
vn 0.1123 0.8987 0.4238
vn 0.0786 0.8290 0.5537
vn -0.2469 0.9529 -0.1761
vn -0.0057 0.9899 0.1419
vn -0.6990 0.5726 0.4284
vn 0.0594 0.7879 0.6130
vn 0.1546 0.8899 0.4292
vn 0.2563 0.9179 -0.3031
vn -0.0860 0.2791 0.9564
vn -0.5720 0.6779 0.4619
vn -0.3657 -0.0443 0.9297
vn 0.5518 0.8125 -0.1880
vn 0.5134 0.7768 -0.3647
vn 0.4220 0.8304 -0.3638
vn 0.2954 0.9471 -0.1252
vn 0.3463 0.9297 -0.1252
vn 0.4837 0.8341 -0.2651
vn 0.6582 0.6850 -0.3122
vn 0.6526 0.7230 -0.2265
vn -0.4511 0.6413 -0.6207
vn 0.4645 0.8274 -0.3157
vn 0.1849 0.9408 -0.2841
vn -0.3755 0.6871 0.6220
vn -0.4855 0.8497 0.2057
vn -0.4339 0.3445 0.8325
vn -0.6127 0.7899 0.0260
vn -0.3857 0.8641 -0.3234
vn -0.6524 0.2143 -0.7269
vn 0.3278 0.4111 0.8506
vn 0.2357 0.8514 0.4686
vn 0.5913 0.4987 0.6338
vn -0.0265 0.8455 0.5333
vn 0.1992 0.8722 0.4468
vn 0.0637 0.6720 0.7378
vn 0.3763 0.8847 -0.2753
vn 0.2227 0.8364 -0.5009
vn -0.2991 0.9541 -0.0155
vn -0.2485 0.2601 -0.9331
vn -0.5554 0.7856 0.2729
vn 0.4325 0.7086 -0.5575
vn 0.3130 0.5976 -0.7381
vn 0.5777 0.7823 -0.2331
vn 0.3314 0.8197 0.4671
vn 0.9002 0.4041 0.1621
vn 0.6268 0.3189 0.7109
vn 0.1124 0.6851 -0.7197
vn 0.0269 0.7229 -0.6904
vn 0.7603 0.6456 -0.0715
vn -0.0261 0.8635 0.5037
vn 0.6287 0.5527 0.5471
vn -0.1051 0.9546 -0.2787
vn 0.3992 0.8629 0.3100
vn 0.2193 0.9627 0.1583
vn -0.0715 0.5053 0.8600
vn -0.2479 0.8675 0.4313
vn -0.6020 0.3483 -0.7185
vn 0.0095 0.7597 -0.6502
vn -0.0717 0.9849 -0.1576
vn -0.3632 0.8815 -0.3018
vn -0.3354 0.8236 -0.4574
vn -0.3542 0.8763 0.3267
vn 0.3614 0.4743 -0.8028
vn 0.4110 0.8508 -0.3274
vn -0.2571 0.9191 -0.2987
vn -0.2771 0.9079 -0.3144
vn 0.3294 0.5876 0.7391
vn -0.5038 0.8063 0.3100
vn -0.1553 0.9848 -0.0776
vn 0.9355 0.1602 -0.3150
vn -0.1439 0.5807 0.8013
vn -0.1282 0.7635 0.6330
vn -0.7967 0.6031 0.0400
vn 0.7455 0.6402 -0.1855
vn 0.3855 0.9160 -0.1112
vn 0.7744 0.6163 -0.1433
vn -0.4350 0.6638 0.6084
vn -0.3162 0.9129 -0.2582
vn -0.2961 0.9247 0.2391
vn -0.0961 0.5392 -0.8367
vn 0.6133 0.7766 -0.1442
vn -0.7721 0.1272 -0.6226
vn 0.6342 0.4096 -0.6558
vn 0.4314 0.8870 -0.1650
vn -0.3733 0.3256 0.8687
vn -0.2748 0.7822 0.5591
vn 0.1156 0.7270 0.6768
vn 0.5534 0.7328 -0.3959
vn -0.4593 0.7641 -0.4529
vn -0.3487 0.1726 0.9212
vn -0.3505 0.1800 0.9191
vn -0.2614 0.8085 0.5273
vn -0.8436 0.4009 0.3573
vn 0.3924 0.8511 -0.3487
vn -0.8525 0.2737 -0.4453
vn -0.2507 0.7129 0.6549
vn -0.3216 0.7764 0.5420
vn -0.3790 0.8557 0.3523
vn -0.4059 0.8849 0.2285
vn 0.6374 0.6348 -0.4367
vn 0.3533 0.9093 -0.2199
vn 0.4391 0.8891 -0.1292
vn -0.0510 0.0307 0.9982
vn -0.4826 0.3017 0.8223
vn 0.3653 0.8974 0.2476
vn 0.2580 0.8760 0.4075
vn -0.0204 0.4980 -0.8670
vn 0.1532 0.4426 -0.8835
vn -0.5410 0.8410 0.0065
vn -0.4468 0.8869 -0.1171
vn -0.0647 0.8558 0.5133
vn 0.5816 0.7738 0.2512
vn -0.5683 0.8188 -0.0805
vn 0.2956 0.2780 0.9140
vn 0.2379 0.4868 0.8405
vn -0.2981 0.9324 0.2043
vn -0.2282 0.7470 0.6244
vn -0.0370 0.7628 0.6456
vn 0.6916 0.7169 -0.0882
vn 0.1933 0.9411 -0.2775
vn 0.4067 0.8877 0.2160
vn -0.8220 0.4046 -0.4009
vn -0.4354 0.7100 -0.5534
vn -0.4616 0.4206 -0.7810
vn 0.2930 0.7873 0.5425
vn 0.2718 0.7779 0.5666
vn -0.1800 0.7210 -0.6691
vn -0.9888 0.0675 -0.1332
vn -0.9882 0.1454 -0.0483
vn -0.9709 0.1235 -0.2054
vn -0.0806 0.8198 -0.5669
vn -0.0732 0.8714 0.4850
vn -0.1788 0.8596 0.4786
vn -0.2018 0.8872 -0.4150
vn -0.5043 0.7156 0.4834
vn -0.9497 0.2168 0.2258
vn -0.6650 0.6136 0.4259
vn 0.5990 0.5999 0.5305
vn 0.7143 0.5176 0.4711
vn 0.4513 0.7927 0.4097
vn 0.7512 0.2126 0.6249
vn 0.2450 0.9052 -0.3472
vn 0.3053 0.9520 -0.0212
vn 0.0713 0.9961 -0.0524
vn -0.2262 0.8424 0.4891
vn -0.2716 0.8623 0.4274
vn 0.1493 0.9392 0.3092
vn 0.2503 0.8625 0.4398
vn 0.4210 0.9005 0.1091
vn 0.2773 0.9301 -0.2410
vn 0.3163 0.8712 0.3755
vn 0.3606 0.9262 0.1104
vn -0.3386 0.9165 0.2130
vn 0.0527 0.9963 -0.0673
vn -0.1226 0.8196 0.5596
vn -0.1714 0.9773 0.1241
vn 0.3438 0.8452 0.4093
vn -0.5247 0.3565 0.7731
vn -0.5481 -0.0724 -0.8333
vn -0.8287 0.4616 0.3165
vn -0.4375 0.8066 -0.3975
vn -0.3136 0.8539 0.4154
vn -0.1157 0.9848 -0.1298
vn -0.1085 0.9636 -0.2444
vn 0.0645 0.9585 0.2778
vn -0.5143 0.7897 -0.3343
vn 0.7065 0.4678 0.5311
vn 0.5272 0.2231 -0.8199
vn 0.6488 0.3471 -0.6772
vn 0.4559 0.1826 -0.8711
vn 0.4620 0.8662 -0.1904
vn 0.6253 0.5839 -0.5178
vn 0.3177 0.7326 0.6020
vn -0.8219 0.5314 -0.2049
vn 0.6623 0.7238 0.1933
vn 0.2316 0.8807 0.4131
vn 0.3575 0.5668 -0.7423
vn 0.8503 0.5068 0.1419
vn 0.1423 0.9488 -0.2819
vn 0.6727 0.7307 -0.1168
vn 0.2964 0.9470 -0.1238
vn -0.1084 0.9865 -0.1227
vn -0.8857 0.4584 0.0738
vn 0.5744 0.1988 -0.7940
vn 0.5153 0.7080 -0.4828
vn 0.0988 0.8429 0.5289
vn 0.0263 0.7227 0.6906
vn -0.3836 0.8622 -0.3307
vn -0.3508 0.8450 -0.4037
vn -0.3207 0.6318 -0.7057
vn -0.2365 0.8942 -0.3801
vn 0.3360 0.2571 -0.9061
vn 0.5817 0.2024 -0.7878
vn 0.3893 0.6024 -0.6968
vn 0.5310 -0.0891 -0.8427
vn -0.0529 0.7551 -0.6534
vn -0.0888 0.6993 -0.7093
vn 0.2180 0.4370 -0.8727
vn -0.6221 0.7449 0.2412
vn -0.1969 0.6015 -0.7742
vn -0.3713 0.5808 -0.7245
vn -0.2907 0.3503 -0.8904
vn 0.1718 0.5697 -0.8037
vn 0.2558 0.3570 -0.8984
vn 0.5017 0.1415 -0.8534
vn 0.5199 0.2614 -0.8133
vn 0.8597 0.4877 -0.1519
vn 0.1991 0.0373 0.9793
vn 0.0640 -0.0966 0.9933
vn -0.0515 0.8915 -0.4502
vn -0.1054 0.1895 0.9762
vn 0.0396 0.5669 -0.8229
vn 0.2382 0.4813 -0.8436
vn -0.4480 0.8883 -0.1007
vn -0.0323 0.9916 -0.1255
vn 0.0706 0.9872 -0.1431
vn -0.0749 0.9552 -0.2864
vn 0.0842 0.9964 -0.0078
vn 0.0176 0.9891 -0.1459
vn -0.0578 0.9247 -0.3763
vn -0.1817 0.8882 0.4220
vn -0.5051 0.8081 -0.3031
vn -0.5197 0.8506 -0.0801
vn 0.8644 0.3628 0.3480
vn 0.5266 0.7395 0.4194
vn 0.2164 0.2238 0.9503
vn 0.0081 0.9858 -0.1678
vn 0.1033 0.9738 -0.2026
vn -0.9291 0.3586 -0.0903
vn -0.6436 0.7459 -0.1715
vn 0.2309 0.1319 0.9640
vn 0.3793 0.9208 0.0907
vn 0.5457 0.7573 0.3588
vn 0.4829 0.8639 0.1431
vn 0.4675 0.8688 0.1632
vn 0.5644 0.7303 -0.3849
vn -0.1849 0.9306 0.3158
vn 0.1726 0.1104 0.9788
vn 0.1649 0.2344 0.9581
vn 0.0990 0.4032 0.9097
vn 0.1121 0.3187 0.9412
vn 0.3716 0.7988 -0.4731
vn -0.1074 0.1496 0.9829
vn -0.0812 -0.0243 0.9964
vn 0.4301 0.9024 0.0256
vn 0.3869 0.7815 -0.4895
vn 0.0156 0.7773 -0.6290
vn 0.0953 0.7072 -0.7005
vn -0.1603 0.9867 0.0269
vn 0.7877 0.5920 0.1702
vn 0.4843 0.2043 -0.8507
vn 0.2872 0.7614 -0.5812
vn -0.4106 0.7905 0.4544
vn -0.9314 0.0822 0.3545
vn -0.4835 0.8469 -0.2212
vn -0.8617 0.3979 -0.3149
vn -0.3914 0.6359 -0.6652
vn 0.4046 0.2027 -0.8918
vn 0.4084 0.1702 -0.8968
vn -0.9963 0.0703 -0.0490
vn -0.1590 0.8995 0.4070
vn -0.6667 0.7190 -0.1962
vn -0.6693 0.7049 0.2348
vn 0.2193 0.7036 0.6759
vn -0.2697 0.9629 0.0082
vn -0.4594 0.8877 -0.0318
vn -0.0362 0.8932 0.4481
vn -0.0093 0.8809 0.4732
vn -0.1866 0.8696 0.4572
vn 0.0243 0.9034 0.4281
vn -0.0288 0.0560 -0.9980
vn 0.1152 0.7765 -0.6195
vn 0.4039 0.9126 -0.0638
vn 0.4595 0.8870 -0.0459
vn -0.2373 0.8286 0.5071
vn -0.1204 0.8944 -0.4308
vn -0.4226 0.8188 0.3884
vn 0.4539 0.8885 -0.0667
vn 0.2348 0.9587 -0.1603
vn 0.3153 0.8265 0.4663
vn 0.3574 0.9060 0.2267
vn 0.4074 0.6634 -0.6276
vn 0.1304 0.8290 -0.5438
vn 0.1134 0.9781 -0.1744
vn 0.6445 0.7268 -0.2375
vn 0.2760 0.8544 0.4403
vn 0.3721 0.9238 -0.0906
vn 0.2707 0.9624 0.0232
vn 0.2557 0.9651 0.0560
vn 0.4291 0.9029 0.0238
vn -0.0980 0.7160 0.6912
vn -0.1966 0.8796 0.4331
vn 0.1257 0.9916 -0.0296
vn 0.9052 0.3041 0.2969
vn 0.7269 0.4828 0.4884
vn 0.5393 0.8309 -0.1369
vn 0.6409 0.6014 0.4770
vn 0.5041 0.7976 0.3311
vn 0.3334 0.9402 0.0692
vn 0.2108 0.9696 0.1241
vn -0.2906 0.9514 0.1021
vn 0.2346 0.9186 -0.3179
vn 0.0979 0.9727 -0.2106
vn -0.3156 0.4455 -0.8378
vn 0.0424 0.9624 0.2682
vn -0.1013 0.3108 -0.9451
vn -0.0534 0.2835 -0.9575
vn -0.1339 0.3946 -0.9090
vn -0.7432 0.6663 0.0611
vn -0.3818 0.9190 -0.0981
vn 0.2801 0.7870 0.5497
vn -0.0469 0.9779 0.2037
vn 0.6041 0.7808 0.1595
vn 0.2648 0.7315 0.6283
vn 0.0311 0.9963 -0.0798
vn 0.4670 0.8816 -0.0688
vn -0.2565 0.9663 -0.0210
vn -0.7604 0.5750 -0.3018
vn -0.7625 0.2621 -0.5916
vn -0.0923 0.1748 0.9803
vn 0.2189 0.0752 0.9728
vn -0.0902 0.5883 0.8036
vn 0.3664 0.7154 0.5950
vn 0.2821 0.9221 0.2650
vn 0.3284 0.7897 0.5181
vn -0.0157 0.8208 -0.5710
vn -0.4437 0.8645 0.2361
vn -0.3846 0.8905 0.2431
vn -0.3980 0.8706 -0.2892
vn 0.3215 0.9409 -0.1061
vn -0.4193 0.8083 -0.4134
vn 0.1067 0.9150 0.3891
vn -0.0424 0.9338 0.3553
vn 0.1088 0.9511 0.2890
vn 0.3305 0.9409 0.0745
vn -0.0955 0.9415 0.3231
vn -0.0755 0.9799 0.1846
vn -0.1735 0.9549 0.2408
vn -0.8137 0.5812 0.0119
vn -0.8459 0.5282 -0.0742
vn -0.6833 0.7300 -0.0177
vn 0.2141 0.9748 0.0625
vn -0.3770 0.7324 0.5670
vn 0.8474 0.5240 -0.0855
vn -0.1084 0.7646 0.6353
vn 0.7720 0.2792 -0.5711
vn -0.9526 0.2951 0.0745
vn -0.8709 0.4853 0.0779
vn -0.5451 0.8384 -0.0032
vn -0.6969 0.1921 -0.6909
vn -0.6424 0.4232 -0.6390
vn -0.2113 0.4045 -0.8898
vn -0.1259 0.8369 0.5326
vn 0.0087 0.8463 0.5326
vn -0.5962 0.4649 -0.6545
vn -0.6406 0.7345 0.2239
vn -0.6076 0.7478 0.2677
vn -0.7372 0.6091 0.2925
vn 0.1484 0.9649 -0.2167
vn 0.7023 0.6930 -0.1630
vn 0.4151 0.4381 -0.7973
vn 0.4082 0.4737 -0.7803
vn -0.0051 0.5549 -0.8319
vn -0.7115 0.7003 0.0584
vn 0.1196 0.9922 -0.0365
vn 0.3415 0.9315 -0.1250
vn -0.6872 0.4105 -0.5993
vn -0.6850 0.3985 -0.6099
vn -0.1295 0.9481 -0.2905
vn 0.2111 0.9482 -0.2373
vn 0.2456 0.9628 -0.1124
vn -0.4827 0.8616 0.1567
vn -0.3286 0.1733 0.9284
vn 0.1116 0.7913 0.6012
vn 0.0627 0.8081 0.5857
vn -0.7535 0.5827 0.3043
vn 0.5358 0.4862 -0.6903
vn 0.5032 0.5050 -0.7012
vn -0.3710 0.8597 -0.3510
vn 0.6631 0.5514 -0.5062
vn -0.1043 0.3340 -0.9368
vn 0.0148 0.8680 0.4963
vn -0.0711 0.9082 0.4125
vn -0.2113 0.9645 0.1586
vn -0.1442 0.9595 0.2422
vn -0.8312 0.4711 -0.2953
vn -0.5585 0.6510 0.5142
vn -0.2806 0.8612 -0.4237
vn -0.3973 0.8457 -0.3564
vn 0.3848 0.7336 -0.5601
vn 0.1718 0.7345 -0.6565
vn -0.0899 0.7923 -0.6034
vn -0.4427 0.7882 -0.4275
vn -0.1513 0.8758 -0.4583
vn 0.2286 0.9570 -0.1783
vn -0.0252 0.9808 -0.1933
vn 0.2667 0.0244 0.9635
vn 0.2091 0.2571 0.9435
vn 0.5949 0.7501 0.2890
vn 0.8022 0.2162 0.5565
vn 0.9845 0.1172 -0.1303
vn 0.9492 0.3013 -0.0910
vn 0.0484 0.6149 -0.7871
vn 0.4215 0.8817 0.2122
vn 0.9619 0.2040 -0.1818
vn 0.9866 0.0805 -0.1418
vn 0.3255 0.9243 0.1995
vn 0.5090 0.8127 0.2837
vn 0.4185 0.9043 -0.0842
vn 0.3544 0.8850 -0.3018
vn 0.0741 0.9959 -0.0517
vn -0.1555 0.6802 0.7163
vn -0.6666 0.7446 0.0356
vn -0.6781 0.6595 -0.3246
vn -0.6709 0.5606 0.4854
vn 0.5335 0.3053 -0.7888
vn 0.9500 0.1666 0.2639
vn -0.2202 0.6864 -0.6931
vn -0.0085 0.7106 -0.7035
vn 0.4014 0.7776 -0.4840
vn -0.4623 0.6033 0.6498
vn -0.4171 0.4151 0.8086
vn -0.5420 0.7395 0.3991
vn -0.5574 0.7035 -0.4409
vn -0.6670 0.2989 -0.6825
vn -0.6902 0.1575 -0.7062
vn 0.0082 0.7258 -0.6879
vn 0.2444 0.8203 -0.5171
vn -0.8388 0.3925 0.3774
vn -0.6730 0.2498 0.6961
vn -0.6766 0.3839 0.6283
vn 0.6193 0.6495 -0.4412
vn 0.7336 0.6784 0.0414
vn 0.1269 0.9475 -0.2936
vn -0.6128 0.7762 0.1483
vn 0.3785 0.5379 0.7533
vn -0.2799 0.1481 0.9485
vn 0.5125 0.8394 0.1811
vn -0.9749 0.1908 0.1151
vn -0.4079 0.8789 -0.2472
vn -0.2505 0.9467 -0.2026
vn 0.8796 0.4371 -0.1878
vn 0.6910 0.7180 -0.0841
vn 0.2520 0.7323 -0.6326
vn 0.0749 0.5790 0.8119
vn -0.0038 0.6144 0.7890
vn 0.0630 0.6953 0.7160
vn -0.0721 0.9889 -0.1298
vn 0.8194 0.5537 0.1479
vn 0.2425 0.1249 0.9621
vn 0.2297 0.1208 0.9657
vn 0.1520 0.1439 0.9779
vn 0.1980 0.1045 0.9746
vn -0.1136 0.9845 -0.1339
vn -0.3125 0.9440 -0.1056
vn -0.2837 0.9159 0.2838
vn 0.3148 0.9062 0.2824
vn -0.1186 0.9804 0.1574
vn 0.2307 -0.0126 0.9729
vn 0.1099 0.0242 0.9936
vn 0.2549 -0.0181 0.9668
vn 0.1165 0.0649 0.9911
vn -0.3087 0.9506 0.0335
vn 0.1978 0.0752 0.9773
vn 0.1867 0.1765 0.9664
vn 0.2724 0.2147 0.9379
vn 0.1946 0.0771 0.9778
vn 0.2890 0.8981 0.3314
vn 0.1638 0.1117 0.9802
vn 0.2124 -0.0035 0.9772
vn 0.1670 0.0853 0.9823
vn 0.0634 0.0813 0.9947
vn 0.0119 0.2357 0.9717
vn 0.5801 0.8116 -0.0690
vn 0.0565 0.0566 0.9968
vn 0.1411 0.1058 0.9843
vn 0.8335 0.3972 0.3840
vn 0.3859 0.6730 0.6310
vn -0.3339 0.2763 0.9012
vn -0.4067 0.7416 0.5336
vn -0.0415 0.9507 0.3073
vn -0.0189 0.9537 0.3003
vn -0.6054 0.6675 0.4336
vn -0.4797 0.7768 0.4080
vn 0.0750 0.6438 -0.7615
vn -0.2861 0.9352 0.2085
vn -0.2380 0.8909 0.3868
vn 0.2955 0.7840 0.5459
vn 0.1324 0.1116 0.9849
vn 0.1258 0.1138 0.9855
vn -0.6039 0.0065 -0.7971
vn -0.4484 0.0616 -0.8917
vn -0.4646 0.8470 0.2585
vn -0.5615 0.8214 -0.1003
vn 0.0257 0.9992 0.0298
vn 0.0605 0.9885 0.1387
vn 0.0208 0.9995 0.0254
vn -0.3831 0.8219 -0.4216
vn -0.4082 0.8544 0.3216
vn -0.3371 0.9399 -0.0551
vn 0.2722 0.9122 0.3062
vn -0.5615 0.7128 0.4203
vn -0.5987 0.5451 0.5869
vn 0.3078 0.9482 0.0788
vn 0.2270 0.1384 0.9640
vn 0.1763 0.1169 0.9774
vn 0.0609 0.9182 0.3914
vn -0.5111 0.8495 0.1305
vn -0.0665 0.9076 0.4144
vn 0.0071 0.7097 -0.7045
vn 0.1433 0.7514 -0.6441
vn 0.2893 0.4731 -0.8322
vn 0.4210 0.8865 -0.1921
vn 0.1405 0.5910 -0.7943
vn 0.2964 0.4299 -0.8528
vn 0.1079 0.6012 -0.7918
vn -0.3043 0.9148 -0.2657
vn -0.2420 0.9515 -0.1898
vn 0.0923 0.9699 0.2254
vn 0.0329 0.7365 0.6757
vn -0.3541 0.8461 0.3983
vn 0.8049 0.5928 0.0268
vn -0.6275 0.7624 0.1581
vn 0.1905 0.9230 0.3343
vn 0.1954 0.9515 -0.2377
vn -0.2187 0.9523 0.2127
vn -0.2300 0.9201 0.3171
vn 0.0811 0.9967 0.0028
vn 0.4590 0.6561 -0.5991
vn 0.0783 0.9884 0.1300
vn 0.5927 0.7122 0.3762
vn -0.3744 0.8346 0.4040
vn 0.2653 0.6801 0.6834
vn 0.0199 0.3446 0.9385
vn 0.1651 0.2776 0.9464
vn 0.7206 0.6287 0.2923
vn 0.1574 -0.0137 0.9874
vn -0.0674 0.9677 0.2428
vn 0.5611 0.8179 -0.1272
vn 0.5911 0.7488 -0.2999
vn 0.0280 0.9799 0.1974
vn 0.1795 0.9332 -0.3112
vn 0.1923 0.9717 -0.1371
vn 0.4695 0.7987 -0.3764
vn -0.2415 0.9702 -0.0200
vn -0.5775 0.8121 -0.0839
vn -0.5721 0.7355 0.3630
vn 0.9760 0.2140 -0.0401
vn 0.9161 0.3957 -0.0647
vn 0.9864 0.1126 -0.1194
vn 0.9919 0.0683 -0.1072
vn -0.5127 0.8584 0.0173
vn -0.6829 0.7305 0.0073
vn -0.3698 0.9198 -0.1315
vn 0.8978 0.4366 -0.0569
vn -0.1412 0.9881 0.0606
vn 0.2872 0.7417 -0.6061
vn -0.9454 0.2001 -0.2573
vn 0.8944 0.4252 -0.1387
vn 0.2740 0.9614 -0.0266
vn -0.1768 0.9529 -0.2466
vn -0.5524 0.7663 -0.3280
vn -0.6823 0.6140 -0.3968
vn -0.0567 0.9277 -0.3690
vn 0.1393 0.9330 -0.3317
vn -0.5426 0.8022 0.2491
vn -0.9678 -0.1149 0.2238
vn -0.8752 0.4385 0.2043
vn -0.0205 0.9986 -0.0491
vn -0.1485 0.8773 -0.4564
vn -0.9754 0.1608 -0.1508
vn -0.9405 0.1946 -0.2786
vn -0.5483 0.8339 -0.0636
vn -0.2838 0.9329 0.2218
vn -0.4907 0.8123 -0.3151
vn -0.2277 0.4762 0.8494
vn -0.8919 0.4516 -0.0233
vn -0.6269 0.7528 -0.2007
vn -0.4308 0.8934 -0.1278
vn 0.2224 0.1792 0.9583
vn 0.1485 0.1741 0.9735
vn 0.6794 0.7305 -0.0691
vn 0.2937 0.5771 0.7621
vn -0.6209 0.7446 -0.2452
vn -0.4947 0.8656 0.0776
vn -0.8053 0.3970 0.4404
vn 0.7272 0.3286 0.6026
vn -0.0774 0.2871 -0.9548
vn -0.0406 0.9934 -0.1070
vn -0.2620 0.6347 -0.7270
vn -0.8347 0.5337 0.1358
vn -0.6042 0.6592 -0.4475
vn -0.6759 0.7355 -0.0456
vn -0.1049 0.9024 0.4180
vn -0.8146 0.5791 0.0339
vn -0.0288 0.9927 0.1169
vn 0.7798 0.5795 0.2368
vn 0.2444 0.9525 0.1816
vn 0.2454 0.8468 0.4718
vn 0.4798 0.8749 0.0658
vn 0.0691 0.9388 0.3376
vn -0.1643 0.9665 0.1974
vn 0.7284 0.6301 -0.2692
vn -0.0818 0.9382 0.3364
vn -0.0352 0.9007 -0.4331
vn -0.4185 0.8959 -0.1490
vn -0.6046 0.7223 0.3356
vn 0.2021 0.1632 0.9657
vn 0.0816 0.2377 0.9679
vn 0.1733 0.0729 0.9822
vn 0.2165 0.0709 0.9737
vn 0.5562 0.5842 0.5910
vn 0.1453 0.1258 0.9814
vn 0.1826 0.0740 0.9804
vn -0.2624 0.9410 0.2135
vn 0.7665 0.5817 0.2723
vn 0.9355 0.1860 0.3005
vn 0.9199 0.2221 0.3233
vn 0.6382 0.6453 -0.4197
vn 0.5313 0.7051 0.4696
vn 0.6469 0.2460 0.7218
vn -0.0677 0.8981 -0.4347
vn -0.0504 0.9939 0.0982
vn -0.3365 0.3270 0.8831
vn -0.3185 0.2631 0.9107
vn -0.7310 0.6033 0.3189
vn -0.6593 0.6102 0.4393
vn -0.7761 0.6296 -0.0347
vn -0.9164 0.3704 -0.1518
vn -0.9008 0.3959 -0.1786
vn -0.1662 0.7433 -0.6480
vn 0.9253 0.3750 0.0556
vn 0.0608 0.9976 -0.0336
vn 0.4889 0.8546 0.1751
vn 0.1568 0.4866 -0.8595
vn 0.1346 0.7755 -0.6168
vn 0.3301 0.9062 -0.2642
vn -0.0001 0.8139 0.5810
vn 0.0086 0.8036 0.5951
vn -0.3043 0.7277 0.6147
vn -0.4444 0.3634 0.8188
vn -0.6281 0.7694 0.1164
vn -0.6932 0.4715 -0.5451
vn -0.2836 0.8982 0.3359
vn -0.2664 0.5678 -0.7789
vn -0.2830 0.8116 -0.5110
vn -0.5428 0.6334 -0.5515
vn -0.3583 0.6395 -0.6802
vn -0.5651 0.7563 -0.3297
vn -0.3366 0.3863 -0.8588
vn -0.0576 0.9144 0.4007
vn 0.4241 0.8696 0.2529
vn -0.5832 0.1626 0.7959
vn 0.5771 0.8003 0.1627
vn 0.5217 0.6356 0.5690
vn 0.1561 0.5736 -0.8041
vn 0.1826 0.5211 -0.8337
vn 0.2218 0.5319 -0.8173
vn 0.2143 0.4832 -0.8489
vn 0.1927 0.5607 -0.8053
vn -0.7609 0.0795 -0.6440
vn -0.0662 0.8489 -0.5244
vn 0.3084 0.9195 -0.2439
vn -0.7168 0.5288 -0.4544
vn 0.4772 0.5055 0.7188
vn -0.6634 0.3384 -0.6674
vn 0.4139 0.6052 -0.6800
vn 0.4059 0.3711 -0.8352
vn 0.3836 0.3819 -0.8408
vn 0.4262 0.6962 -0.5777
vn 0.4002 0.3399 -0.8510
vn 0.3995 0.4005 -0.8246
vn 0.1473 0.8387 -0.5243
vn 0.3110 0.4535 -0.8352
vn 0.3924 -0.0743 -0.9168
vn -0.0007 0.3383 -0.9410
vn -0.3833 0.9198 -0.0842
vn -0.0178 0.8697 0.4933
vn 0.2637 0.8462 0.4631
vn 0.5136 0.7898 0.3354
vn 0.4403 0.8681 0.2292
vn 0.0425 0.9627 0.2671
vn 0.0338 0.8703 0.4913
vn 0.0432 0.7150 0.6978
vn -0.8311 0.4440 0.3349
vn -0.9479 0.2893 -0.1336
vn -0.5119 0.3044 0.8033
vn 0.2220 0.9189 -0.3260
vn 0.2359 0.9287 -0.2860
vn 0.4787 0.7342 -0.4815
vn 0.5777 0.7739 0.2594
vn 0.5716 0.6929 0.4394
vn -0.0792 0.9589 -0.2726
vn -0.6402 0.7327 0.2308
vn 0.6108 0.5124 -0.6037
vn 0.0240 0.9803 0.1963
vn -0.1468 0.8356 0.5293
vn -0.3987 0.4657 0.7900
vn 0.1889 0.0921 0.9777
vn 0.4745 0.4914 -0.7303
vn 0.4573 0.5501 -0.6987
vn -0.1711 0.8406 0.5139
vn 0.3084 0.9343 -0.1789
vn 0.2457 0.9589 -0.1419
vn 0.5159 0.8513 -0.0951
vn -0.5304 0.7533 -0.3887
vn -0.0003 0.9999 -0.0103
vn -0.0243 0.9995 -0.0189
vn 0.6220 0.7821 0.0392
vn -0.0817 0.8839 0.4604
vn -0.1353 0.9680 0.2114
vn -0.6552 0.7466 -0.1151
vn -0.0480 0.9496 -0.3097
vn 0.9805 0.1522 -0.1242
vn 0.9217 0.3873 -0.0197
vn -0.9473 0.1965 -0.2530
vn -0.2870 0.9317 0.2227
vn -0.5569 0.7625 0.3294
vn 0.0977 0.7326 -0.6736
vn 0.1918 0.5754 -0.7951
vn -0.5146 0.7952 0.3207
vn -0.6389 0.5569 -0.5307
vn 0.0628 0.6850 0.7259
vn -0.3361 0.5887 -0.7352
vn 0.0701 0.9306 0.3592
vn -0.0322 0.9345 0.3546
vn 0.6653 0.7445 -0.0562
vn 0.8179 0.5729 -0.0534
vn -0.6694 0.7265 0.1555
vn -0.2993 0.5007 0.8122
vn -0.5594 0.3194 0.7649
vn 0.7259 0.6187 0.3006
vn 0.8686 0.4924 0.0551
vn -0.2163 0.9265 0.3078
vn 0.4823 0.6652 0.5700
vn 0.2595 0.9597 -0.1079
vn -0.2738 0.7463 0.6068
vn -0.2675 0.9636 -0.0027
vn 0.4380 0.7894 -0.4302
vn 0.2671 0.9260 -0.2667
vn 0.0854 0.9923 -0.0900
vn 0.7330 0.6331 0.2488
vn 0.3346 0.9313 -0.1438
vn -0.1050 0.1315 0.9857
vn -0.1722 0.2157 0.9611
vn 0.2620 0.9528 -0.1534
vn 0.1961 0.7581 -0.6220
vn 0.4669 0.6876 -0.5561
vn 0.2325 0.5906 0.7728
vn -0.1976 0.7593 -0.6201
vn 0.1660 0.7775 -0.6066
vn 0.2024 0.5248 -0.8268
vn 0.1542 0.6395 -0.7532
vn 0.0601 0.7596 -0.6476
vn 0.4194 0.6212 -0.6620
vn 0.4036 0.7004 -0.5887
vn 0.0445 0.8701 0.4909
vn -0.4936 0.8423 0.2165
vn 0.0326 0.2813 0.9591
vn 0.8798 0.4611 -0.1157
vn -0.3949 0.6855 0.6117
vn -0.4064 0.8076 0.4273
vn 0.6799 0.5153 -0.5217
vn -0.3048 0.5696 -0.7633
vn 0.0901 0.2783 0.9563
vn -0.0845 0.9691 -0.2316
vn -0.3156 0.9358 0.1570
vn -0.7883 0.6025 -0.1251
vn -0.1189 0.9207 -0.3717
vn -0.2207 0.9205 -0.3224
vn -0.3168 0.8878 -0.3339
vn -0.1909 0.9622 0.1942
vn -0.2538 0.8087 0.5307
vn 0.2055 0.9786 -0.0138
vn 0.4104 0.8509 -0.3280
vn 0.5446 0.8383 0.0263
vn 0.9584 0.0624 0.2786
vn 0.9455 0.1259 0.3004
vn 0.9607 -0.0215 0.2769
vn 0.9230 0.1604 0.3498
vn 0.9249 0.1904 0.3291
vn 0.9265 0.1245 0.3550
vn 0.9332 0.1630 0.3204
vn 0.1254 0.9711 0.2033
vn 0.0770 0.9694 0.2329
vn 0.4304 0.8502 0.3031
vn 0.4874 0.0425 0.8721
vn 0.5793 0.4756 0.6620
vn -0.1082 0.7699 -0.6289
vn -0.0462 0.8455 -0.5320
vn 0.2075 0.2728 0.9394
vn 0.2690 0.9618 -0.0499
vn 0.1270 0.0867 0.9881
vn 0.5503 0.6024 0.5781
vn -0.1109 0.6522 -0.7499
vn 0.5333 0.8243 -0.1900
vn 0.2971 0.9414 -0.1599
vn -0.1444 0.5346 -0.8327
vn -0.2311 0.5028 -0.8329
vn -0.1599 0.7542 0.6369
vn -0.3371 0.9332 -0.1241
vn -0.2012 0.5170 0.8320
vn -0.3602 0.9282 0.0935
vn 0.7506 0.6527 -0.1029
vn 0.6394 0.7388 0.2132
vn -0.0951 0.9812 -0.1677
vn 0.9302 0.3010 -0.2100
vn 0.8051 0.2932 -0.5156
vn 0.0172 0.9661 0.2575
vn 0.1167 0.9929 -0.0221
vn 0.6768 0.7221 -0.1431
vn 0.7838 0.6049 -0.1404
vn -0.4066 0.9088 -0.0938
vn 0.1221 0.9784 -0.1666
vn -0.3471 0.6261 0.6982
vn -0.5409 0.6685 0.5103
vn -0.8025 0.5966 -0.0007
vn -0.2277 0.9204 0.3180
vn 0.7474 0.6644 -0.0082
vn 0.9066 0.3689 -0.2049
vn 0.1990 0.9537 0.2254
vn 0.2679 0.8444 0.4639
vn 0.1800 0.9385 0.2945
vn 0.4990 0.7336 0.4613
vn 0.2871 0.8787 0.3815
vn -0.5110 0.8494 0.1320
vn -0.2598 0.9610 0.0952
vn -0.7080 0.4109 -0.5744
vn -0.6648 0.7413 0.0925
vn -0.5911 0.7650 0.2558
vn -0.9260 0.3726 0.0609
vn -0.8266 0.5616 -0.0376
vn -0.4046 0.4180 -0.8134
vn -0.3927 0.8695 -0.2998
vn -0.2435 0.2317 -0.9418
vn 0.4247 0.7290 0.5368
vn -0.3392 0.3719 -0.8641
vn -0.2621 0.5361 -0.8024
vn 0.2334 0.8891 0.3938
vn -0.1294 0.8213 0.5556
vn -0.0449 0.8943 0.4452
vn -0.2761 0.2570 0.9261
vn 0.9277 0.2965 0.2268
vn 0.2811 0.4259 -0.8600
vn 0.8392 0.2006 0.5054
vn 0.4302 0.8070 0.4045
vn 0.4341 0.8924 0.1234
vn 0.3713 0.5205 -0.7689
vn 0.8982 0.4281 -0.1001
vn 0.9050 0.3234 0.2764
vn -0.3812 0.9242 -0.0222
vn -0.2465 0.9683 0.0411
vn 0.1277 0.9892 0.0714
vn -0.5459 0.7890 -0.2819
vn -0.6703 0.7414 0.0327
vn -0.3293 0.9354 0.1290
vn 0.4992 0.7625 0.4116
vn -0.0220 0.9668 0.2545
vn -0.6015 0.7327 -0.3183
vn 0.8135 0.5796 -0.0484
vn 0.9942 0.0934 -0.0537
vn 0.8404 0.5418 0.0130
vn 0.6882 0.7234 0.0553
vn -0.5244 0.8415 0.1300
vn 0.0667 0.6709 -0.7386
vn 0.3212 0.8593 0.3981
vn 0.2064 0.9693 0.1336
vn 0.2862 0.3996 -0.8709
vn 0.4456 0.4158 -0.7928
vn 0.4877 0.4696 -0.7360
vn 0.0622 0.9434 0.3259
vn -0.0435 0.2132 -0.9760
vn 0.2197 0.1606 0.9623
vn -0.1577 0.4823 -0.8617
vn -0.3615 0.5320 -0.7657
vn 0.0356 0.9718 -0.2331
vn -0.3331 0.9227 -0.1941
vn -0.6021 0.6664 0.4398
vn 0.0219 0.9964 -0.0822
vn 0.0515 0.9268 0.3720
vn -0.1072 0.9337 0.3416
vn 0.2998 0.9539 -0.0127
vn -0.5754 0.6941 0.4325
vn -0.0210 0.5833 -0.8120
vn -0.5940 0.6790 -0.4314
vn -0.0919 0.8737 -0.4776
vn -0.7121 0.6261 -0.3177
vn -0.0278 0.8031 0.5952
vn 0.7340 0.6778 -0.0435
vn 0.8742 0.3435 -0.3431
vn -0.1436 0.3172 -0.9374
vn -0.1167 0.3176 -0.9410
vn 0.2877 0.8298 0.4782
vn -0.8176 0.5189 -0.2493
vn -0.2535 0.8740 -0.4144
vn -0.3996 0.6062 -0.6876
vn -0.5736 0.7473 -0.3354
vn -0.4348 0.7447 -0.5063
vn 0.3417 0.9334 -0.1097
vn 0.2579 0.9642 0.0621
vn -0.5291 0.8103 -0.2521
vn 0.0728 0.5472 -0.8338
vn -0.0868 0.5514 0.8297
vn 0.1411 0.8270 0.5443
vn -0.0638 0.3960 -0.9160
vn -0.3905 0.4933 -0.7773
vn 0.0666 -0.0044 0.9978
vn 0.3074 0.9516 -0.0010
vn -0.6356 0.7589 0.1415
vn -0.2638 0.6674 0.6965
vn 0.1039 0.9932 0.0529
vn 0.5208 0.8153 -0.2532
vn -0.1918 0.7838 0.5906
vn -0.1047 0.9832 0.1495
vn -0.1331 0.9813 0.1390
vn -0.3317 0.7537 0.5673
vn 0.4709 0.4354 -0.7673
vn 0.4204 0.3457 -0.8389
vn 0.3776 0.4217 -0.8244
vn -0.7760 -0.0473 -0.6289
vn 0.4471 0.2810 -0.8492
vn 0.5095 0.2916 -0.8096
vn 0.4915 0.2608 -0.8309
vn 0.6987 0.2459 -0.6718
vn 0.5251 0.8110 -0.2580
vn -0.1309 0.9686 0.2112
vn -0.1040 0.2891 -0.9516
vn 0.6327 0.0628 -0.7719
vn -0.5923 0.4824 -0.6454
vn -0.2465 0.9342 0.2580
vn -0.0127 0.9998 0.0127
vn -0.5890 0.8078 -0.0221
vn 0.1286 0.9908 -0.0433
vn -0.5251 0.7704 0.3617
vn 0.8790 0.3339 0.3403
vn 0.6384 0.3724 0.6736
vn 0.3487 0.6810 -0.6439
vn 0.3079 0.7440 -0.5931
vn 0.9577 0.2669 -0.1077
vn 0.7575 0.5362 -0.3724
vn -0.2307 0.9589 0.1652
vn -0.2126 0.8746 0.4358
vn -0.2619 0.9502 0.1688
vn -0.2379 0.9144 0.3276
vn 0.2372 0.7873 -0.5692
vn -0.3086 0.9372 0.1623
vn -0.3179 0.9376 0.1409
vn -0.2821 0.2443 0.9278
vn -0.2414 0.2155 0.9462
vn -0.4218 0.1735 -0.8899
vn 0.1677 0.1106 0.9796
vn 0.0773 0.0915 0.9928
vn 0.0951 0.0729 0.9928
vn 0.1626 0.0371 0.9860
vn 0.2067 0.9511 0.2296
vn -0.4534 0.6951 -0.5578
vn 0.0731 -0.0269 0.9970
vn 0.1199 0.0800 0.9896
vn 0.0617 0.1661 0.9842
vn 0.9929 0.0765 -0.0914
vn 0.3402 0.9396 0.0386
vn -0.3078 0.4137 -0.8568
vn 0.0552 0.8185 0.5718
vn -0.6361 0.6140 0.4672
vn 0.1698 0.6272 0.7601
vn 0.9331 0.3126 0.1781
vn -0.1801 0.9214 0.3443
vn -0.2060 0.6552 0.7269
vn 0.0399 0.9955 -0.0865
vn -0.2379 0.9329 0.2703
vn -0.1765 0.9387 0.2962
vn 0.4601 0.8063 -0.3718
vn 0.1258 0.9859 0.1105
vn 0.7839 0.2024 0.5870
vn -0.5659 0.7553 -0.3306
vn 0.6803 0.1945 -0.7067
vn 0.6207 0.4854 -0.6158
vn -0.3903 0.8185 0.4215
vn 0.7075 0.6426 0.2942
vn 0.3508 0.3374 0.8736
vn 0.4515 0.3966 0.7993
vn 0.3733 0.9266 0.0450
vn 0.4676 0.8838 0.0172
vn 0.5654 0.6521 0.5051
vn 0.4861 0.8071 -0.3351
vn 0.5709 0.8016 -0.1773
vn 0.2156 0.9764 0.0078
vn 0.2158 0.8818 -0.4194
vn 0.2852 0.9329 0.2200
vn -0.1795 0.9831 0.0354
vn 0.2046 0.9754 -0.0825
vn 0.2068 0.9569 -0.2037
vn -0.6540 0.6917 0.3063
vn -0.3194 0.8262 0.4641
vn -0.0153 0.9252 0.3792
vn 0.0988 0.7775 0.6210
vn 0.2488 0.7509 0.6117
vn -0.2516 0.9670 0.0410
vn 0.0456 0.9958 0.0799
vn 0.5139 0.8509 0.1094
vn 0.7664 0.6005 0.2279
vn -0.1379 0.9686 0.2070
vn -0.1378 0.9355 0.3253
vn -0.2362 0.8849 0.4014
vn -0.2234 0.8924 0.3920
vn -0.1532 0.9583 0.2412
vn -0.1600 0.9614 0.2238
vn -0.2132 0.8325 0.5113
vn -0.1322 0.9455 0.2976
vn -0.1202 0.3580 -0.9259
vn -0.2336 0.9144 0.3306
vn -0.1493 0.9308 -0.3336
vn -0.3610 0.8624 -0.3548
vn -0.2021 0.6341 -0.7464
vn -0.2679 0.8859 -0.3787
vn -0.0203 0.1217 0.9924
vn 0.0646 0.1038 0.9925
vn -0.0314 0.0758 0.9966
vn -0.0226 0.0584 0.9980
vn 0.9960 0.0731 -0.0511
vn 0.6608 0.5593 -0.5005
vn -0.0699 0.9184 -0.3895
vn -0.5726 0.4705 0.6714
vn -0.7530 0.6334 0.1783
vn -0.1902 0.2572 -0.9475
vn -0.2122 0.2078 -0.9549
vn -0.8567 0.2300 -0.4617
vn 0.6384 0.6665 0.3851
vn 0.3155 0.9430 -0.1053
vn -0.5668 0.8174 0.1033
vn -0.0135 0.7011 0.7129
vn -0.9112 0.3013 -0.2809
vn 0.5920 0.7130 0.3758
vn -0.6858 0.6420 0.3428
vn -0.9771 0.1544 -0.1461
vn -0.8774 0.3418 -0.3368
vn -0.9456 0.2968 0.1333
vn 0.3240 0.9427 0.0796
vn 0.2859 0.9567 0.0553
vn -0.5733 0.8055 0.1501
vn 0.8771 0.0986 0.4701
vn 0.4588 0.7543 0.4696
vn 0.1996 0.9596 0.1985
vn 0.4212 0.1997 -0.8847
vn -0.0576 0.2971 -0.9531
vn -0.1131 0.2863 -0.9514
vn -0.1315 0.4522 -0.8822
vn 0.0012 0.0130 -0.9999
vn -0.3797 0.7408 0.5541
vn 0.4473 0.8559 -0.2595
vn 0.3407 0.1618 -0.9261
vn 0.2969 0.4450 -0.8449
vn -0.3307 0.5725 0.7503
vn 0.0488 0.9866 0.1558
vn -0.2203 -0.0474 0.9743
vn -0.1093 0.6810 0.7241
vn -0.1044 0.7177 0.6885
vn -0.9230 0.2584 -0.2852
vn -0.8832 0.3097 -0.3522
vn 0.3039 0.0011 0.9527
vn 0.1934 -0.0045 0.9811
vn -0.5828 0.7002 -0.4125
vn -0.6082 0.7935 0.0202
vn 0.1314 0.1112 0.9851
vn 0.1745 0.0749 0.9818
vn 0.2502 0.1211 0.9606
vn 0.2144 0.3097 0.9263
vn 0.1986 0.1065 0.9743
vn 0.1752 0.7433 -0.6456
vn 0.2752 0.1464 0.9502
vn 0.3624 0.0006 0.9320
vn 0.2240 -0.0116 0.9745
vn 0.1285 0.1312 0.9830
vn 0.1525 0.1444 0.9777
vn -0.5399 0.7949 0.2768
vn -0.6895 0.6464 0.3266
vn 0.1937 0.6404 -0.7432
vn 0.2131 0.8160 -0.5373
vn 0.0310 0.9946 0.0987
vn -0.9001 0.3623 0.2420
vn -0.5218 0.6271 0.5784
vn 0.0052 0.9006 -0.4347
vn -0.5336 0.7573 0.3765
vn 0.7576 0.6503 -0.0562
vn 0.5957 0.7767 0.2047
vn 0.7117 0.7024 0.0019
vn 0.1117 0.9899 0.0877
vn 0.5423 0.7011 0.4630
vn 0.8038 0.5882 -0.0886
vn -0.6889 0.6983 0.1943
vn 0.1134 0.1620 -0.9802
vn -0.5469 0.2003 0.8129
vn -0.5721 0.2195 0.7903
vn -0.5880 0.2549 0.7677
vn -0.4143 0.5340 0.7371
vn 0.1275 0.9620 -0.2413
vn -0.0233 0.9988 0.0432
vn 0.3936 0.8888 0.2347
vn 0.3262 0.7995 0.5044
vn -0.9012 0.1447 -0.4085
vn 0.7648 0.6346 -0.1110
vn -0.3933 0.8584 0.3295
vn -0.6515 0.4248 -0.6286
vn -0.5682 0.0271 -0.8225
vn 0.1021 0.9929 -0.0615
vn -0.0259 0.9921 0.1229
vn -0.2824 0.8579 0.4293
vn 0.4943 0.7699 0.4036
vn 0.4256 0.9034 0.0517
vn -0.1655 0.9526 0.2552
vn 0.1931 0.9001 -0.3904
vn 0.2964 0.9194 0.2587
vn -0.3450 0.8974 0.2751
vn -0.6032 0.2378 0.7613
vn -0.5726 0.1063 0.8129
vn -0.5147 0.2183 0.8291
vn 0.2549 0.9328 -0.2548
vn -0.2219 0.7164 0.6615
vn -0.2193 0.6622 0.7165
vn -0.0747 0.8311 0.5511
vn -0.0965 0.7045 -0.7031
vn -0.4306 0.3155 0.8456
vn -0.0815 0.6979 -0.7116
vn 0.3735 0.7093 -0.5978
vn -0.2104 0.9776 0.0108
vn -0.4824 0.2878 -0.8273
vn 0.1088 0.7494 -0.6531
vn 0.4301 0.5264 -0.7334
vn 0.1042 0.8179 0.5658
vn 0.9230 0.2183 0.3170
vn 0.9198 0.2108 0.3310
vn -0.5755 -0.1174 -0.8093
vn -0.7495 0.6000 0.2797
vn -0.7493 0.6448 0.1509
vn -0.9665 0.2522 0.0482
vn 0.2752 0.8140 0.5115
vn -0.8411 0.4925 0.2234
vn -0.2884 0.9026 -0.3196
vn 0.2450 0.9605 0.1322
vn -0.8273 -0.0078 0.5617
vn -0.4473 0.8290 -0.3358
vn 0.8454 0.3336 -0.4172
vn 0.7146 0.6106 -0.3413
vn 0.6920 0.6668 -0.2767
vn -0.9084 -0.1142 0.4021
vn 0.5444 0.8339 0.0901
vn 0.8343 0.5508 0.0252
vn 0.0598 0.9224 -0.3816
vn 0.1063 0.9922 -0.0656
vn -0.1768 0.9769 -0.1199
vn -0.2574 0.0405 0.9655
vn -0.5904 0.2381 0.7712
vn 0.2001 0.5380 -0.8188
vn 0.0179 0.9880 -0.1537
vn 0.0759 0.0169 -0.9970
vn 0.2042 0.9542 -0.2188
vn -0.2923 0.6923 -0.6598
vn -0.1798 0.8894 -0.4202
vn 0.0044 0.7577 0.6526
vn 0.0099 0.6663 0.7456
vn 0.2421 0.8605 0.4482
vn 0.0334 0.9877 0.1527
vn -0.1369 0.9529 0.2706
vn -0.0075 0.1362 0.9906
vn -0.0600 0.7397 0.6703
vn -0.0597 0.9982 0.0081
vn -0.0919 0.9917 0.0897
vn 0.7806 0.5037 0.3702
vn -0.0633 0.6986 0.7127
vn 0.2347 0.0027 -0.9721
vn -0.4850 0.2479 0.8387
vn -0.6449 0.7631 -0.0432
vn -0.3833 0.7275 -0.5690
vn -0.1117 0.9592 0.2598
vn -0.3479 0.9339 -0.0827
vn 0.0145 -0.0769 0.9969
vn 0.0362 0.3562 -0.9337
vn 0.6391 0.6304 -0.4406
vn -0.4261 0.7072 -0.5642
vn 0.6436 0.7654 0.0019
vn 0.6865 0.7246 0.0598
vn 0.0898 0.1053 0.9904
vn -0.4013 0.7614 -0.5091
vn -0.6567 0.6815 -0.3230
vn 0.6213 0.7639 -0.1744
vn -0.3904 0.9201 0.0320
vn -0.9611 0.2762 0.0077
vn -0.8696 0.0997 -0.4835
vn 0.3712 0.9048 -0.2088
vn 0.0394 0.0986 0.9943
vn 0.1562 0.0973 0.9829
vn 0.1558 0.1561 0.9754
vn 0.6543 0.5196 0.5494
vn -0.5628 0.7802 -0.2731
vn 0.3076 0.9488 -0.0726
vn 0.3200 0.9470 -0.0274
vn -0.6072 0.5537 0.5698
vn -0.7621 0.4653 -0.4502
vn 0.2021 0.9790 0.0271
vn -0.9613 0.1582 -0.2256
vn 0.1338 0.0183 -0.9908
vn -0.2840 0.8574 -0.4292
vn 0.0549 0.9976 0.0415
vn 0.1624 0.8975 0.4100
vn -0.9970 0.0705 -0.0317
vn 0.1136 0.8884 0.4448
vn 0.3639 0.8441 0.3938
vn -0.5268 0.8343 0.1629
vn -0.2333 0.3340 0.9132
vn -0.6487 0.7485 0.1376
vn -0.6394 0.7590 0.1231
vn 0.6705 0.7418 0.0147
vn -0.5686 0.8099 0.1440
vn 0.7943 0.2367 0.5595
vn 0.8235 0.1679 0.5419
vn -0.8644 0.2713 -0.4233
vn -0.0749 0.9903 0.1169
vn -0.2817 0.9333 0.2226
vn -0.6103 0.7921 0.0086
vn -0.7267 0.4948 0.4766
vn 0.6047 0.6241 0.4948
vn 0.0709 -0.0161 0.9974
vn 0.9973 0.0089 0.0734
vn 0.9691 0.2205 -0.1105
vn 0.6241 0.7453 0.2347
vn -0.0748 0.9648 0.2522
vn -0.1329 0.9061 0.4015
vn -0.3270 0.9427 0.0659
vn 0.1363 0.6564 -0.7420
vn -0.2222 0.9117 -0.3456
vn -0.5147 0.0907 0.8526
vn -0.1302 0.9749 -0.1804
vn -0.1129 0.8803 0.4608
vn -0.6338 0.5135 -0.5785
vn 0.0891 0.9789 -0.1840
vn -0.1588 0.9634 -0.2162
vn -0.0239 0.9101 -0.4137
vn -0.5187 0.7625 -0.3867
vn 0.0752 0.7587 -0.6471
vn 0.1144 0.9907 -0.0738
vn 0.1370 0.9556 0.2607
vn -0.3106 0.7645 -0.5649
vn 0.1195 0.1065 0.9871
vn 0.0558 0.8141 0.5780
vn 0.2662 -0.0920 0.9595
vn -0.1526 0.9844 -0.0874
vn 0.4492 0.2489 -0.8580
vn 0.7925 0.5690 -0.2195
vn 0.0624 0.9965 0.0550
vn 0.3352 0.5193 0.7861
vn 0.6782 0.7303 -0.0818
vn 0.2034 0.8005 0.5638
vn 0.0393 0.9982 0.0446
vn -0.5024 0.8398 0.2057
vn 0.2742 0.9373 0.2151
vn 0.8382 0.1637 0.5203
vn 0.8405 0.1249 0.5273
vn 0.5187 0.3119 -0.7960
vn 0.4575 0.6461 -0.6109
vn -0.5227 0.2111 0.8260
vn -0.5503 0.1852 0.8142
vn -0.5013 0.2833 0.8176
vn -0.4913 0.1926 0.8494
vn -0.5371 0.2530 0.8047
vn -0.4749 0.1949 0.8582
vn -0.0434 0.1752 0.9836
vn 0.0345 0.0747 0.9966
vn 0.8242 0.5431 -0.1604
vn 0.5812 0.8109 -0.0676
vn 0.4842 0.6813 0.5490
vn -0.0147 0.9516 -0.3070
vn 0.0174 0.6553 0.7552
vn 0.1715 0.9387 -0.2991
vn -0.0379 0.9975 0.0589
vn 0.5657 0.6939 0.4455
vn -0.1574 0.9472 0.2795
vn -0.0007 0.2724 -0.9622
vn 0.0623 0.8509 0.5216
vn -0.1831 0.6350 -0.7505
vn 0.9715 0.0953 -0.2170
vn 0.1102 0.1597 0.9810
vn -0.6379 0.2739 0.7198
vn 0.3873 0.4075 -0.8270
vn -0.2863 0.7447 -0.6029
vn -0.2111 0.3361 -0.9179
vn -0.1034 0.9943 -0.0272
vn 0.2487 0.2134 0.9448
vn -0.2590 0.9195 0.2958
vn 0.1421 0.9710 0.1922
vn 0.0020 0.7473 -0.6645
vn -0.5814 0.7906 0.1920
vn -0.6354 0.7190 0.2816
vn 0.1480 0.8787 -0.4538
vn 0.1311 0.0825 0.9879
vn 0.2086 0.1345 0.9687
vn -0.0865 0.9962 -0.0135
vn 0.1276 0.7065 0.6961
vn 0.5357 0.7782 -0.3278
vn 0.2775 0.9369 -0.2126
vn 0.3147 0.3673 -0.8752
vn 0.2223 0.8738 0.4324
vn 0.3536 0.8828 0.3093
vn 0.2821 0.9097 0.3048
vn 0.2752 0.8288 -0.4873
vn -0.0751 0.9251 -0.3722
vn -0.2281 0.9552 -0.1884
vn -0.1370 0.9633 -0.2307
vn -0.2417 0.9241 -0.2959
vn -0.2135 0.8727 -0.4391
vn -0.5831 0.2532 0.7719
vn 0.5185 0.8351 0.1836
vn 0.7887 0.2774 0.5487
vn 0.2303 0.9664 -0.1142
vn -0.2947 0.8532 0.4303
vn 0.4096 0.8435 0.3474
vn 0.3665 0.9303 0.0167
vn 0.2081 0.1454 0.9672
vn -0.0056 0.9983 0.0579
vn -0.1923 0.8167 -0.5441
vn 0.9580 0.0509 0.2821
vn -0.1345 0.9598 0.2462
vn -0.0267 0.8588 -0.5117
vn 0.1159 0.2656 0.9571
vn -0.3106 0.9486 -0.0611
vn 0.5455 0.2770 0.7910
vn 0.0732 0.7072 -0.7032
vn 0.4957 0.3603 -0.7902
vn -0.0041 0.9997 -0.0243
vn 0.0605 0.1430 0.9879
vn 0.0167 0.5888 -0.8081
vn -0.1645 0.9383 0.3041
vn 0.2626 0.9535 0.1477
vn 0.3814 0.6937 -0.6110
vn -0.0531 0.9808 0.1877
vn 0.1121 0.1258 -0.9857
vn -0.7015 0.2013 0.6837
vn -0.5436 0.8229 0.1655
vn -0.3027 0.8943 -0.3295
vn 0.9092 0.1044 0.4031
vn 0.9706 0.1990 0.1351
vn 0.6521 0.7572 -0.0384
vn -0.8249 0.5517 -0.1232
vt 0.635750 0.344350
vt 0.631520 0.359680
vt 0.624660 0.353410
vt 0.641170 0.233870
vt 0.635460 0.234510
vt 0.640820 0.228380
vt 0.423200 0.310990
vt 0.420830 0.314390
vt 0.418460 0.308410
vt 0.463760 0.159290
vt 0.460480 0.156070
vt 0.464490 0.149640
vt 0.601510 0.479870
vt 0.612510 0.481800
vt 0.613450 0.486110
vt 0.507840 0.353670
vt 0.512210 0.349250
vt 0.510340 0.362620
vt 0.449210 0.430890
vt 0.442560 0.429650
vt 0.448440 0.427030
vt 0.703290 0.395110
vt 0.695260 0.396600
vt 0.709090 0.380120
vt 0.698790 0.205030
vt 0.688180 0.191960
vt 0.695050 0.189800
vt 0.397140 0.323770
vt 0.400660 0.318480
vt 0.404040 0.324550
vt 0.392430 0.380860
vt 0.392340 0.368820
vt 0.396110 0.379490
vt 0.450510 0.473580
vt 0.452950 0.470260
vt 0.460290 0.472380
vt 0.598200 0.169600
vt 0.601750 0.166090
vt 0.603140 0.172380
vt 0.545650 0.346020
vt 0.544010 0.351510
vt 0.541610 0.345760
vt 0.451710 0.198050
vt 0.458960 0.190770
vt 0.461280 0.202320
vt 0.604210 0.223880
vt 0.608180 0.214970
vt 0.615870 0.218730
vt 0.519820 0.259250
vt 0.520830 0.266240
vt 0.514040 0.261000
vt 0.491630 0.255550
vt 0.486260 0.241770
vt 0.493740 0.248440
vt 0.482440 0.290830
vt 0.478720 0.284740
vt 0.485700 0.283620
vt 0.583430 0.131720
vt 0.591140 0.130840
vt 0.585130 0.136570
vt 0.663120 0.174610
vt 0.660440 0.164950
vt 0.665360 0.172910
vt 0.722350 0.366400
vt 0.729420 0.353670
vt 0.722130 0.381490
vt 0.333860 0.295760
vt 0.338740 0.286980
vt 0.340270 0.296220
vt 0.426530 0.265600
vt 0.433080 0.274430
vt 0.422420 0.277080
vt 0.657860 0.194850
vt 0.649900 0.192440
vt 0.646350 0.187550
vt 0.682540 0.368950
vt 0.677530 0.367700
vt 0.682180 0.361370
vt 0.328700 0.222500
vt 0.330430 0.215230
vt 0.332010 0.220860
vt 0.587030 0.393020
vt 0.599570 0.391580
vt 0.592750 0.403100
vt 0.578210 0.455670
vt 0.570510 0.455420
vt 0.575350 0.450090
vt 0.434420 0.108140
vt 0.435280 0.122870
vt 0.413400 0.119380
vt 0.492060 0.099590
vt 0.500770 0.103500
vt 0.505540 0.115760
vt 0.526980 0.185980
vt 0.525830 0.179960
vt 0.530510 0.177590
vt 0.627620 0.413600
vt 0.633430 0.411000
vt 0.632450 0.417830
vt 0.605890 0.420330
vt 0.605150 0.412090
vt 0.612430 0.408630
vt 0.384910 0.386770
vt 0.368540 0.374740
vt 0.382470 0.375330
vt 0.638180 0.415530
vt 0.646580 0.454370
vt 0.636760 0.458850
vt 0.640880 0.442160
vt 0.376360 0.366910
vt 0.346160 0.317080
vt 0.361390 0.308410
vt 0.358630 0.317250
vt 0.574150 0.381120
vt 0.567710 0.376760
vt 0.574240 0.374470
vt 0.512990 0.282120
vt 0.514260 0.286560
vt 0.510340 0.282910
vt 0.618110 0.269130
vt 0.625610 0.278250
vt 0.615490 0.279670
vt 0.569660 0.300670
vt 0.577320 0.301420
vt 0.571390 0.305080
vt 0.484910 0.273220
vt 0.491500 0.272030
vt 0.492350 0.280650
vt 0.505920 0.278470
vt 0.502900 0.273910
vt 0.509110 0.275590
vt 0.696550 0.287110
vt 0.711350 0.278000
vt 0.708030 0.287840
vt 0.664740 0.285540
vt 0.670710 0.283960
vt 0.668220 0.289600
vt 0.414480 0.391870
vt 0.408540 0.395830
vt 0.407190 0.386610
vt 0.428480 0.328350
vt 0.430090 0.323360
vt 0.433900 0.325140
vt 0.670090 0.134690
vt 0.659840 0.132760
vt 0.661620 0.126040
vt 0.699950 0.191770
vt 0.696750 0.180710
vt 0.705030 0.185070
vt 0.505180 0.175440
vt 0.506610 0.189010
vt 0.500230 0.185410
vt 0.504650 0.232400
vt 0.496660 0.240510
vt 0.497240 0.230580
vt 0.396660 0.395020
vt 0.390980 0.393210
vt 0.404070 0.391480
vt 0.452610 0.128080
vt 0.440980 0.129570
vt 0.448390 0.125390
vt 0.400310 0.467460
vt 0.398440 0.473610
vt 0.397340 0.461450
vt 0.618660 0.085740
vt 0.623010 0.089370
vt 0.614960 0.090450
vt 0.370560 0.150910
vt 0.372930 0.144360
vt 0.374330 0.151370
vt 0.391000 0.268640
vt 0.388610 0.257880
vt 0.396690 0.256780
vt 0.624240 0.440190
vt 0.621310 0.434910
vt 0.624440 0.429980
vt 0.575960 0.465000
vt 0.576940 0.460940
vt 0.580130 0.462810
vt 0.557270 0.142240
vt 0.545970 0.140240
vt 0.551910 0.134210
vt 0.527310 0.133550
vt 0.527680 0.144960
vt 0.523110 0.139670
vt 0.452250 0.317220
vt 0.453060 0.301620
vt 0.453950 0.310010
vt 0.441490 0.266890
vt 0.433720 0.257260
vt 0.438620 0.255120
vt 0.486870 0.497770
vt 0.501290 0.494420
vt 0.493200 0.503620
vt 0.572320 0.471850
vt 0.582090 0.469880
vt 0.579760 0.473280
vt 0.382840 0.266810
vt 0.389410 0.305610
vt 0.392710 0.299180
vt 0.398330 0.300870
vt 0.553280 0.438010
vt 0.560120 0.447720
vt 0.551440 0.445470
vt 0.555990 0.378480
vt 0.551240 0.384790
vt 0.546770 0.374690
vt 0.718050 0.278320
vt 0.711960 0.286110
vt 0.716840 0.270270
vt 0.337300 0.355730
vt 0.342180 0.352530
vt 0.342510 0.357700
vt 0.464270 0.221080
vt 0.447710 0.217430
vt 0.454300 0.215060
vt 0.381200 0.153410
vt 0.390200 0.155900
vt 0.384840 0.161060
vt 0.613750 0.153210
vt 0.611620 0.160080
vt 0.609340 0.158290
vt 0.646280 0.171820
vt 0.649470 0.181150
vt 0.644080 0.181900
vt 0.322440 0.334240
vt 0.329370 0.334480
vt 0.325880 0.337360
vt 0.333050 0.275640
vt 0.329670 0.267730
vt 0.335660 0.270420
vt 0.473780 0.314550
vt 0.469220 0.318170
vt 0.465440 0.309980
vt 0.483980 0.375090
vt 0.477990 0.368900
vt 0.482980 0.367040
vt 0.687700 0.420110
vt 0.686460 0.408200
vt 0.695480 0.419160
vt 0.320240 0.288500
vt 0.321430 0.282860
vt 0.324480 0.289970
vt 0.454790 0.166610
vt 0.457230 0.160600
vt 0.458000 0.166400
vt 0.418740 0.174130
vt 0.404470 0.178930
vt 0.417660 0.158710
vt 0.574070 0.232630
vt 0.567260 0.225870
vt 0.577460 0.224210
vt 0.555370 0.291530
vt 0.552260 0.297850
vt 0.551580 0.290420
vt 0.537130 0.126800
vt 0.538110 0.130450
vt 0.531920 0.124430
vt 0.517820 0.123650
vt 0.527300 0.121500
vt 0.521960 0.127310
vt 0.395200 0.430750
vt 0.390460 0.429800
vt 0.393990 0.422480
vt 0.398460 0.414800
vt 0.406840 0.418710
vt 0.402260 0.419120
vt 0.366470 0.232370
vt 0.363570 0.227820
vt 0.370730 0.226050
vt 0.358190 0.188930
vt 0.356730 0.194360
vt 0.352160 0.187010
vt 0.510820 0.238280
vt 0.512460 0.244880
vt 0.506840 0.243730
vt 0.511700 0.212280
vt 0.507430 0.219350
vt 0.507590 0.215550
vt 0.388790 0.194950
vt 0.381360 0.190080
vt 0.390040 0.185420
vt 0.400680 0.183320
vt 0.394750 0.181120
vt 0.406730 0.163340
vt 0.488200 0.370200
vt 0.494350 0.375620
vt 0.485810 0.374610
vt 0.508880 0.401550
vt 0.517870 0.406400
vt 0.517730 0.410200
vt 0.548700 0.239410
vt 0.558380 0.228360
vt 0.553670 0.243660
vt 0.521420 0.216570
vt 0.524410 0.224400
vt 0.518280 0.222660
vt 0.519190 0.515280
vt 0.506510 0.518600
vt 0.515140 0.511070
vt 0.544320 0.406530
vt 0.538430 0.405300
vt 0.541820 0.402050
vt 0.515550 0.359820
vt 0.520970 0.366480
vt 0.516480 0.366470
vt 0.573430 0.222230
vt 0.569840 0.218200
vt 0.578140 0.221390
vt 0.545340 0.206690
vt 0.547060 0.212630
vt 0.542240 0.215780
vt 0.655480 0.123830
vt 0.660040 0.118140
vt 0.662550 0.123350
vt 0.432020 0.311100
vt 0.436290 0.310210
vt 0.435690 0.320100
vt 0.432920 0.297950
vt 0.426430 0.302110
vt 0.423850 0.291200
vt 0.535060 0.322430
vt 0.535260 0.329100
vt 0.532360 0.325060
vt 0.561840 0.324430
vt 0.562910 0.318670
vt 0.567130 0.322140
vt 0.510320 0.113320
vt 0.521020 0.117760
vt 0.511930 0.124730
vt 0.457970 0.137400
vt 0.459830 0.131500
vt 0.464460 0.137320
vt 0.412070 0.435230
vt 0.409400 0.429880
vt 0.413480 0.427100
vt 0.454230 0.480790
vt 0.477870 0.201950
vt 0.483500 0.206330
vt 0.476700 0.213390
vt 0.489250 0.198210
vt 0.494780 0.190950
vt 0.499700 0.195330
vt 0.361620 0.235610
vt 0.361400 0.229610
vt 0.365630 0.235420
vt 0.353000 0.285920
vt 0.356690 0.291590
vt 0.349930 0.293520
vt 0.657870 0.314980
vt 0.662360 0.310360
vt 0.670670 0.312550
vt 0.656030 0.309760
vt 0.645770 0.309810
vt 0.651280 0.302120
vt 0.521700 0.419700
vt 0.520690 0.426890
vt 0.513140 0.422410
vt 0.474170 0.397850
vt 0.468780 0.398570
vt 0.467990 0.393570
vt 0.486360 0.174000
vt 0.482980 0.167740
vt 0.493310 0.171150
vt 0.499360 0.131590
vt 0.491710 0.129990
vt 0.492460 0.126030
vt 0.358190 0.274410
vt 0.362020 0.270220
vt 0.363670 0.275390
vt 0.381410 0.274490
vt 0.390850 0.278020
vt 0.385440 0.280030
vt 0.477250 0.509010
vt 0.474460 0.503670
vt 0.485280 0.503920
vt 0.425960 0.479390
vt 0.424650 0.474560
vt 0.428880 0.477040
vt 0.553900 0.353320
vt 0.554750 0.345090
vt 0.557150 0.348640
vt 0.566270 0.335930
vt 0.571010 0.331180
vt 0.575240 0.338180
vt 0.588370 0.201880
vt 0.593220 0.198230
vt 0.590620 0.207860
vt 0.570140 0.204940
vt 0.573800 0.212390
vt 0.568930 0.212150
vt 0.713490 0.406790
vt 0.720980 0.406830
vt 0.714590 0.417450
vt 0.491350 0.294710
vt 0.499040 0.297670
vt 0.497330 0.301100
vt 0.505510 0.293690
vt 0.507820 0.297890
vt 0.502370 0.295620
vt 0.576640 0.172570
vt 0.569060 0.173410
vt 0.573290 0.163830
vt 0.550780 0.201840
vt 0.556130 0.201820
vt 0.554600 0.210080
vt 0.513780 0.468290
vt 0.515280 0.472400
vt 0.506960 0.474780
vt 0.467140 0.434600
vt 0.460680 0.436810
vt 0.458180 0.430310
vt 0.413670 0.221860
vt 0.409700 0.233180
vt 0.407470 0.220360
vt 0.420590 0.192860
vt 0.431810 0.186720
vt 0.429350 0.201960
vt 0.660210 0.450390
vt 0.664540 0.437480
vt 0.668550 0.441350
vt 0.484370 0.405300
vt 0.488600 0.415100
vt 0.479060 0.408460
vt 0.487740 0.426590
vt 0.485920 0.421680
vt 0.488070 0.418960
vt 0.596470 0.257410
vt 0.599870 0.251070
vt 0.600850 0.261310
vt 0.591400 0.261180
vt 0.585760 0.257720
vt 0.590030 0.249710
vt 0.415260 0.428720
vt 0.415860 0.436660
vt 0.420780 0.428880
vt 0.678130 0.424850
vt 0.676460 0.432850
vt 0.674580 0.426760
vt 0.663470 0.394910
vt 0.663890 0.387040
vt 0.668370 0.387040
vt 0.701390 0.124210
vt 0.697270 0.128360
vt 0.692360 0.124460
vt 0.593170 0.375700
vt 0.597940 0.366370
vt 0.599320 0.372620
vt 0.574850 0.352520
vt 0.581780 0.347190
vt 0.579780 0.359450
vt 0.374420 0.396460
vt 0.372470 0.390000
vt 0.381070 0.393640
vt 0.372070 0.428240
vt 0.380350 0.423420
vt 0.386000 0.434420
vt 0.468660 0.348110
vt 0.471080 0.353220
vt 0.465570 0.355220
vt 0.477230 0.385700
vt 0.473080 0.390590
vt 0.468050 0.390700
vt 0.721060 0.296760
vt 0.725880 0.306280
vt 0.718880 0.312350
vt 0.328220 0.199140
vt 0.321750 0.194450
vt 0.318660 0.182310
vt 0.593950 0.094740
vt 0.601050 0.084650
vt 0.602680 0.096790
vt 0.588170 0.352210
vt 0.587340 0.344970
vt 0.594910 0.346730
vt 0.592490 0.282540
vt 0.592810 0.267950
vt 0.598450 0.268860
vt 0.371020 0.396560
vt 0.362190 0.402650
vt 0.358430 0.399130
vt 0.436380 0.364380
vt 0.442970 0.369220
vt 0.434330 0.373930
vt 0.457880 0.373580
vt 0.462800 0.381460
vt 0.458740 0.383440
vt 0.721220 0.270390
vt 0.727470 0.267300
vt 0.727870 0.270650
vt 0.598200 0.435700
vt 0.595750 0.432820
vt 0.607160 0.429300
vt 0.607300 0.446750
vt 0.605210 0.442690
vt 0.607750 0.441610
vt 0.583450 0.435600
vt 0.587170 0.433620
vt 0.588910 0.438650
vt 0.586180 0.399060
vt 0.578310 0.390190
vt 0.641330 0.123270
vt 0.643890 0.126100
vt 0.637390 0.129660
vt 0.634470 0.139450
vt 0.637110 0.139840
vt 0.634560 0.146080
vt 0.597630 0.178500
vt 0.598820 0.172190
vt 0.569650 0.186780
vt 0.568080 0.193870
vt 0.559200 0.193240
vt 0.587800 0.278750
vt 0.584110 0.262460
vt 0.392470 0.310800
vt 0.388830 0.317530
vt 0.385440 0.313440
vt 0.370730 0.338450
vt 0.381300 0.349050
vt 0.368860 0.355010
vt 0.508670 0.081430
vt 0.505910 0.087810
vt 0.504550 0.081310
vt 0.544240 0.084990
vt 0.537000 0.090750
vt 0.535880 0.083650
vt 0.541630 0.411760
vt 0.576640 0.418940
vt 0.584260 0.423910
vt 0.581000 0.430420
vt 0.608740 0.225360
vt 0.605510 0.227470
vt 0.605110 0.244740
vt 0.609740 0.255600
vt 0.413820 0.115260
vt 0.642300 0.160500
vt 0.639900 0.152260
vt 0.646210 0.155430
vt 0.652610 0.149170
vt 0.646770 0.148770
vt 0.655020 0.142230
vt 0.528980 0.368410
vt 0.535720 0.365750
vt 0.531780 0.371190
vt 0.552690 0.374500
vt 0.673500 0.334690
vt 0.675290 0.329190
vt 0.680650 0.343620
vt 0.691250 0.368060
vt 0.684550 0.369410
vt 0.685270 0.364880
vt 0.576470 0.130770
vt 0.568670 0.132320
vt 0.570250 0.127180
vt 0.583380 0.126290
vt 0.586050 0.119280
vt 0.594060 0.128160
vt 0.519060 0.378520
vt 0.511750 0.378170
vt 0.515190 0.373800
vt 0.498480 0.368770
vt 0.504090 0.372400
vt 0.497520 0.373700
vt 0.549830 0.100580
vt 0.549380 0.104080
vt 0.542710 0.103570
vt 0.578200 0.125980
vt 0.575140 0.120470
vt 0.577500 0.116170
vt 0.542020 0.254330
vt 0.543380 0.247200
vt 0.549020 0.249440
vt 0.579510 0.258710
vt 0.580720 0.264540
vt 0.572310 0.266980
vt 0.711540 0.298850
vt 0.717640 0.295430
vt 0.682610 0.328980
vt 0.690220 0.325340
vt 0.688860 0.331920
vt 0.521240 0.144130
vt 0.521800 0.149110
vt 0.518470 0.148540
vt 0.495000 0.154570
vt 0.495620 0.160450
vt 0.489940 0.158610
vt 0.543400 0.294350
vt 0.549130 0.296750
vt 0.543280 0.298190
vt 0.553700 0.323450
vt 0.551010 0.325710
vt 0.548260 0.321780
vt 0.605200 0.099890
vt 0.600560 0.103860
vt 0.590600 0.097670
vt 0.617770 0.151490
vt 0.622840 0.147270
vt 0.623430 0.153980
vt 0.361960 0.161310
vt 0.361030 0.168050
vt 0.355060 0.160870
vt 0.374540 0.196790
vt 0.380160 0.193480
vt 0.383520 0.201160
vt 0.559850 0.168300
vt 0.567230 0.162670
vt 0.563940 0.172250
vt 0.574050 0.141450
vt 0.571840 0.140580
vt 0.572410 0.136970
vt 0.659290 0.392870
vt 0.661360 0.381940
vt 0.646030 0.374910
vt 0.651520 0.373380
vt 0.652720 0.378730
vt 0.646290 0.095970
vt 0.643210 0.098270
vt 0.641790 0.089370
vt 0.656950 0.114450
vt 0.652490 0.121750
vt 0.647690 0.116240
vt 0.656020 0.403640
vt 0.658010 0.397710
vt 0.660740 0.404960
vt 0.648950 0.441850
vt 0.492890 0.338130
vt 0.492970 0.329880
vt 0.495720 0.333270
vt 0.480700 0.352140
vt 0.476390 0.355170
vt 0.477220 0.347990
vt 0.340830 0.230370
vt 0.335130 0.225350
vt 0.341480 0.225570
vt 0.362980 0.214430
vt 0.356620 0.206680
vt 0.367300 0.203710
vt 0.683060 0.214090
vt 0.690020 0.209270
vt 0.689040 0.216890
vt 0.672490 0.223690
vt 0.675720 0.221400
vt 0.675650 0.226820
vt 0.335320 0.228300
vt 0.328600 0.227970
vt 0.448210 0.467550
vt 0.442210 0.470680
vt 0.444350 0.464040
vt 0.433650 0.473020
vt 0.431240 0.469020
vt 0.435820 0.470340
vt 0.472820 0.318500
vt 0.485430 0.321670
vt 0.488740 0.327360
vt 0.483980 0.329570
vt 0.400110 0.287640
vt 0.391570 0.286920
vt 0.400590 0.281560
vt 0.403270 0.262550
vt 0.397060 0.268280
vt 0.491460 0.134200
vt 0.500630 0.134760
vt 0.495460 0.138770
vt 0.472700 0.151860
vt 0.476310 0.157680
vt 0.470970 0.160320
vt 0.563530 0.122050
vt 0.541070 0.108020
vt 0.545020 0.108600
vt 0.544760 0.113900
vt 0.643140 0.366360
vt 0.636830 0.362570
vt 0.645560 0.355390
vt 0.607720 0.389390
vt 0.612450 0.389520
vt 0.607770 0.394290
vt 0.417740 0.320870
vt 0.415490 0.325940
vt 0.412620 0.316730
vt 0.422880 0.389830
vt 0.413650 0.384820
vt 0.420380 0.383840
vt 0.559060 0.269360
vt 0.564090 0.268670
vt 0.561350 0.273040
vt 0.536980 0.262350
vt 0.535980 0.267000
vt 0.532500 0.259370
vt 0.621290 0.112870
vt 0.616670 0.113190
vt 0.613200 0.107820
vt 0.624760 0.101400
vt 0.622130 0.105650
vt 0.615680 0.103880
vt 0.393490 0.200290
vt 0.401710 0.222010
vt 0.400290 0.227550
vt 0.398740 0.222750
vt 0.522660 0.193000
vt 0.519010 0.179690
vt 0.525890 0.189350
vt 0.530780 0.209320
vt 0.533560 0.312340
vt 0.540190 0.314200
vt 0.536420 0.317570
vt 0.523590 0.319500
vt 0.522680 0.315060
vt 0.528420 0.317190
vt 0.666050 0.475850
vt 0.674100 0.467920
vt 0.677770 0.468320
vt 0.628300 0.476730
vt 0.633330 0.483800
vt 0.626410 0.482130
vt 0.456400 0.403630
vt 0.450770 0.408200
vt 0.450100 0.398780
vt 0.434990 0.395010
vt 0.426140 0.392030
vt 0.432200 0.388670
vt 0.528820 0.350170
vt 0.528150 0.353360
vt 0.524160 0.353000
vt 0.510270 0.315420
vt 0.513950 0.312840
vt 0.513990 0.320190
vt 0.625890 0.491630
vt 0.631510 0.486370
vt 0.631190 0.492780
vt 0.614320 0.339400
vt 0.614490 0.333210
vt 0.622590 0.337360
vt 0.608700 0.331580
vt 0.604290 0.328170
vt 0.610660 0.326060
vt 0.334170 0.249150
vt 0.340850 0.247400
vt 0.338080 0.253300
vt 0.349810 0.238870
vt 0.348970 0.235500
vt 0.354160 0.236480
vt 0.477540 0.241860
vt 0.484860 0.252290
vt 0.476080 0.250310
vt 0.430430 0.241760
vt 0.433640 0.239720
vt 0.438050 0.243630
vt 0.396210 0.353890
vt 0.399290 0.360820
vt 0.392380 0.361880
vt 0.408600 0.362530
vt 0.414590 0.353640
vt 0.415720 0.357570
vt 0.665570 0.220660
vt 0.667220 0.224560
vt 0.662180 0.230770
vt 0.633340 0.248150
vt 0.641990 0.249450
vt 0.641060 0.255190
vt 0.410470 0.142720
vt 0.403130 0.139000
vt 0.410850 0.136520
vt 0.394050 0.118390
vt 0.395900 0.122190
vt 0.383970 0.127360
vt 0.383760 0.336520
vt 0.381370 0.334370
vt 0.385830 0.330030
vt 0.397660 0.342250
vt 0.395960 0.350560
vt 0.390910 0.347620
vt 0.371730 0.324150
vt 0.375990 0.328590
vt 0.374670 0.332100
vt 0.364810 0.311640
vt 0.468960 0.259740
vt 0.465310 0.266910
vt 0.461300 0.256670
vt 0.475790 0.278590
vt 0.475500 0.272270
vt 0.691590 0.436710
vt 0.701440 0.422640
vt 0.707820 0.422570
vt 0.672570 0.464020
vt 0.675570 0.459500
vt 0.482420 0.115850
vt 0.494490 0.112980
vt 0.482620 0.124250
vt 0.488420 0.130230
vt 0.481100 0.127090
vt 0.635630 0.294370
vt 0.633140 0.287570
vt 0.646650 0.284090
vt 0.609420 0.314670
vt 0.610730 0.309660
vt 0.610960 0.319050
vt 0.500240 0.390840
vt 0.501960 0.380770
vt 0.507360 0.388390
vt 0.519440 0.381700
vt 0.520210 0.391430
vt 0.515220 0.383140
vt 0.585130 0.485820
vt 0.583470 0.478700
vt 0.618210 0.448710
vt 0.623090 0.445430
vt 0.623700 0.452910
vt 0.662950 0.331020
vt 0.659170 0.339700
vt 0.658100 0.332680
vt 0.628780 0.334290
vt 0.549410 0.274380
vt 0.543140 0.272110
vt 0.550440 0.268720
vt 0.525730 0.286510
vt 0.522040 0.280100
vt 0.524110 0.281430
vt 0.540330 0.073140
vt 0.542010 0.076400
vt 0.537850 0.076250
vt 0.445580 0.407230
vt 0.444650 0.395860
vt 0.442740 0.374660
vt 0.446260 0.379920
vt 0.443870 0.380220
vt 0.533290 0.425240
vt 0.532270 0.434470
vt 0.522730 0.428720
vt 0.514820 0.437690
vt 0.521580 0.437660
vt 0.473560 0.171560
vt 0.478540 0.174560
vt 0.473240 0.175080
vt 0.486860 0.185950
vt 0.568250 0.462350
vt 0.539380 0.460620
vt 0.544960 0.472340
vt 0.535590 0.465070
vt 0.363960 0.254940
vt 0.357220 0.259810
vt 0.357630 0.250950
vt 0.351740 0.254450
vt 0.355060 0.251420
vt 0.356010 0.256380
vt 0.445950 0.452010
vt 0.447680 0.456200
vt 0.443510 0.458750
vt 0.436850 0.438060
vt 0.444150 0.435860
vt 0.440570 0.440980
vt 0.599140 0.438260
vt 0.607860 0.438470
vt 0.618760 0.420050
vt 0.611030 0.422800
vt 0.617230 0.415980
vt 0.572220 0.099730
vt 0.568630 0.093300
vt 0.579900 0.096750
vt 0.574400 0.086580
vt 0.570930 0.089660
vt 0.567920 0.082640
vt 0.420310 0.295090
vt 0.422360 0.302010
vt 0.416310 0.299040
vt 0.404240 0.286260
vt 0.410020 0.284920
vt 0.520820 0.298520
vt 0.516450 0.301850
vt 0.516380 0.295840
vt 0.512670 0.305900
vt 0.504830 0.306860
vt 0.512690 0.298600
vt 0.316930 0.312530
vt 0.321270 0.311170
vt 0.322160 0.315250
vt 0.427960 0.491730
vt 0.425440 0.484870
vt 0.434260 0.488650
vt 0.411410 0.493570
vt 0.412690 0.485110
vt 0.416880 0.492810
vt 0.527570 0.302990
vt 0.527700 0.299750
vt 0.536760 0.300650
vt 0.518080 0.315460
vt 0.521540 0.310610
vt 0.523960 0.311810
vt 0.531480 0.078540
vt 0.532580 0.082870
vt 0.526940 0.079840
vt 0.523600 0.089530
vt 0.528230 0.090670
vt 0.525680 0.095630
vt 0.365460 0.395410
vt 0.575690 0.429020
vt 0.571070 0.434460
vt 0.567360 0.424950
vt 0.580280 0.442010
vt 0.583570 0.441400
vt 0.586710 0.443290
vt 0.426460 0.141450
vt 0.431790 0.138860
vt 0.428980 0.147500
vt 0.418110 0.137080
vt 0.427480 0.137910
vt 0.595290 0.312620
vt 0.590860 0.302490
vt 0.603660 0.301480
vt 0.563750 0.331030
vt 0.572620 0.319830
vt 0.717260 0.263150
vt 0.725550 0.262160
vt 0.706890 0.262820
vt 0.699640 0.269970
vt 0.327030 0.314160
vt 0.328210 0.307150
vt 0.332480 0.314810
vt 0.336250 0.284130
vt 0.334230 0.291350
vt 0.332320 0.288090
vt 0.659570 0.376350
vt 0.657180 0.335570
vt 0.655880 0.342870
vt 0.651870 0.343340
vt 0.449940 0.350050
vt 0.445260 0.345300
vt 0.449480 0.343760
vt 0.464330 0.349600
vt 0.456990 0.351970
vt 0.461880 0.344830
vt 0.537420 0.097240
vt 0.532050 0.103310
vt 0.525480 0.100650
vt 0.515390 0.106950
vt 0.508900 0.102560
vt 0.635720 0.092490
vt 0.634850 0.113850
vt 0.634570 0.109320
vt 0.640990 0.111970
vt 0.691740 0.291870
vt 0.695100 0.305010
vt 0.687030 0.296600
vt 0.684500 0.319820
vt 0.691570 0.315650
vt 0.690000 0.320370
vt 0.473400 0.337140
vt 0.469440 0.336960
vt 0.477440 0.328910
vt 0.468670 0.327770
vt 0.465700 0.336940
vt 0.465180 0.330450
vt 0.622320 0.131430
vt 0.630500 0.129240
vt 0.627320 0.133400
vt 0.636210 0.125080
vt 0.682370 0.312640
vt 0.685480 0.310600
vt 0.690280 0.312700
vt 0.665300 0.323500
vt 0.473140 0.454190
vt 0.479180 0.451240
vt 0.478720 0.456950
vt 0.457450 0.447090
vt 0.454110 0.439490
vt 0.462450 0.445200
vt 0.593940 0.418260
vt 0.599830 0.416210
vt 0.601570 0.421700
vt 0.582160 0.415100
vt 0.480560 0.344070
vt 0.481840 0.338850
vt 0.482520 0.345890
vt 0.504330 0.340640
vt 0.501700 0.338110
vt 0.503580 0.334330
vt 0.326730 0.303350
vt 0.325490 0.292970
vt 0.329770 0.297590
vt 0.318410 0.300220
vt 0.320410 0.296700
vt 0.323410 0.299770
vt 0.649000 0.108240
vt 0.651420 0.097710
vt 0.655350 0.105220
vt 0.489540 0.176600
vt 0.500550 0.176760
vt 0.496980 0.183260
vt 0.523980 0.158800
vt 0.520160 0.157310
vt 0.526540 0.154440
vt 0.478580 0.103320
vt 0.463880 0.116790
vt 0.457580 0.109790
vt 0.533770 0.291290
vt 0.527760 0.296330
vt 0.526700 0.288620
vt 0.555310 0.272170
vt 0.556940 0.275540
vt 0.579870 0.180560
vt 0.586120 0.183700
vt 0.573260 0.188870
vt 0.562600 0.209320
vt 0.565600 0.204220
vt 0.543270 0.304470
vt 0.549110 0.305420
vt 0.544930 0.307610
vt 0.557250 0.295990
vt 0.565020 0.296750
vt 0.560930 0.302550
vt 0.471420 0.344350
vt 0.475970 0.345910
vt 0.474760 0.353240
vt 0.473930 0.349210
vt 0.416300 0.223520
vt 0.415500 0.212870
vt 0.422410 0.221510
vt 0.431630 0.237120
vt 0.430850 0.230230
vt 0.435810 0.234370
vt 0.651880 0.321710
vt 0.654590 0.326830
vt 0.652300 0.335530
vt 0.524340 0.236450
vt 0.533620 0.240700
vt 0.526580 0.242610
vt 0.538610 0.251800
vt 0.628500 0.176340
vt 0.634600 0.173250
vt 0.635520 0.178490
vt 0.603640 0.212150
vt 0.601370 0.216880
vt 0.599440 0.209310
vt 0.450110 0.174190
vt 0.461110 0.175220
vt 0.456340 0.178730
vt 0.429810 0.160440
vt 0.429780 0.169760
vt 0.546740 0.440380
vt 0.545970 0.429090
vt 0.531610 0.416350
vt 0.534870 0.407900
vt 0.536910 0.415750
vt 0.611670 0.164050
vt 0.610990 0.169560
vt 0.608870 0.181830
vt 0.601480 0.180420
vt 0.610790 0.176520
vt 0.534900 0.214220
vt 0.528090 0.231150
vt 0.531810 0.237580
vt 0.446730 0.303770
vt 0.430190 0.285630
vt 0.434710 0.295750
vt 0.422650 0.286390
vt 0.558390 0.510670
vt 0.556230 0.500530
vt 0.563390 0.504510
vt 0.582820 0.484100
vt 0.574250 0.484420
vt 0.585940 0.226730
vt 0.580180 0.237800
vt 0.576250 0.255170
vt 0.569070 0.263570
vt 0.565720 0.257190
vt 0.483520 0.091730
vt 0.477120 0.094290
vt 0.477500 0.088510
vt 0.491770 0.094810
vt 0.499130 0.100790
vt 0.617810 0.175150
vt 0.615150 0.171350
vt 0.621970 0.171790
vt 0.618310 0.188970
vt 0.615320 0.185030
vt 0.622640 0.184860
vt 0.529390 0.195400
vt 0.521750 0.196010
vt 0.517330 0.208080
vt 0.522140 0.210960
vt 0.514850 0.214800
vt 0.380720 0.121950
vt 0.382770 0.111530
vt 0.391000 0.116740
vt 0.419040 0.354890
vt 0.416860 0.353280
vt 0.420810 0.350980
vt 0.415480 0.371380
vt 0.419000 0.378540
vt 0.412630 0.379580
vt 0.629520 0.198530
vt 0.633750 0.192950
vt 0.637760 0.196900
vt 0.622850 0.189860
vt 0.627040 0.184490
vt 0.628390 0.192280
vt 0.539140 0.157120
vt 0.538300 0.151730
vt 0.542100 0.155420
vt 0.542430 0.185820
vt 0.538420 0.189960
vt 0.534810 0.181210
vt 0.416550 0.368770
vt 0.419090 0.363150
vt 0.420590 0.373220
vt 0.429900 0.373920
vt 0.430690 0.385060
vt 0.425150 0.385150
vt 0.594480 0.119360
vt 0.589540 0.118840
vt 0.597510 0.115500
vt 0.611910 0.114220
vt 0.608350 0.112800
vt 0.506100 0.448980
vt 0.511350 0.448830
vt 0.505230 0.455340
vt 0.534160 0.452140
vt 0.535370 0.457180
vt 0.526540 0.456440
vt 0.532550 0.139690
vt 0.537870 0.145640
vt 0.532700 0.144740
vt 0.543770 0.129810
vt 0.543250 0.134810
vt 0.438550 0.098210
vt 0.447980 0.099750
vt 0.440410 0.103460
vt 0.426460 0.095300
vt 0.442480 0.090650
vt 0.436500 0.096220
vt 0.547210 0.449590
vt 0.543850 0.456740
vt 0.546470 0.465340
vt 0.558480 0.460190
vt 0.552060 0.468220
vt 0.515520 0.329730
vt 0.512230 0.322630
vt 0.501620 0.316750
vt 0.497350 0.318330
vt 0.494930 0.312720
vt 0.398480 0.480330
vt 0.402020 0.487400
vt 0.397160 0.485040
vt 0.604850 0.129940
vt 0.606140 0.123330
vt 0.611490 0.132250
vt 0.596810 0.151300
vt 0.603460 0.150170
vt 0.603270 0.155230
vt 0.497420 0.339750
vt 0.496680 0.335300
vt 0.503570 0.322700
vt 0.499190 0.321400
vt 0.582410 0.163230
vt 0.576100 0.160660
vt 0.583570 0.161900
vt 0.578060 0.158950
vt 0.583930 0.154890
vt 0.584130 0.159880
vt 0.411420 0.422020
vt 0.406230 0.426770
vt 0.410520 0.412920
vt 0.418840 0.416100
vt 0.415440 0.421050
vt 0.436840 0.468440
vt 0.433250 0.463840
vt 0.440840 0.462700
vt 0.423690 0.446940
vt 0.418440 0.447350
vt 0.424450 0.440080
vt 0.586190 0.237170
vt 0.582240 0.241940
vt 0.595360 0.228600
vt 0.588990 0.225190
vt 0.594930 0.224300
vt 0.479050 0.083040
vt 0.480620 0.076970
vt 0.484620 0.082670
vt 0.481840 0.444520
vt 0.495150 0.445510
vt 0.489340 0.452630
vt 0.492640 0.435610
vt 0.498330 0.429150
vt 0.500080 0.434640
vt 0.664020 0.135830
vt 0.675360 0.163490
vt 0.673840 0.153150
vt 0.681500 0.159450
vt 0.453170 0.274610
vt 0.449730 0.280430
vt 0.447160 0.273670
vt 0.445360 0.289220
vt 0.443740 0.282190
vt 0.682300 0.144200
vt 0.685280 0.161190
vt 0.676240 0.147830
vt 0.539900 0.266110
vt 0.545550 0.256650
vt 0.550060 0.254140
vt 0.554810 0.256310
vt 0.419410 0.477240
vt 0.419680 0.489460
vt 0.569130 0.107460
vt 0.565380 0.108800
vt 0.564370 0.105580
vt 0.577280 0.101870
vt 0.406720 0.229320
vt 0.404680 0.192300
vt 0.397650 0.197060
vt 0.328210 0.330250
vt 0.593840 0.156620
vt 0.587670 0.154320
vt 0.592450 0.165200
vt 0.595010 0.162220
vt 0.599530 0.161920
vt 0.316020 0.282030
vt 0.315500 0.286000
vt 0.316610 0.260240
vt 0.320990 0.258870
vt 0.319590 0.264950
vt 0.549410 0.187300
vt 0.543090 0.192100
vt 0.551120 0.207730
vt 0.546950 0.480310
vt 0.556090 0.484720
vt 0.548720 0.487030
vt 0.520150 0.478050
vt 0.525710 0.473350
vt 0.531780 0.473040
vt 0.329110 0.274350
vt 0.325560 0.278130
vt 0.325250 0.271500
vt 0.323310 0.277070
vt 0.322810 0.270490
vt 0.458770 0.229710
vt 0.456230 0.240880
vt 0.450450 0.229140
vt 0.469030 0.250600
vt 0.464510 0.253370
vt 0.508780 0.466840
vt 0.500130 0.467290
vt 0.500470 0.458740
vt 0.517840 0.469520
vt 0.309900 0.239730
vt 0.316000 0.244770
vt 0.306680 0.253920
vt 0.316590 0.255260
vt 0.323150 0.251780
vt 0.393280 0.323200
vt 0.391980 0.318240
vt 0.394800 0.316690
vt 0.389530 0.332830
vt 0.510270 0.462780
vt 0.521450 0.462140
vt 0.515260 0.466610
vt 0.519810 0.459020
vt 0.511840 0.456200
vt 0.515430 0.453180
vt 0.532540 0.156250
vt 0.530110 0.147970
vt 0.535030 0.153920
vt 0.519940 0.154710
vt 0.477260 0.233410
vt 0.480950 0.226410
vt 0.487700 0.226940
vt 0.490330 0.237490
vt 0.385620 0.407360
vt 0.381950 0.409000
vt 0.382540 0.403760
vt 0.374040 0.420240
vt 0.368140 0.419490
vt 0.387370 0.219380
vt 0.381850 0.222530
vt 0.378790 0.213600
vt 0.368030 0.215500
vt 0.492230 0.487580
vt 0.494800 0.483710
vt 0.500960 0.485240
vt 0.527510 0.498130
vt 0.520910 0.495140
vt 0.525350 0.491180
vt 0.358550 0.424700
vt 0.356300 0.412910
vt 0.518770 0.188950
vt 0.517250 0.182760
vt 0.530860 0.166470
vt 0.531500 0.171160
vt 0.528450 0.172000
vt 0.346010 0.184390
vt 0.340420 0.190760
vt 0.341610 0.184720
vt 0.329300 0.163050
vt 0.328480 0.175260
vt 0.323450 0.168290
vt 0.526880 0.487520
vt 0.522130 0.486240
vt 0.522320 0.481970
vt 0.529690 0.477780
vt 0.528610 0.485840
vt 0.515090 0.176790
vt 0.511560 0.178060
vt 0.519970 0.160360
vt 0.509810 0.164880
vt 0.512240 0.160080
vt 0.333270 0.176160
vt 0.330280 0.182300
vt 0.329840 0.167230
vt 0.339380 0.156390
vt 0.344090 0.153450
vt 0.339930 0.159210
vt 0.535640 0.504500
vt 0.536770 0.501410
vt 0.551140 0.503270
vt 0.540370 0.507440
vt 0.555080 0.513700
vt 0.638760 0.274580
vt 0.644150 0.281840
vt 0.636290 0.283220
vt 0.652520 0.257810
vt 0.656670 0.247210
vt 0.658900 0.261520
vt 0.548730 0.220980
vt 0.546790 0.225200
vt 0.544150 0.221090
vt 0.565610 0.220320
vt 0.334100 0.179970
vt 0.339340 0.174270
vt 0.337150 0.180560
vt 0.332460 0.163610
vt 0.335970 0.166700
vt 0.334170 0.168620
vt 0.641720 0.431320
vt 0.645260 0.419250
vt 0.655110 0.422800
vt 0.626650 0.442180
vt 0.631300 0.432850
vt 0.634990 0.430870
vt 0.553940 0.278090
vt 0.553920 0.280940
vt 0.551030 0.277700
vt 0.558870 0.284650
vt 0.356920 0.179360
vt 0.350320 0.178800
vt 0.353580 0.164670
vt 0.340340 0.166950
vt 0.338360 0.172170
vt 0.631300 0.241570
vt 0.638820 0.244530
vt 0.627160 0.247890
vt 0.623200 0.202240
vt 0.619260 0.207790
vt 0.617640 0.199690
vt 0.462510 0.340320
vt 0.459660 0.336770
vt 0.465790 0.343640
vt 0.468000 0.340550
vt 0.470770 0.342140
vt 0.433220 0.398490
vt 0.426600 0.403580
vt 0.441520 0.407750
vt 0.448950 0.411430
vt 0.438470 0.413900
vt 0.551870 0.426320
vt 0.551640 0.434120
vt 0.565320 0.417490
vt 0.563120 0.423540
vt 0.560100 0.415150
vt 0.468980 0.193440
vt 0.474440 0.195580
vt 0.469870 0.199850
vt 0.470820 0.189240
vt 0.473680 0.187590
vt 0.473160 0.190930
vt 0.612610 0.244080
vt 0.616860 0.256170
vt 0.616290 0.242730
vt 0.620400 0.242900
vt 0.622220 0.249840
vt 0.534620 0.345270
vt 0.541710 0.342940
vt 0.535810 0.348400
vt 0.535070 0.353880
vt 0.565690 0.388880
vt 0.560640 0.393230
vt 0.564660 0.384880
vt 0.560130 0.408120
vt 0.567440 0.408630
vt 0.335630 0.361290
vt 0.517490 0.323360
vt 0.529750 0.318990
vt 0.528620 0.327740
vt 0.399260 0.163310
vt 0.399650 0.159050
vt 0.388230 0.145710
vt 0.395240 0.149340
vt 0.390680 0.152240
vt 0.701120 0.407130
vt 0.683490 0.398800
vt 0.681970 0.407860
vt 0.678460 0.406940
vt 0.589510 0.449730
vt 0.589550 0.454340
vt 0.581870 0.449670
vt 0.601320 0.445930
vt 0.418170 0.149300
vt 0.414010 0.150920
vt 0.408650 0.155200
vt 0.412700 0.158190
vt 0.453930 0.445860
vt 0.453380 0.450550
vt 0.448540 0.445480
vt 0.470500 0.468210
vt 0.464710 0.468670
vt 0.463280 0.466100
vt 0.670010 0.380240
vt 0.674160 0.377000
vt 0.673490 0.380590
vt 0.660630 0.364330
vt 0.655970 0.362640
vt 0.660110 0.356900
vt 0.599130 0.139680
vt 0.603720 0.136670
vt 0.604710 0.139480
vt 0.592120 0.136330
vt 0.587620 0.141370
vt 0.622590 0.139350
vt 0.616440 0.140160
vt 0.615830 0.133930
vt 0.608180 0.132850
vt 0.609480 0.138570
vt 0.465390 0.459370
vt 0.469800 0.464870
vt 0.464430 0.463010
vt 0.470740 0.457630
vt 0.464400 0.453450
vt 0.467910 0.453260
vt 0.599490 0.469740
vt 0.593770 0.467150
vt 0.596240 0.463700
vt 0.590030 0.458760
vt 0.586710 0.464920
vt 0.683250 0.380820
vt 0.677720 0.383180
vt 0.676980 0.378630
vt 0.602040 0.142160
vt 0.600020 0.143160
vt 0.587600 0.150140
vt 0.590880 0.148540
vt 0.435820 0.380960
vt 0.450260 0.389220
vt 0.454080 0.394960
vt 0.444720 0.391740
vt 0.678710 0.399300
vt 0.673590 0.403930
vt 0.673010 0.399510
vt 0.680380 0.396690
vt 0.672370 0.389960
vt 0.678720 0.388160
vt 0.637550 0.479130
vt 0.624540 0.468620
vt 0.628810 0.464000
vt 0.618330 0.464710
vt 0.616310 0.457680
vt 0.623930 0.457440
vt 0.434570 0.334480
vt 0.429070 0.342360
vt 0.420350 0.344590
vt 0.440290 0.163010
vt 0.441560 0.170860
vt 0.433760 0.172180
vt 0.447860 0.162550
vt 0.452280 0.161740
vt 0.644980 0.468320
vt 0.641240 0.473650
vt 0.646510 0.478440
vt 0.428280 0.357190
vt 0.427970 0.350180
vt 0.430190 0.352520
vt 0.433320 0.366000
vt 0.621950 0.389380
vt 0.625080 0.385750
vt 0.628730 0.388600
vt 0.632070 0.389590
vt 0.641770 0.386250
vt 0.642250 0.394140
vt 0.672640 0.435240
vt 0.669630 0.443500
vt 0.612110 0.328080
vt 0.622570 0.319260
vt 0.621330 0.329730
vt 0.620030 0.302060
vt 0.625150 0.301110
vt 0.622540 0.307030
vt 0.534920 0.115260
vt 0.542390 0.118680
vt 0.533000 0.117030
vt 0.529630 0.106330
vt 0.453260 0.425320
vt 0.447960 0.423770
vt 0.449330 0.420900
vt 0.676160 0.442500
vt 0.671950 0.441390
vt 0.680830 0.437220
vt 0.684910 0.441700
vt 0.679690 0.443840
vt 0.365770 0.165040
vt 0.370560 0.158340
vt 0.371210 0.163750
vt 0.612230 0.384360
vt 0.608560 0.386450
vt 0.611290 0.373990
vt 0.516710 0.098380
vt 0.517350 0.090240
vt 0.523020 0.097950
vt 0.519660 0.102530
vt 0.377130 0.162950
vt 0.377510 0.169570
vt 0.381190 0.161390
vt 0.618500 0.387690
vt 0.620220 0.383050
vt 0.625500 0.381780
vt 0.615700 0.370660
vt 0.553930 0.481120
vt 0.552240 0.476580
vt 0.556180 0.476120
vt 0.558040 0.474010
vt 0.553380 0.472690
vt 0.556100 0.467740
vt 0.483600 0.381790
vt 0.479390 0.383110
vt 0.478470 0.376360
vt 0.465510 0.375520
vt 0.456180 0.364160
vt 0.459340 0.363740
vt 0.651700 0.450380
vt 0.659710 0.456040
vt 0.665160 0.459570
vt 0.459590 0.281410
vt 0.459540 0.273800
vt 0.462540 0.284430
vt 0.481330 0.298520
vt 0.471320 0.288720
vt 0.473640 0.284210
vt 0.475160 0.423950
vt 0.477050 0.428740
vt 0.471950 0.425210
vt 0.456120 0.423820
vt 0.453380 0.418790
vt 0.329310 0.338840
vt 0.333900 0.335270
vt 0.338350 0.340990
vt 0.339080 0.331640
vt 0.480970 0.391990
vt 0.479200 0.395220
vt 0.478510 0.403230
vt 0.474650 0.402040
vt 0.367120 0.322010
vt 0.362620 0.322700
vt 0.361230 0.344520
vt 0.360040 0.335700
vt 0.367340 0.331260
vt 0.537390 0.432140
vt 0.537690 0.422030
vt 0.543210 0.418790
vt 0.542190 0.425010
vt 0.622770 0.126640
vt 0.626560 0.124340
vt 0.629060 0.118060
vt 0.336780 0.316230
vt 0.338730 0.322500
vt 0.333080 0.320620
vt 0.340630 0.306450
vt 0.343130 0.309550
vt 0.339900 0.314900
vt 0.489920 0.410410
vt 0.498590 0.412990
vt 0.496590 0.416930
vt 0.510160 0.405810
vt 0.509840 0.409230
vt 0.533110 0.266310
vt 0.527360 0.262890
vt 0.528710 0.270580
vt 0.528100 0.275290
vt 0.523330 0.273960
vt 0.422590 0.149620
vt 0.430540 0.155460
vt 0.503790 0.479840
vt 0.513570 0.480050
vt 0.513860 0.485170
vt 0.502000 0.477580
vt 0.391330 0.354580
vt 0.381980 0.362900
vt 0.385060 0.354330
vt 0.526760 0.283200
vt 0.528680 0.284170
vt 0.535220 0.273630
vt 0.535170 0.278390
vt 0.531500 0.275800
vt 0.573680 0.361190
vt 0.570460 0.356070
vt 0.576190 0.357960
vt 0.556850 0.352590
vt 0.560340 0.357550
vt 0.557550 0.359880
vt 0.542760 0.278610
vt 0.538990 0.276380
vt 0.541040 0.274530
vt 0.542020 0.288820
vt 0.538110 0.287420
vt 0.543280 0.284890
vt 0.502710 0.407350
vt 0.487100 0.382070
vt 0.492760 0.380640
vt 0.497400 0.391880
vt 0.561040 0.162950
vt 0.554310 0.166400
vt 0.558910 0.160590
vt 0.544460 0.159320
vt 0.550120 0.163340
vt 0.543680 0.164900
vt 0.514100 0.250940
vt 0.508790 0.254770
vt 0.505980 0.247790
vt 0.500560 0.277960
vt 0.497520 0.269960
vt 0.501900 0.269550
vt 0.471230 0.127610
vt 0.477510 0.136140
vt 0.469900 0.134640
vt 0.466950 0.155220
vt 0.470710 0.149840
vt 0.540800 0.370610
vt 0.537900 0.367130
vt 0.542930 0.369930
vt 0.541370 0.356260
vt 0.484910 0.437560
vt 0.479990 0.442130
vt 0.472670 0.435010
vt 0.478620 0.434520
vt 0.498650 0.251010
vt 0.498410 0.257780
vt 0.506190 0.263220
vt 0.500710 0.262940
vt 0.500810 0.258080
vt 0.349500 0.159440
vt 0.352720 0.150200
vt 0.355810 0.151810
vt 0.478590 0.149610
vt 0.472890 0.147190
vt 0.472400 0.142330
vt 0.478560 0.144250
vt 0.645430 0.389790
vt 0.653370 0.398210
vt 0.657040 0.390540
vt 0.485790 0.182990
vt 0.482420 0.181010
vt 0.485050 0.178860
vt 0.483040 0.173660
vt 0.556140 0.497320
vt 0.561620 0.496600
vt 0.554490 0.491920
vt 0.539830 0.493240
vt 0.543520 0.488320
vt 0.322740 0.364520
vt 0.330170 0.356330
vt 0.330510 0.361150
vt 0.508240 0.340350
vt 0.514380 0.341270
vt 0.506480 0.344330
vt 0.524680 0.345150
vt 0.524930 0.349810
vt 0.519880 0.339910
vt 0.561400 0.155170
vt 0.565250 0.150910
vt 0.570150 0.154050
vt 0.548870 0.149670
vt 0.554550 0.150810
vt 0.463020 0.123090
vt 0.472700 0.122290
vt 0.477400 0.110970
vt 0.374090 0.291540
vt 0.370740 0.297150
vt 0.369670 0.292350
vt 0.374270 0.285620
vt 0.377820 0.281760
vt 0.377810 0.286440
vt 0.487820 0.343360
vt 0.492690 0.342740
vt 0.489260 0.348690
vt 0.490930 0.335340
vt 0.486720 0.337290
vt 0.490140 0.330450
vt 0.438030 0.173880
vt 0.439080 0.190800
vt 0.435170 0.199580
vt 0.645670 0.231710
vt 0.645130 0.227020
vt 0.650230 0.238230
vt 0.650590 0.244950
vt 0.646690 0.240650
vt 0.463850 0.429610
vt 0.466560 0.422000
vt 0.468510 0.424620
vt 0.461610 0.426410
vt 0.446140 0.178060
vt 0.445270 0.172730
vt 0.447570 0.165890
vt 0.444820 0.167720
vt 0.671800 0.247320
vt 0.678870 0.244230
vt 0.674070 0.254950
vt 0.683140 0.282500
vt 0.678680 0.270420
vt 0.689410 0.280710
vt 0.324440 0.249700
vt 0.328700 0.250590
vt 0.325010 0.253850
vt 0.331860 0.262390
vt 0.335490 0.257250
vt 0.538780 0.204230
vt 0.544910 0.197760
vt 0.538580 0.208640
vt 0.696540 0.253860
vt 0.701650 0.244850
vt 0.681100 0.257090
vt 0.458120 0.285950
vt 0.464030 0.286970
vt 0.451810 0.289330
vt 0.452630 0.284400
vt 0.507310 0.198170
vt 0.502580 0.203300
vt 0.511640 0.189390
vt 0.488020 0.389750
vt 0.485600 0.378790
vt 0.643410 0.194790
vt 0.643460 0.214990
vt 0.647950 0.210530
vt 0.648350 0.217620
vt 0.364770 0.264590
vt 0.375560 0.240340
vt 0.370970 0.236250
vt 0.373690 0.226980
vt 0.495370 0.201300
vt 0.488550 0.224390
vt 0.487550 0.215260
vt 0.494490 0.218780
vt 0.652860 0.214480
vt 0.649160 0.211990
vt 0.654090 0.232730
vt 0.648770 0.234010
vt 0.650580 0.226280
vt 0.586300 0.462830
vt 0.583330 0.459120
vt 0.585210 0.453020
vt 0.587360 0.086950
vt 0.595700 0.088900
vt 0.581750 0.088110
vt 0.582810 0.085910
vt 0.335600 0.192050
vt 0.341810 0.195710
vt 0.336740 0.199540
vt 0.347770 0.211410
vt 0.350780 0.200040
vt 0.352720 0.210480
vt 0.451400 0.441990
vt 0.443610 0.443410
vt 0.389100 0.293100
vt 0.397010 0.291210
vt 0.398210 0.296950
vt 0.406620 0.316040
vt 0.408800 0.324020
vt 0.628950 0.172390
vt 0.631270 0.165180
vt 0.638280 0.148290
vt 0.639110 0.142560
vt 0.494310 0.079470
vt 0.489650 0.072550
vt 0.496400 0.076040
vt 0.435750 0.434190
vt 0.437840 0.427350
vt 0.432380 0.422370
vt 0.436410 0.420720
vt 0.620660 0.164620
vt 0.626420 0.162420
vt 0.508670 0.075970
vt 0.504140 0.076210
vt 0.504590 0.072090
vt 0.657140 0.424630
vt 0.645950 0.431250
vt 0.675160 0.413760
vt 0.672510 0.422150
vt 0.669760 0.415250
vt 0.542000 0.385440
vt 0.544550 0.386330
vt 0.541710 0.389990
vt 0.537450 0.372350
vt 0.534300 0.371650
vt 0.501800 0.416110
vt 0.502710 0.423250
vt 0.506850 0.429600
vt 0.372760 0.392990
vt 0.368330 0.391320
vt 0.356570 0.370520
vt 0.354710 0.359670
vt 0.362710 0.375360
vt 0.565880 0.276230
vt 0.563660 0.282360
vt 0.563740 0.274770
vt 0.576000 0.287100
vt 0.584200 0.276160
vt 0.582880 0.286950
vt 0.727270 0.275710
vt 0.725080 0.284200
vt 0.736030 0.287370
vt 0.732080 0.297280
vt 0.624130 0.402770
vt 0.629050 0.394910
vt 0.639500 0.396850
vt 0.610160 0.398040
vt 0.613380 0.400050
vt 0.562220 0.119750
vt 0.567700 0.117460
vt 0.555980 0.113380
vt 0.548560 0.118220
vt 0.550950 0.111390
vt 0.591990 0.292050
vt 0.580910 0.299170
vt 0.536960 0.120930
vt 0.555310 0.115070
vt 0.555290 0.119440
vt 0.551450 0.117890
vt 0.689210 0.336970
vt 0.692360 0.328300
vt 0.695270 0.339360
vt 0.681110 0.351460
vt 0.672510 0.347110
vt 0.519020 0.286340
vt 0.518090 0.292310
vt 0.520760 0.291010
vt 0.523530 0.296770
vt 0.474940 0.446540
vt 0.468530 0.440070
vt 0.463900 0.441640
vt 0.667330 0.334550
vt 0.670050 0.340630
vt 0.662760 0.339450
vt 0.663000 0.355340
vt 0.664800 0.359660
vt 0.320340 0.249310
vt 0.327500 0.246730
vt 0.322970 0.245410
vt 0.659900 0.296530
vt 0.669520 0.297890
vt 0.663080 0.304210
vt 0.644790 0.292650
vt 0.363360 0.403710
vt 0.370260 0.403050
vt 0.378230 0.405390
vt 0.447510 0.439640
vt 0.444960 0.431500
vt 0.450370 0.434250
vt 0.459480 0.440730
vt 0.332770 0.326550
vt 0.336250 0.327130
vt 0.572580 0.081440
vt 0.578690 0.075360
vt 0.636890 0.491240
vt 0.633910 0.487800
vt 0.643760 0.485700
vt 0.717090 0.232590
vt 0.713430 0.208570
vt 0.723160 0.223540
vt 0.705120 0.231030
vt 0.694320 0.230090
vt 0.699830 0.219110
vt 0.434280 0.457650
vt 0.435780 0.453070
vt 0.441010 0.454530
vt 0.433940 0.460300
vt 0.427100 0.459010
vt 0.430640 0.456570
vt 0.347430 0.274610
vt 0.351990 0.275160
vt 0.349650 0.282150
vt 0.352670 0.280980
vt 0.350710 0.289510
vt 0.348410 0.287190
vt 0.725260 0.335270
vt 0.725170 0.324910
vt 0.729450 0.337790
vt 0.698820 0.334090
vt 0.511080 0.173980
vt 0.508630 0.179680
vt 0.628140 0.449090
vt 0.634180 0.442450
vt 0.532780 0.317440
vt 0.535880 0.321090
vt 0.531730 0.320360
vt 0.514840 0.166790
vt 0.522230 0.173470
vt 0.518400 0.172170
vt 0.521010 0.166990
vt 0.653990 0.430230
vt 0.650000 0.434330
vt 0.647590 0.451140
vt 0.550070 0.317680
vt 0.544970 0.319020
vt 0.547720 0.308960
vt 0.487400 0.313460
vt 0.485200 0.316070
vt 0.484660 0.312800
vt 0.516860 0.244350
vt 0.526460 0.257480
vt 0.641760 0.480600
vt 0.648260 0.482080
vt 0.627290 0.094240
vt 0.618080 0.093670
vt 0.638960 0.097320
vt 0.641560 0.101770
vt 0.635820 0.098800
vt 0.566790 0.156780
vt 0.493010 0.308090
vt 0.490110 0.311660
vt 0.490100 0.305760
vt 0.497030 0.310360
vt 0.548200 0.362750
vt 0.555190 0.364380
vt 0.549740 0.365680
vt 0.541690 0.364550
vt 0.669810 0.100930
vt 0.668480 0.097200
vt 0.675220 0.095790
vt 0.400300 0.366170
vt 0.400620 0.375630
vt 0.395010 0.367300
vt 0.410360 0.366320
vt 0.460380 0.171440
vt 0.453820 0.171420
vt 0.473310 0.177760
vt 0.467330 0.179430
vt 0.649400 0.248050
vt 0.643850 0.252230
vt 0.644450 0.269840
vt 0.647960 0.270270
vt 0.647760 0.274820
vt 0.582280 0.196650
vt 0.585070 0.192660
vt 0.577380 0.193210
vt 0.584210 0.187720
vt 0.717700 0.391530
vt 0.718530 0.401910
vt 0.714290 0.400460
vt 0.473060 0.180620
vt 0.598730 0.236470
vt 0.596900 0.234160
vt 0.592350 0.245400
vt 0.589130 0.230930
vt 0.608720 0.155040
vt 0.607050 0.149990
vt 0.612010 0.147560
vt 0.346860 0.230380
vt 0.346460 0.224660
vt 0.351110 0.222670
vt 0.355880 0.229620
vt 0.542880 0.327480
vt 0.544470 0.326120
vt 0.545350 0.328900
vt 0.437820 0.147950
vt 0.443380 0.152670
vt 0.435610 0.151250
vt 0.458190 0.146810
vt 0.457580 0.153890
vt 0.388580 0.400600
vt 0.381900 0.399110
vt 0.397170 0.404940
vt 0.396110 0.399410
vt 0.401470 0.404240
vt 0.545800 0.367350
vt 0.544210 0.363350
vt 0.547860 0.370790
vt 0.550860 0.182410
vt 0.546910 0.179090
vt 0.550040 0.173120
vt 0.544070 0.173520
vt 0.463660 0.419090
vt 0.458450 0.425070
vt 0.458650 0.416680
vt 0.458920 0.399390
vt 0.473460 0.403980
vt 0.470340 0.405310
vt 0.545060 0.324430
vt 0.543720 0.322420
vt 0.344070 0.181800
vt 0.345010 0.176690
vt 0.347430 0.179620
vt 0.348580 0.170480
vt 0.348690 0.176320
vt 0.346250 0.170990
vt 0.420240 0.498110
vt 0.436100 0.507940
vt 0.418770 0.503430
vt 0.430830 0.496610
vt 0.442000 0.500250
vt 0.509060 0.263230
vt 0.515860 0.267620
vt 0.508710 0.273130
vt 0.517370 0.282610
vt 0.517540 0.279610
vt 0.520820 0.281120
vt 0.437130 0.403500
vt 0.441190 0.397320
vt 0.420330 0.133520
vt 0.429420 0.133660
vt 0.446590 0.144940
vt 0.454580 0.142640
vt 0.445620 0.150410
vt 0.401390 0.459170
vt 0.417480 0.455290
vt 0.417440 0.462410
vt 0.414530 0.460250
vt 0.663410 0.276570
vt 0.665440 0.268730
vt 0.668720 0.271180
vt 0.660680 0.255840
vt 0.659740 0.251040
vt 0.666010 0.250720
vt 0.501540 0.290440
vt 0.489670 0.288400
vt 0.494210 0.141210
vt 0.499030 0.141260
vt 0.494970 0.145290
vt 0.488880 0.144540
vt 0.485080 0.144540
vt 0.488610 0.141810
vt 0.637890 0.205790
vt 0.628900 0.205280
vt 0.631620 0.208790
vt 0.624920 0.209480
vt 0.468510 0.284980
vt 0.459650 0.266210
vt 0.488790 0.149950
vt 0.491410 0.144360
vt 0.491710 0.149360
vt 0.478810 0.168850
vt 0.401920 0.128590
vt 0.407880 0.133370
vt 0.401300 0.135360
vt 0.403470 0.116670
vt 0.483300 0.393120
vt 0.493700 0.403870
vt 0.498820 0.401590
vt 0.499480 0.409890
vt 0.663080 0.244010
vt 0.670500 0.259940
vt 0.443610 0.356970
vt 0.448820 0.363310
vt 0.571930 0.444980
vt 0.567030 0.447130
vt 0.563490 0.444120
vt 0.579240 0.438900
vt 0.573210 0.441810
vt 0.413290 0.125800
vt 0.420460 0.127680
vt 0.424820 0.129330
vt 0.659330 0.461330
vt 0.654250 0.460150
vt 0.654290 0.454320
vt 0.654880 0.468810
vt 0.660330 0.467730
vt 0.661520 0.473580
vt 0.652760 0.219690
vt 0.657850 0.217250
vt 0.655960 0.222240
vt 0.663910 0.215260
vt 0.660100 0.224410
vt 0.701560 0.298390
vt 0.702570 0.304200
vt 0.508160 0.375230
vt 0.508930 0.371150
vt 0.512950 0.371570
vt 0.343980 0.224530
vt 0.343730 0.231310
vt 0.349360 0.218910
vt 0.467950 0.098220
vt 0.476150 0.100760
vt 0.455770 0.108180
vt 0.446600 0.095120
vt 0.675110 0.181570
vt 0.683360 0.186520
vt 0.671480 0.186300
vt 0.663120 0.203260
vt 0.669470 0.209840
vt 0.484650 0.348780
vt 0.482020 0.357600
vt 0.488380 0.364390
vt 0.480040 0.362550
vt 0.331830 0.206690
vt 0.335590 0.204520
vt 0.337060 0.209060
vt 0.343190 0.219020
vt 0.343490 0.212000
vt 0.346050 0.216100
vt 0.554950 0.080930
vt 0.556040 0.090790
vt 0.551940 0.085360
vt 0.543660 0.089940
vt 0.539460 0.093720
vt 0.514170 0.195980
vt 0.512800 0.203320
vt 0.517730 0.203440
vt 0.547600 0.072960
vt 0.334420 0.266120
vt 0.337670 0.266150
vt 0.341840 0.253250
vt 0.345010 0.243890
vt 0.647820 0.407250
vt 0.651160 0.411520
vt 0.554690 0.339250
vt 0.561350 0.338830
vt 0.558740 0.342860
vt 0.549010 0.327800
vt 0.556040 0.328510
vt 0.549590 0.331930
vt 0.654930 0.135890
vt 0.648980 0.135590
vt 0.649650 0.132430
vt 0.634390 0.135770
vt 0.642840 0.133690
vt 0.415320 0.314830
vt 0.409080 0.303730
vt 0.405520 0.302380
vt 0.410560 0.301040
vt 0.535520 0.382580
vt 0.530180 0.380930
vt 0.538610 0.376430
vt 0.545040 0.393180
vt 0.539690 0.395230
vt 0.538540 0.390840
vt 0.533310 0.309600
vt 0.532990 0.306420
vt 0.538210 0.309430
vt 0.528930 0.309240
vt 0.530810 0.304640
vt 0.466080 0.412160
vt 0.481050 0.417340
vt 0.478750 0.410810
vt 0.531690 0.389260
vt 0.536930 0.386820
vt 0.534180 0.393930
vt 0.531320 0.395510
vt 0.525410 0.398440
vt 0.526260 0.390870
vt 0.420560 0.237600
vt 0.418030 0.265650
vt 0.416350 0.246030
vt 0.409260 0.259350
vt 0.407790 0.253380
vt 0.411580 0.255560
vt 0.571460 0.404420
vt 0.567370 0.402670
vt 0.572940 0.401290
vt 0.561170 0.404880
vt 0.565080 0.399860
vt 0.380740 0.135830
vt 0.365150 0.134470
vt 0.371840 0.141090
vt 0.364930 0.140120
vt 0.558780 0.402190
vt 0.556480 0.397040
vt 0.566940 0.395880
vt 0.553180 0.402830
vt 0.377760 0.133850
vt 0.374860 0.140270
vt 0.374960 0.130680
vt 0.390330 0.139200
vt 0.398240 0.145170
vt 0.515040 0.353600
vt 0.450090 0.245070
vt 0.445560 0.234080
vt 0.447710 0.252710
vt 0.445320 0.251010
vt 0.455050 0.246780
vt 0.529010 0.365290
vt 0.532440 0.364780
vt 0.528360 0.357470
vt 0.524150 0.358280
vt 0.525330 0.354350
vt 0.534670 0.473000
vt 0.539990 0.478100
vt 0.533230 0.476440
vt 0.538490 0.480820
vt 0.409940 0.204770
vt 0.414190 0.197110
vt 0.423940 0.207240
vt 0.340360 0.151440
vt 0.531350 0.359480
vt 0.528780 0.359870
vt 0.537340 0.360910
vt 0.533400 0.360620
vt 0.537110 0.358730
vt 0.613160 0.124490
vt 0.609310 0.122550
vt 0.360380 0.131650
vt 0.362430 0.139740
vt 0.358710 0.135930
vt 0.346610 0.139530
vt 0.353270 0.138700
vt 0.354230 0.145560
vt 0.547460 0.293010
vt 0.539160 0.290820
vt 0.520530 0.331100
vt 0.522320 0.325790
vt 0.526270 0.330840
vt 0.534390 0.338900
vt 0.533820 0.342650
vt 0.528470 0.337000
vt 0.533230 0.165480
vt 0.538010 0.165370
vt 0.536390 0.169410
vt 0.542560 0.182720
vt 0.538540 0.172640
vt 0.614080 0.099710
vt 0.621960 0.096040
vt 0.613320 0.093290
vt 0.491540 0.492210
vt 0.468930 0.483460
vt 0.461070 0.483200
vt 0.467800 0.476970
vt 0.383140 0.317670
vt 0.372340 0.313580
vt 0.374470 0.320760
vt 0.508520 0.160130
vt 0.509230 0.157300
vt 0.506080 0.151200
vt 0.510540 0.153570
vt 0.665540 0.463040
vt 0.662530 0.460690
vt 0.664170 0.469990
vt 0.447900 0.495180
vt 0.455300 0.493770
vt 0.457940 0.491920
vt 0.463910 0.490120
vt 0.373190 0.302490
vt 0.375820 0.293670
vt 0.378280 0.299270
vt 0.377750 0.307900
vt 0.377990 0.312570
vt 0.639490 0.330760
vt 0.636660 0.336840
vt 0.628630 0.321260
vt 0.627490 0.323880
vt 0.566630 0.515020
vt 0.560330 0.515930
vt 0.564210 0.513110
vt 0.571760 0.512850
vt 0.574070 0.516240
vt 0.513980 0.126250
vt 0.516080 0.133750
vt 0.502670 0.138790
vt 0.364070 0.127720
vt 0.372220 0.124650
vt 0.367330 0.129570
vt 0.382900 0.309900
vt 0.381240 0.314240
vt 0.386390 0.302660
vt 0.543660 0.444800
vt 0.508670 0.440220
vt 0.515250 0.442580
vt 0.618470 0.289060
vt 0.614540 0.296040
vt 0.609820 0.273700
vt 0.568280 0.511850
vt 0.566570 0.497040
vt 0.571880 0.502080
vt 0.381810 0.279710
vt 0.384100 0.287260
vt 0.383400 0.296770
vt 0.509580 0.131970
vt 0.513910 0.137400
vt 0.507690 0.140220
vt 0.508370 0.147580
vt 0.516170 0.146970
vt 0.656180 0.110020
vt 0.659290 0.109700
vt 0.661410 0.111820
vt 0.667150 0.105140
vt 0.663420 0.104300
vt 0.666840 0.100050
vt 0.528690 0.407540
vt 0.511500 0.381690
vt 0.557800 0.289620
vt 0.562640 0.288280
vt 0.560300 0.276690
vt 0.663770 0.107930
vt 0.671240 0.109800
vt 0.672820 0.117940
vt 0.667200 0.116640
vt 0.506690 0.377270
vt 0.500320 0.378080
vt 0.502250 0.375190
vt 0.515140 0.446240
vt 0.509230 0.444880
vt 0.506700 0.437560
vt 0.616870 0.375590
vt 0.627000 0.368190
vt 0.624320 0.375670
vt 0.633390 0.375940
vt 0.629750 0.367240
vt 0.635230 0.368730
vt 0.569930 0.271240
vt 0.574980 0.271570
vt 0.570970 0.282710
vt 0.515820 0.239240
vt 0.520440 0.213440
vt 0.515630 0.219930
vt 0.605960 0.334340
vt 0.601400 0.347860
vt 0.604600 0.356910
vt 0.599430 0.358280
vt 0.428750 0.308180
vt 0.427250 0.310350
vt 0.421140 0.318790
vt 0.406340 0.354550
vt 0.411560 0.353470
vt 0.401460 0.346820
vt 0.400460 0.342390
vt 0.613470 0.354160
vt 0.605950 0.346100
vt 0.610680 0.343720
vt 0.616200 0.348240
vt 0.618430 0.354620
vt 0.483240 0.426800
vt 0.489570 0.430910
vt 0.491910 0.427410
vt 0.390580 0.440060
vt 0.395850 0.448190
vt 0.398680 0.438970
vt 0.402800 0.442140
vt 0.483030 0.430170
vt 0.486540 0.430900
vt 0.486590 0.434770
vt 0.490170 0.437100
vt 0.331000 0.202550
vt 0.331500 0.199070
vt 0.329080 0.189170
vt 0.324750 0.179790
vt 0.506090 0.227500
vt 0.499010 0.220480
vt 0.505070 0.221190
vt 0.514300 0.225420
vt 0.508670 0.223450
vt 0.626100 0.222420
vt 0.632150 0.224850
vt 0.631570 0.231290
vt 0.621040 0.227530
vt 0.619450 0.221340
vt 0.626910 0.214080
vt 0.406680 0.348250
vt 0.412040 0.346460
vt 0.416270 0.346000
vt 0.415400 0.341530
vt 0.504530 0.351370
vt 0.502140 0.346400
vt 0.507390 0.348930
vt 0.490130 0.355180
vt 0.491060 0.360080
vt 0.459600 0.394510
vt 0.462130 0.392110
vt 0.456310 0.389680
vt 0.616830 0.128020
vt 0.480630 0.326540
vt 0.478900 0.327130
vt 0.476620 0.325830
vt 0.475900 0.318000
vt 0.480250 0.322410
vt 0.450860 0.387250
vt 0.449350 0.383380
vt 0.476930 0.337290
vt 0.477790 0.332370
vt 0.478810 0.343200
vt 0.476790 0.340940
vt 0.479580 0.338840
vt 0.456040 0.249080
vt 0.456100 0.259480
vt 0.452000 0.252490
vt 0.448370 0.262160
vt 0.608400 0.294250
vt 0.611370 0.287750
vt 0.606680 0.288900
vt 0.600540 0.292890
vt 0.454500 0.342350
vt 0.452490 0.348090
vt 0.459200 0.341060
vt 0.685480 0.386460
vt 0.696160 0.381170
vt 0.681670 0.391900
vt 0.682240 0.386620
vt 0.599270 0.123470
vt 0.595950 0.122440
vt 0.598520 0.119840
vt 0.598530 0.128990
vt 0.597360 0.137230
vt 0.595660 0.132590
vt 0.453130 0.335950
vt 0.455690 0.334500
vt 0.456380 0.339390
vt 0.440130 0.321870
vt 0.444360 0.312770
vt 0.449240 0.317950
vt 0.325590 0.152280
vt 0.322860 0.156900
vt 0.320510 0.153730
vt 0.592940 0.146480
vt 0.588920 0.143810
vt 0.592130 0.141970
vt 0.592530 0.140290
vt 0.533650 0.202340
vt 0.541510 0.195440
vt 0.526570 0.200720
vt 0.530600 0.204090
vt 0.346060 0.192230
vt 0.583180 0.377600
vt 0.578480 0.369210
vt 0.593230 0.384460
vt 0.596660 0.380260
vt 0.524610 0.208260
vt 0.522480 0.203470
vt 0.371180 0.269930
vt 0.365350 0.275790
vt 0.368480 0.267900
vt 0.371060 0.254120
vt 0.373680 0.264650
vt 0.367310 0.265700
vt 0.445800 0.325850
vt 0.437330 0.336540
vt 0.440970 0.329620
vt 0.443260 0.332250
vt 0.507920 0.508430
vt 0.520810 0.500170
vt 0.519350 0.505030
vt 0.522900 0.512480
vt 0.623360 0.194850
vt 0.619860 0.192250
vt 0.622800 0.199310
vt 0.620650 0.196090
vt 0.554960 0.371840
vt 0.557650 0.369310
vt 0.565480 0.371020
vt 0.567670 0.365550
vt 0.573090 0.367480
vt 0.425990 0.339980
vt 0.424390 0.357020
vt 0.427800 0.333440
vt 0.484720 0.473830
vt 0.475460 0.473860
vt 0.474910 0.471250
vt 0.476760 0.476340
vt 0.454900 0.359130
vt 0.461410 0.358710
vt 0.476850 0.360990
vt 0.510980 0.310400
vt 0.504250 0.311170
vt 0.502450 0.310480
vt 0.497670 0.306320
vt 0.550070 0.353210
vt 0.553040 0.359350
vt 0.539590 0.360150
vt 0.538140 0.356710
vt 0.730770 0.274170
vt 0.530490 0.493330
vt 0.534200 0.488940
vt 0.537580 0.484690
vt 0.422440 0.460450
vt 0.491240 0.460110
vt 0.483710 0.458830
vt 0.492340 0.456930
vt 0.490200 0.467660
vt 0.481670 0.467180
vt 0.407650 0.492160
vt 0.404840 0.494890
vt 0.406810 0.484350
vt 0.417890 0.499210
vt 0.412310 0.503570
vt 0.412100 0.499930
vt 0.328830 0.235680
vt 0.329200 0.231400
vt 0.331070 0.233280
vt 0.336090 0.232450
vt 0.493990 0.456930
vt 0.496210 0.452370
vt 0.500040 0.455460
vt 0.497070 0.459830
vt 0.457780 0.210210
vt 0.469500 0.212790
vt 0.477320 0.218430
vt 0.475260 0.228360
vt 0.329770 0.237170
vt 0.331650 0.237890
vt 0.335920 0.244860
vt 0.642080 0.107810
vt 0.639520 0.102030
vt 0.644010 0.105040
vt 0.649560 0.111960
vt 0.408570 0.503000
vt 0.509750 0.097570
vt 0.505220 0.091990
vt 0.511550 0.090500
vt 0.502110 0.097760
vt 0.330750 0.245030
vt 0.327680 0.244350
vt 0.331660 0.241280
vt 0.691740 0.222060
vt 0.702420 0.206320
vt 0.432290 0.431320
vt 0.431730 0.425280
vt 0.420850 0.437020
vt 0.535890 0.157400
vt 0.531590 0.163180
vt 0.533260 0.160600
vt 0.437010 0.416260
vt 0.431790 0.413510
vt 0.434650 0.410100
vt 0.431500 0.416720
vt 0.346460 0.268540
vt 0.346540 0.258370
vt 0.351220 0.263170
vt 0.343560 0.266820
vt 0.338540 0.262060
vt 0.343770 0.261400
vt 0.426960 0.420610
vt 0.426110 0.414710
vt 0.562530 0.483740
vt 0.559070 0.478680
vt 0.571930 0.480340
vt 0.552070 0.128820
vt 0.557330 0.126350
vt 0.558170 0.137150
vt 0.542870 0.125110
vt 0.545650 0.128160
vt 0.541310 0.128610
vt 0.565560 0.488230
vt 0.557500 0.488120
vt 0.413900 0.394690
vt 0.413530 0.398280
vt 0.586950 0.211630
vt 0.578570 0.213730
vt 0.577550 0.208100
vt 0.579100 0.217140
vt 0.589560 0.216850
vt 0.643670 0.198510
vt 0.647360 0.198030
vt 0.646070 0.201590
vt 0.643770 0.204000
vt 0.609700 0.190740
vt 0.606720 0.183990
vt 0.604290 0.189340
vt 0.601290 0.185500
vt 0.590950 0.334860
vt 0.595950 0.330940
vt 0.597800 0.338720
vt 0.601780 0.306350
vt 0.519110 0.357020
vt 0.518160 0.354730
vt 0.518590 0.347080
vt 0.604660 0.160230
vt 0.655310 0.482730
vt 0.655350 0.488590
vt 0.650800 0.485450
vt 0.385070 0.139930
vt 0.378550 0.145030
vt 0.399840 0.123120
vt 0.386460 0.136880
vt 0.584670 0.173980
vt 0.593760 0.174390
vt 0.595760 0.186430
vt 0.416930 0.129640
vt 0.415200 0.141540
vt 0.415220 0.130020
vt 0.407530 0.131270
vt 0.411390 0.127690
vt 0.586260 0.473390
vt 0.483880 0.134310
vt 0.478320 0.129150
vt 0.483700 0.139600
vt 0.488910 0.135460
vt 0.605670 0.503720
vt 0.598030 0.501250
vt 0.613420 0.490330
vt 0.618130 0.497670
vt 0.615250 0.503730
vt 0.610080 0.502670
vt 0.364120 0.358050
vt 0.382030 0.340790
vt 0.389290 0.364170
vt 0.388330 0.354970
vt 0.474490 0.407490
vt 0.546270 0.193440
vt 0.550870 0.190430
vt 0.561080 0.187470
vt 0.659340 0.304620
vt 0.656840 0.293910
vt 0.658580 0.091080
vt 0.663730 0.093890
vt 0.654330 0.095240
vt 0.660030 0.099620
vt 0.655380 0.096630
vt 0.570240 0.439120
vt 0.567360 0.442340
vt 0.564660 0.437700
vt 0.558680 0.431030
vt 0.558060 0.422450
vt 0.623930 0.395840
vt 0.616770 0.395160
vt 0.622090 0.394120
vt 0.538990 0.514940
vt 0.555980 0.521460
vt 0.542980 0.519560
vt 0.614510 0.316040
vt 0.614080 0.320390
vt 0.452840 0.296790
vt 0.447260 0.298450
vt 0.447170 0.293620
vt 0.433570 0.301710
vt 0.512320 0.333100
vt 0.507250 0.334310
vt 0.505590 0.329150
vt 0.505930 0.325570
vt 0.509620 0.323880
vt 0.414860 0.381630
vt 0.422790 0.364590
vt 0.424090 0.376670
vt 0.630690 0.285010
vt 0.620550 0.283140
vt 0.628130 0.292690
vt 0.555940 0.389920
vt 0.549650 0.398280
vt 0.550040 0.394000
vt 0.552150 0.399310
vt 0.456380 0.297710
vt 0.459600 0.295550
vt 0.462000 0.299960
vt 0.527640 0.342600
vt 0.524090 0.339790
vt 0.526500 0.337780
vt 0.528610 0.347940
vt 0.395380 0.307350
vt 0.401030 0.307200
vt 0.403690 0.303780
vt 0.405770 0.310150
vt 0.655650 0.279590
vt 0.652180 0.271340
vt 0.651540 0.295650
vt 0.651160 0.286190
vt 0.654170 0.288890
vt 0.532540 0.406030
vt 0.531590 0.401240
vt 0.534360 0.398240
vt 0.527120 0.404960
vt 0.401370 0.477240
vt 0.406790 0.477420
vt 0.405860 0.480970
vt 0.423060 0.479780
vt 0.417560 0.482560
vt 0.485460 0.221730
vt 0.482640 0.213450
vt 0.670600 0.266730
vt 0.676500 0.268810
vt 0.670750 0.273390
vt 0.675600 0.275850
vt 0.676550 0.283010
vt 0.668050 0.279470
vt 0.519200 0.372910
vt 0.522660 0.376100
vt 0.523800 0.382860
vt 0.526450 0.388490
vt 0.667750 0.351850
vt 0.673200 0.353610
vt 0.670850 0.357820
vt 0.665030 0.353520
vt 0.669200 0.360340
vt 0.665800 0.364880
vt 0.435350 0.182210
vt 0.450050 0.181650
vt 0.461720 0.448300
vt 0.458700 0.451740
vt 0.727550 0.319110
vt 0.731510 0.316310
vt 0.732940 0.327220
vt 0.509740 0.426000
vt 0.512310 0.432820
vt 0.494570 0.122610
vt 0.502870 0.123160
vt 0.674780 0.198040
vt 0.673860 0.212040
vt 0.668150 0.197010
vt 0.678540 0.214530
vt 0.679100 0.208330
vt 0.478350 0.098180
vt 0.486020 0.097390
vt 0.483130 0.107550
vt 0.462170 0.332640
vt 0.469070 0.324320
vt 0.465660 0.324760
vt 0.467360 0.320380
vt 0.568850 0.419630
vt 0.565610 0.421530
vt 0.574270 0.410860
vt 0.571880 0.414560
vt 0.569410 0.414040
vt 0.354770 0.325650
vt 0.347680 0.330060
vt 0.346610 0.326090
vt 0.601690 0.400460
vt 0.595540 0.402180
vt 0.602020 0.396210
vt 0.583730 0.406730
vt 0.579330 0.397460
vt 0.489460 0.461770
vt 0.493650 0.467440
vt 0.483800 0.461280
vt 0.494480 0.464860
vt 0.459710 0.329580
vt 0.462510 0.322820
vt 0.456870 0.329660
vt 0.460500 0.322020
vt 0.684690 0.126850
vt 0.678840 0.123140
vt 0.684450 0.120050
vt 0.359550 0.231690
vt 0.354170 0.131380
vt 0.592040 0.406540
vt 0.588380 0.404570
vt 0.320200 0.293400
vt 0.435170 0.360010
vt 0.433900 0.348720
vt 0.429660 0.346880
vt 0.434180 0.341790
vt 0.559520 0.078970
vt 0.565290 0.085330
vt 0.562390 0.091050
vt 0.453990 0.192080
vt 0.453950 0.182790
vt 0.460670 0.183370
vt 0.465400 0.183430
vt 0.471150 0.183330
vt 0.468440 0.187120
vt 0.692210 0.236030
vt 0.691700 0.259000
vt 0.684140 0.244070
vt 0.679210 0.227750
vt 0.682580 0.232580
vt 0.675630 0.231600
vt 0.366790 0.144820
vt 0.368320 0.147350
vt 0.358470 0.146580
vt 0.523790 0.106130
vt 0.433780 0.209630
vt 0.441850 0.199750
vt 0.443180 0.218960
vt 0.438580 0.225990
vt 0.442310 0.237420
vt 0.666650 0.244260
vt 0.679800 0.235000
vt 0.673020 0.237230
vt 0.674500 0.362590
vt 0.677960 0.359020
vt 0.673790 0.374200
vt 0.671600 0.365650
vt 0.626110 0.199150
vt 0.625350 0.193420
vt 0.437280 0.238660
vt 0.441810 0.241290
vt 0.666170 0.236480
vt 0.670770 0.226680
vt 0.674760 0.229110
vt 0.670230 0.230490
vt 0.322570 0.161240
vt 0.388970 0.287190
vt 0.426010 0.230860
vt 0.424750 0.241170
vt 0.420040 0.229650
vt 0.414410 0.236670
vt 0.677300 0.323340
vt 0.681440 0.338230
vt 0.670350 0.322230
vt 0.676040 0.314560
vt 0.554020 0.121590
vt 0.559080 0.118830
vt 0.552760 0.123160
vt 0.580560 0.504720
vt 0.589870 0.496030
vt 0.569320 0.110250
vt 0.565380 0.113350
vt 0.557430 0.115480
vt 0.603810 0.468960
vt 0.608830 0.459380
vt 0.612080 0.466580
vt 0.621950 0.472460
vt 0.619790 0.475630
vt 0.613770 0.470430
vt 0.336460 0.216440
vt 0.340890 0.217560
vt 0.371080 0.181060
vt 0.375900 0.176150
vt 0.380870 0.179260
vt 0.376240 0.181250
vt 0.368480 0.188140
vt 0.362580 0.194200
vt 0.360130 0.200520
vt 0.506480 0.208450
vt 0.503320 0.213230
vt 0.499460 0.208900
vt 0.494390 0.210140
vt 0.580950 0.099580
vt 0.589020 0.101610
vt 0.586310 0.105780
vt 0.612190 0.447440
vt 0.585620 0.095480
vt 0.586840 0.098670
vt 0.629970 0.235900
vt 0.619550 0.239380
vt 0.625850 0.226530
vt 0.414740 0.270570
vt 0.414780 0.260230
vt 0.475810 0.163510
vt 0.482480 0.160520
vt 0.479260 0.163370
vt 0.546810 0.112990
vt 0.361800 0.386480
vt 0.359890 0.390660
vt 0.357720 0.384900
vt 0.416940 0.282830
vt 0.408120 0.271000
vt 0.479290 0.155550
vt 0.482500 0.154990
vt 0.483490 0.157950
vt 0.596000 0.104900
vt 0.592920 0.108320
vt 0.606520 0.105620
vt 0.323510 0.349620
vt 0.326620 0.344090
vt 0.326690 0.351100
vt 0.334710 0.347500
vt 0.328860 0.346340
vt 0.551510 0.105720
vt 0.567390 0.103030
vt 0.602730 0.121140
vt 0.601050 0.112940
vt 0.597100 0.110230
vt 0.597640 0.107450
vt 0.433170 0.168460
vt 0.433400 0.161320
vt 0.436260 0.153990
vt 0.440010 0.156640
vt 0.546930 0.283120
vt 0.545800 0.277910
vt 0.611160 0.100260
vt 0.609510 0.102470
vt 0.670710 0.447950
vt 0.667050 0.453180
vt 0.664920 0.450280
vt 0.663430 0.456450
vt 0.355720 0.395960
vt 0.632480 0.124440
vt 0.629230 0.121150
vt 0.631640 0.118740
vt 0.634900 0.118340
vt 0.386210 0.323700
vt 0.388400 0.323000
vt 0.554200 0.158160
vt 0.546770 0.157720
vt 0.402380 0.378170
vt 0.393630 0.386230
vt 0.411450 0.369230
vt 0.408560 0.379640
vt 0.552160 0.269860
vt 0.553970 0.266100
vt 0.548240 0.262860
vt 0.556010 0.263980
vt 0.459780 0.514640
vt 0.455270 0.517990
vt 0.458440 0.509680
vt 0.480750 0.262640
vt 0.486680 0.257980
vt 0.491620 0.264790
vt 0.496030 0.262290
vt 0.396910 0.388270
vt 0.402950 0.383040
vt 0.385060 0.392370
vt 0.550200 0.233810
vt 0.560790 0.220860
vt 0.560390 0.214530
vt 0.679360 0.284030
vt 0.677510 0.275260
vt 0.668450 0.305140
vt 0.673340 0.302380
vt 0.674200 0.308680
vt 0.544480 0.312150
vt 0.542130 0.308750
vt 0.540920 0.311770
vt 0.556980 0.222990
vt 0.629500 0.309890
vt 0.628510 0.301850
vt 0.631100 0.300290
vt 0.635740 0.317150
vt 0.642820 0.315910
vt 0.636000 0.321540
vt 0.676220 0.292940
vt 0.682100 0.301160
vt 0.675720 0.298620
vt 0.679690 0.297700
vt 0.445160 0.385540
vt 0.436720 0.384230
vt 0.437810 0.382570
vt 0.695480 0.164410
vt 0.699100 0.143580
vt 0.704580 0.157170
vt 0.678530 0.303940
vt 0.683650 0.300090
vt 0.689550 0.307240
vt 0.616800 0.430650
vt 0.614780 0.429940
vt 0.611720 0.425880
vt 0.618900 0.426100
vt 0.386870 0.179380
vt 0.386850 0.164750
vt 0.389600 0.161540
vt 0.389740 0.169550
vt 0.522350 0.086800
vt 0.520840 0.092570
vt 0.527860 0.084880
vt 0.524710 0.085890
vt 0.633090 0.203850
vt 0.634680 0.210210
vt 0.631120 0.216840
vt 0.521300 0.083350
vt 0.514940 0.071010
vt 0.513090 0.075180
vt 0.510370 0.071550
vt 0.414980 0.180790
vt 0.410490 0.192380
vt 0.638980 0.215660
vt 0.645530 0.220770
vt 0.639410 0.222360
vt 0.635860 0.218220
vt 0.334060 0.304790
vt 0.329890 0.306910
vt 0.333110 0.299450
vt 0.337280 0.304570
vt 0.469760 0.437390
vt 0.476190 0.443460
vt 0.470660 0.441700
vt 0.660560 0.245850
vt 0.660430 0.236430
vt 0.653610 0.243910
vt 0.334010 0.242070
vt 0.331350 0.255320
vt 0.327610 0.258580
vt 0.573700 0.125650
vt 0.586300 0.129170
vt 0.656700 0.126530
vt 0.650880 0.130550
vt 0.647520 0.126430
vt 0.434390 0.134990
vt 0.439470 0.139060
vt 0.434990 0.141960
vt 0.530110 0.465990
vt 0.519250 0.466850
vt 0.507240 0.282010
vt 0.508990 0.286300
vt 0.503410 0.285130
vt 0.681540 0.458140
vt 0.681730 0.465760
vt 0.687250 0.460160
vt 0.686180 0.465220
vt 0.648840 0.362180
vt 0.651270 0.365510
vt 0.644810 0.371180
vt 0.654040 0.358400
vt 0.613810 0.158580
vt 0.616720 0.153070
vt 0.624110 0.167590
vt 0.548690 0.494560
vt 0.553090 0.495820
vt 0.547530 0.501120
vt 0.538980 0.496090
vt 0.342320 0.317430
vt 0.347950 0.312570
vt 0.348430 0.307760
vt 0.353740 0.307230
vt 0.449080 0.138400
vt 0.449460 0.142240
vt 0.444310 0.141130
vt 0.553680 0.501190
vt 0.407400 0.470020
vt 0.401640 0.472650
vt 0.405160 0.466110
vt 0.439740 0.144780
vt 0.521700 0.270030
vt 0.518900 0.272440
vt 0.370370 0.301100
vt 0.365590 0.303870
vt 0.366640 0.295700
vt 0.354500 0.301750
vt 0.434190 0.215230
vt 0.595820 0.424700
vt 0.494110 0.394910
vt 0.491270 0.395200
vt 0.485510 0.397240
vt 0.485860 0.391680
vt 0.492440 0.152500
vt 0.486250 0.157360
vt 0.485840 0.152350
vt 0.506110 0.424640
vt 0.509050 0.420020
vt 0.504040 0.410830
vt 0.593160 0.221220
vt 0.596230 0.210410
vt 0.473210 0.463650
vt 0.402760 0.435060
vt 0.397220 0.420360
vt 0.401170 0.422760
vt 0.322240 0.366740
vt 0.329860 0.363490
vt 0.326460 0.367980
vt 0.608390 0.232070
vt 0.617050 0.230780
vt 0.616390 0.224080
vt 0.362150 0.154890
vt 0.363420 0.151220
vt 0.516860 0.145250
vt 0.517980 0.132340
vt 0.523210 0.134260
vt 0.488680 0.317760
vt 0.490310 0.319090
vt 0.491740 0.315180
vt 0.494770 0.321190
vt 0.537150 0.298130
vt 0.533630 0.295120
vt 0.366890 0.158980
vt 0.490030 0.229410
vt 0.493290 0.230120
vt 0.486400 0.233930
vt 0.481890 0.232310
vt 0.504670 0.163350
vt 0.508190 0.164130
vt 0.506740 0.155630
vt 0.502260 0.159980
vt 0.522280 0.300950
vt 0.522260 0.305880
vt 0.519360 0.304190
vt 0.516500 0.311030
vt 0.699630 0.308170
vt 0.704720 0.306360
vt 0.700810 0.312420
vt 0.706110 0.320120
vt 0.702360 0.324220
vt 0.698560 0.318490
vt 0.539820 0.271910
vt 0.500500 0.164390
vt 0.506230 0.170030
vt 0.502040 0.167710
vt 0.378020 0.388190
vt 0.364000 0.381340
vt 0.358430 0.224090
vt 0.359340 0.218890
vt 0.361420 0.221310
vt 0.355270 0.223450
vt 0.531670 0.227930
vt 0.538160 0.232800
vt 0.536140 0.237040
vt 0.546200 0.235240
vt 0.338510 0.370680
vt 0.340820 0.364010
vt 0.353860 0.375100
vt 0.499940 0.167260
vt 0.498010 0.171900
vt 0.495180 0.165740
vt 0.541990 0.235130
vt 0.545290 0.239850
vt 0.538860 0.240490
vt 0.580130 0.148980
vt 0.576150 0.146310
vt 0.584680 0.144960
vt 0.518800 0.446550
vt 0.522450 0.443140
vt 0.523990 0.446680
vt 0.525310 0.452500
vt 0.520960 0.453510
vt 0.587570 0.362030
vt 0.593640 0.354890
vt 0.593010 0.364820
vt 0.592420 0.370560
vt 0.588730 0.373390
vt 0.520490 0.255340
vt 0.521020 0.251760
vt 0.524690 0.255030
vt 0.531460 0.251600
vt 0.527340 0.251410
vt 0.530320 0.246440
vt 0.519560 0.248660
vt 0.521420 0.244340
vt 0.626870 0.418150
vt 0.621550 0.413310
vt 0.628660 0.404490
vt 0.369420 0.325900
vt 0.364470 0.324240
vt 0.613100 0.414250
vt 0.623850 0.406510
vt 0.626690 0.409730
vt 0.403220 0.343180
vt 0.407590 0.344140
vt 0.405850 0.318840
vt 0.516070 0.258110
vt 0.471540 0.300370
vt 0.472360 0.306110
vt 0.591720 0.186310
vt 0.597930 0.185890
vt 0.598660 0.189280
vt 0.466760 0.301050
vt 0.459100 0.304870
vt 0.464590 0.317890
vt 0.400900 0.494610
vt 0.403740 0.490620
vt 0.668510 0.401210
vt 0.664640 0.423410
vt 0.663660 0.418370
vt 0.533890 0.108400
vt 0.529690 0.114410
vt 0.529740 0.110950
vt 0.526690 0.111660
vt 0.526500 0.115870
vt 0.522940 0.113770
vt 0.661840 0.139140
vt 0.654020 0.148630
vt 0.670040 0.138300
vt 0.668960 0.421610
vt 0.666590 0.426850
vt 0.450750 0.413450
vt 0.454520 0.411410
vt 0.456810 0.414590
vt 0.397310 0.335030
vt 0.398030 0.328260
vt 0.403170 0.337220
vt 0.391590 0.327390
vt 0.394730 0.329180
vt 0.404590 0.451940
vt 0.399410 0.455990
vt 0.393290 0.459390
vt 0.654310 0.347950
vt 0.454240 0.489980
vt 0.445070 0.488090
vt 0.446230 0.482740
vt 0.442290 0.485120
vt 0.445300 0.480920
vt 0.574550 0.286920
vt 0.680150 0.429520
vt 0.682740 0.422340
vt 0.689930 0.424160
vt 0.661500 0.350430
vt 0.655630 0.351300
vt 0.659890 0.345990
vt 0.529450 0.436260
vt 0.528210 0.442510
vt 0.525460 0.439420
vt 0.588450 0.426510
vt 0.591290 0.431910
vt 0.604940 0.258340
vt 0.601020 0.278680
vt 0.601740 0.284780
vt 0.596810 0.282610
vt 0.528160 0.449630
vt 0.526080 0.445900
vt 0.560500 0.101350
vt 0.555930 0.104220
vt 0.556920 0.100650
vt 0.551440 0.097210
vt 0.559370 0.097650
vt 0.684020 0.219290
vt 0.683420 0.222760
vt 0.523190 0.176400
vt 0.517230 0.175130
vt 0.527390 0.177840
vt 0.529220 0.173570
vt 0.538980 0.474300
vt 0.546440 0.477210
vt 0.674550 0.133860
vt 0.679570 0.136100
vt 0.674410 0.137130
vt 0.692420 0.135220
vt 0.684050 0.132900
vt 0.688610 0.128780
vt 0.485450 0.344290
vt 0.484650 0.338220
vt 0.481210 0.330690
vt 0.414080 0.362190
vt 0.414790 0.368130
vt 0.416040 0.361550
vt 0.350850 0.181810
vt 0.349150 0.177060
vt 0.585210 0.255300
vt 0.580270 0.248470
vt 0.572050 0.251230
vt 0.571860 0.244920
vt 0.574580 0.248260
vt 0.606860 0.311430
vt 0.607060 0.302210
vt 0.616710 0.300820
vt 0.611260 0.306160
vt 0.609750 0.299270
vt 0.469480 0.220740
vt 0.471010 0.235820
vt 0.473610 0.242680
vt 0.532720 0.223870
vt 0.527760 0.226650
vt 0.434320 0.462000
vt 0.439900 0.459530
vt 0.635530 0.309480
vt 0.636880 0.302740
vt 0.641460 0.310430
vt 0.642140 0.305000
vt 0.647060 0.295750
vt 0.413610 0.454640
vt 0.413420 0.449850
vt 0.404640 0.458560
vt 0.467290 0.244610
vt 0.466410 0.227870
vt 0.515970 0.234450
vt 0.519280 0.234060
vt 0.520870 0.240480
vt 0.518350 0.226920
vt 0.487480 0.087720
vt 0.491490 0.083370
vt 0.496130 0.088720
vt 0.602510 0.131930
vt 0.555290 0.415470
vt 0.552940 0.410050
vt 0.555640 0.404940
vt 0.461380 0.250790
vt 0.459210 0.236180
vt 0.515270 0.095140
vt 0.604210 0.144450
vt 0.608880 0.142620
vt 0.613620 0.145350
vt 0.615250 0.142640
vt 0.611720 0.143010
vt 0.354220 0.228590
vt 0.353190 0.225560
vt 0.556210 0.426000
vt 0.554540 0.423260
vt 0.552960 0.415590
vt 0.730230 0.236840
vt 0.723380 0.231070
vt 0.688030 0.454400
vt 0.547290 0.417480
vt 0.547030 0.424600
vt 0.507310 0.289310
vt 0.685750 0.448470
vt 0.690360 0.448420
vt 0.693800 0.449470
vt 0.691050 0.456430
vt 0.532970 0.283660
vt 0.530540 0.280290
vt 0.540470 0.278460
vt 0.539970 0.283810
vt 0.536920 0.285130
vt 0.527010 0.423580
vt 0.527380 0.415770
vt 0.496830 0.278010
vt 0.585730 0.322390
vt 0.580270 0.321120
vt 0.586950 0.315510
vt 0.583040 0.327810
vt 0.577460 0.335180
vt 0.573870 0.325410
vt 0.321970 0.265530
vt 0.324290 0.264700
vt 0.326130 0.267540
vt 0.351940 0.300230
vt 0.367170 0.277110
vt 0.372700 0.278720
vt 0.363890 0.284900
vt 0.554040 0.173510
vt 0.558690 0.173630
vt 0.555430 0.178780
vt 0.553610 0.195800
vt 0.555830 0.188740
vt 0.669630 0.347800
vt 0.662250 0.345530
vt 0.671370 0.343570
vt 0.355680 0.280750
vt 0.518190 0.167410
vt 0.521420 0.165360
vt 0.527730 0.167380
vt 0.669520 0.330280
vt 0.672730 0.327550
vt 0.671420 0.333560
vt 0.530300 0.488300
vt 0.500420 0.280350
vt 0.501530 0.283820
vt 0.495350 0.286740
vt 0.669530 0.324410
vt 0.529120 0.160090
vt 0.523920 0.162650
vt 0.549250 0.454380
vt 0.556410 0.452390
vt 0.559950 0.463840
vt 0.564430 0.456390
vt 0.326840 0.158350
vt 0.587520 0.329120
vt 0.578260 0.342010
vt 0.588180 0.337330
vt 0.468580 0.385080
vt 0.464400 0.390360
vt 0.457740 0.387480
vt 0.657540 0.326080
vt 0.662130 0.326120
vt 0.589140 0.343550
vt 0.549450 0.336150
vt 0.550550 0.339830
vt 0.546760 0.338600
vt 0.553840 0.337480
vt 0.554450 0.333420
vt 0.476950 0.517340
vt 0.477490 0.515020
vt 0.488260 0.518650
vt 0.647480 0.139100
vt 0.642770 0.139740
vt 0.642680 0.148460
vt 0.323350 0.240210
vt 0.325930 0.232490
vt 0.320920 0.243520
vt 0.314690 0.252720
vt 0.482430 0.313730
vt 0.600150 0.157630
vt 0.394790 0.107870
vt 0.391050 0.102800
vt 0.397160 0.110450
vt 0.394080 0.334960
vt 0.392170 0.336550
vt 0.395560 0.336970
vt 0.390620 0.342660
vt 0.658380 0.179900
vt 0.651770 0.173640
vt 0.654240 0.172520
vt 0.649500 0.166000
vt 0.479800 0.310870
vt 0.484650 0.310570
vt 0.477090 0.309890
vt 0.589470 0.161280
vt 0.505780 0.127950
vt 0.503310 0.130520
vt 0.503820 0.133820
vt 0.318560 0.273410
vt 0.315800 0.278890
vt 0.314920 0.271300
vt 0.320810 0.278100
vt 0.466830 0.296600
vt 0.349030 0.247650
vt 0.355390 0.243710
vt 0.357220 0.247500
vt 0.394280 0.402380
vt 0.391970 0.407820
vt 0.390990 0.415110
vt 0.385240 0.413080
vt 0.564290 0.451160
vt 0.355270 0.233820
vt 0.357240 0.232160
vt 0.358540 0.235360
vt 0.518730 0.140250
vt 0.639850 0.239770
vt 0.580860 0.225950
vt 0.475180 0.419740
vt 0.477300 0.422160
vt 0.469970 0.420360
vt 0.469630 0.204560
vt 0.473950 0.201450
vt 0.471700 0.209270
vt 0.462270 0.208520
vt 0.514630 0.308370
vt 0.630110 0.183210
vt 0.638870 0.182810
vt 0.642660 0.188110
vt 0.636490 0.188960
vt 0.656120 0.379310
vt 0.367140 0.438860
vt 0.384100 0.440000
vt 0.371970 0.447630
vt 0.367530 0.456390
vt 0.368730 0.448970
vt 0.371730 0.457390
vt 0.504900 0.364660
vt 0.500830 0.358030
vt 0.406330 0.403490
vt 0.411920 0.406160
vt 0.399700 0.398800
vt 0.684000 0.414390
vt 0.676980 0.414730
vt 0.498390 0.329500
vt 0.394430 0.413370
vt 0.401000 0.411370
vt 0.632030 0.220110
vt 0.629120 0.221770
vt 0.494320 0.348850
vt 0.498750 0.346360
vt 0.500140 0.353820
vt 0.500070 0.347790
vt 0.427860 0.315960
vt 0.425650 0.327040
vt 0.418460 0.339200
vt 0.422110 0.331010
vt 0.421540 0.337950
vt 0.484700 0.354200
vt 0.607570 0.379770
vt 0.406420 0.337550
vt 0.420790 0.326600
vt 0.416620 0.333610
vt 0.413710 0.327140
vt 0.689350 0.153760
vt 0.406560 0.332570
vt 0.522060 0.362440
vt 0.522380 0.359700
vt 0.529390 0.361230
vt 0.531130 0.362650
vt 0.463790 0.169370
vt 0.465220 0.165400
vt 0.466910 0.171320
vt 0.468930 0.159620
vt 0.526140 0.366080
vt 0.525040 0.369650
vt 0.519990 0.367770
vt 0.527410 0.362480
vt 0.378020 0.266440
vt 0.440750 0.251010
vt 0.444890 0.256970
vt 0.553030 0.319270
vt 0.565670 0.301740
vt 0.655580 0.227890
vt 0.441640 0.245330
vt 0.439220 0.246180
vt 0.437440 0.248560
vt 0.431430 0.244480
vt 0.464190 0.178110
vt 0.643730 0.272390
vt 0.644320 0.277000
vt 0.640100 0.271610
vt 0.630520 0.276420
vt 0.631480 0.272460
vt 0.389020 0.337450
vt 0.387090 0.342220
vt 0.386660 0.347530
vt 0.690610 0.393150
vt 0.683270 0.393780
vt 0.520690 0.319780
vt 0.325610 0.308460
vt 0.320310 0.305040
vt 0.323750 0.304040
vt 0.630920 0.259280
vt 0.626520 0.268990
vt 0.639350 0.268080
vt 0.529460 0.334780
vt 0.531480 0.332360
vt 0.538060 0.336710
vt 0.526070 0.325980
vt 0.330910 0.194200
vt 0.326760 0.215830
vt 0.321820 0.222090
vt 0.321190 0.218060
vt 0.661840 0.407760
vt 0.673250 0.407330
vt 0.667610 0.407740
vt 0.459090 0.462550
vt 0.452510 0.458970
vt 0.458600 0.455880
vt 0.454190 0.466470
vt 0.453930 0.462920
vt 0.521170 0.178510
vt 0.674900 0.396740
vt 0.663730 0.399420
vt 0.669720 0.393620
vt 0.670490 0.396570
vt 0.366220 0.426940
vt 0.420290 0.398740
vt 0.419670 0.391180
vt 0.422190 0.396890
vt 0.418860 0.403480
vt 0.451500 0.206890
vt 0.448290 0.191420
vt 0.600760 0.311160
vt 0.597340 0.320580
vt 0.602920 0.316810
vt 0.504130 0.441660
vt 0.500580 0.445120
vt 0.496300 0.438270
vt 0.491670 0.421530
vt 0.493050 0.424750
vt 0.493120 0.418020
vt 0.705490 0.297690
vt 0.711730 0.294950
vt 0.710550 0.292110
vt 0.716080 0.294310
vt 0.340660 0.280340
vt 0.344370 0.275460
vt 0.343590 0.283310
vt 0.339380 0.270270
vt 0.644820 0.458820
vt 0.648840 0.470670
vt 0.495340 0.420970
vt 0.494130 0.429270
vt 0.383220 0.293870
vt 0.387300 0.292010
vt 0.377680 0.290210
vt 0.733890 0.231020
vt 0.733220 0.241530
vt 0.559440 0.258230
vt 0.560220 0.253530
vt 0.567220 0.254190
vt 0.566280 0.242140
vt 0.569090 0.251380
vt 0.475160 0.342520
vt 0.533230 0.192560
vt 0.535150 0.194940
vt 0.732630 0.251560
vt 0.730950 0.245590
vt 0.734790 0.247860
vt 0.723930 0.243190
vt 0.727900 0.243390
vt 0.726210 0.249750
vt 0.561280 0.233820
vt 0.564470 0.236740
vt 0.524790 0.461400
vt 0.520040 0.456380
vt 0.504640 0.413320
vt 0.506380 0.411400
vt 0.533880 0.303180
vt 0.537420 0.306730
vt 0.633390 0.088740
vt 0.632450 0.082750
vt 0.638490 0.085410
vt 0.623500 0.083790
vt 0.517370 0.081820
vt 0.512410 0.084020
vt 0.513730 0.417280
vt 0.508750 0.414950
vt 0.512190 0.413630
vt 0.510300 0.418490
vt 0.572150 0.145300
vt 0.565030 0.142710
vt 0.561490 0.150300
vt 0.500010 0.215860
vt 0.502100 0.217930
vt 0.652350 0.086530
vt 0.539560 0.163290
vt 0.356670 0.143020
vt 0.357260 0.139490
vt 0.361830 0.145270
vt 0.582030 0.080750
vt 0.467070 0.125400
vt 0.317080 0.238420
vt 0.316480 0.227210
vt 0.323540 0.233930
vt 0.412130 0.292370
vt 0.408860 0.289560
vt 0.412870 0.285500
vt 0.410120 0.295800
vt 0.404240 0.299130
vt 0.456210 0.357010
vt 0.451610 0.138940
vt 0.455440 0.134140
vt 0.453840 0.135750
vt 0.448190 0.355210
vt 0.453580 0.354680
vt 0.451180 0.359890
vt 0.559220 0.335940
vt 0.555790 0.323890
vt 0.559510 0.327840
vt 0.591190 0.470720
vt 0.599010 0.473970
vt 0.589000 0.469410
vt 0.564510 0.429900
vt 0.557240 0.332070
vt 0.431420 0.359440
vt 0.427040 0.363160
vt 0.558050 0.093610
vt 0.406130 0.125350
vt 0.403250 0.119490
vt 0.615540 0.196190
vt 0.611060 0.204760
vt 0.607760 0.201320
vt 0.511100 0.207530
vt 0.490400 0.474580
vt 0.498560 0.472540
vt 0.499180 0.477720
vt 0.488860 0.477290
vt 0.331660 0.184330
vt 0.652960 0.312400
vt 0.461640 0.478340
vt 0.467160 0.474440
vt 0.467290 0.471680
vt 0.450930 0.325950
vt 0.455800 0.326820
vt 0.450750 0.333400
vt 0.455560 0.330790
vt 0.559150 0.378950
vt 0.559250 0.386250
vt 0.417970 0.398250
vt 0.417140 0.390570
vt 0.397330 0.214680
vt 0.393270 0.207750
vt 0.396980 0.207910
vt 0.384810 0.236870
vt 0.393080 0.226360
vt 0.427090 0.105700
vt 0.425430 0.100060
vt 0.409640 0.489910
vt 0.412230 0.478240
vt 0.474050 0.378430
vt 0.407790 0.118040
vt 0.402710 0.112600
vt 0.406850 0.112950
vt 0.416250 0.107000
vt 0.409180 0.106240
vt 0.586120 0.409570
vt 0.588520 0.417610
vt 0.402350 0.213740
vt 0.400650 0.207330
vt 0.410270 0.214980
vt 0.443280 0.277840
vt 0.429860 0.260600
vt 0.436700 0.266910
vt 0.409140 0.110000
vt 0.401410 0.106850
vt 0.405330 0.101240
vt 0.399660 0.099050
vt 0.352320 0.321670
vt 0.578770 0.414360
vt 0.540520 0.377760
vt 0.544040 0.374520
vt 0.546080 0.382660
vt 0.541940 0.377140
vt 0.601220 0.203710
vt 0.599520 0.199190
vt 0.604600 0.195800
vt 0.598440 0.195090
vt 0.544570 0.371630
vt 0.540510 0.373570
vt 0.540220 0.375070
vt 0.581130 0.204210
vt 0.583350 0.200440
vt 0.586930 0.206360
vt 0.571080 0.199040
vt 0.572230 0.190390
vt 0.573880 0.196360
vt 0.453770 0.160440
vt 0.445010 0.154780
vt 0.446920 0.157690
vt 0.487500 0.266310
vt 0.548300 0.391050
vt 0.551170 0.389410
vt 0.553680 0.392880
vt 0.621030 0.176180
vt 0.624230 0.180190
vt 0.616200 0.178300
vt 0.453440 0.091020
vt 0.462830 0.092450
vt 0.474010 0.094820
vt 0.474390 0.090780
vt 0.445900 0.244540
vt 0.449330 0.152880
vt 0.449040 0.156080
vt 0.680340 0.130670
vt 0.673990 0.128900
vt 0.617590 0.180760
vt 0.384420 0.195880
vt 0.388680 0.201730
vt 0.392250 0.217730
vt 0.390110 0.207050
vt 0.396970 0.218210
vt 0.546730 0.082490
vt 0.513320 0.221020
vt 0.335210 0.372410
vt 0.329200 0.371670
vt 0.485840 0.077110
vt 0.489010 0.080380
vt 0.527000 0.118000
vt 0.521570 0.232050
vt 0.517430 0.230950
vt 0.378350 0.409280
vt 0.385570 0.425370
vt 0.522240 0.407570
vt 0.521170 0.402270
vt 0.523200 0.404850
vt 0.369990 0.315760
vt 0.367580 0.309620
vt 0.380850 0.413020
vt 0.384410 0.419170
vt 0.386620 0.421420
vt 0.386850 0.417820
vt 0.512910 0.395320
vt 0.520490 0.394280
vt 0.654700 0.209030
vt 0.661070 0.202770
vt 0.661580 0.212230
vt 0.621120 0.118030
vt 0.620100 0.122130
vt 0.617730 0.118640
vt 0.628860 0.107790
vt 0.658290 0.189540
vt 0.656180 0.201370
vt 0.477200 0.141580
vt 0.480080 0.138360
vt 0.686280 0.256870
vt 0.613720 0.119960
vt 0.516210 0.252800
vt 0.511030 0.254880
vt 0.663060 0.192910
vt 0.660030 0.198950
vt 0.668640 0.093920
vt 0.429720 0.176940
vt 0.505860 0.483740
vt 0.504780 0.492350
vt 0.478280 0.122870
vt 0.559140 0.318470
vt 0.520730 0.489310
vt 0.508730 0.491750
vt 0.516120 0.491580
vt 0.515090 0.495300
vt 0.475660 0.126610
vt 0.444470 0.350000
vt 0.433320 0.355190
vt 0.439620 0.348480
vt 0.673910 0.388770
vt 0.621890 0.364200
vt 0.618650 0.364480
vt 0.332140 0.380780
vt 0.699040 0.214730
vt 0.688580 0.204120
vt 0.699890 0.209150
vt 0.704860 0.217530
vt 0.704950 0.213770
vt 0.582620 0.383600
vt 0.578790 0.382260
vt 0.591080 0.382140
vt 0.380210 0.325980
vt 0.381790 0.321200
vt 0.676910 0.166920
vt 0.683780 0.163310
vt 0.687300 0.172530
vt 0.689350 0.164410
vt 0.567580 0.383640
vt 0.571820 0.385860
vt 0.583200 0.389670
vt 0.539170 0.228460
vt 0.543660 0.227400
vt 0.677650 0.176810
vt 0.689890 0.177750
vt 0.681110 0.181850
vt 0.520970 0.288590
vt 0.525100 0.293700
vt 0.400210 0.140200
vt 0.404160 0.143110
vt 0.400740 0.148910
vt 0.492640 0.302900
vt 0.362540 0.291530
vt 0.368700 0.287470
vt 0.366580 0.293040
vt 0.362960 0.300670
vt 0.362170 0.295110
vt 0.498860 0.073840
vt 0.499400 0.077840
vt 0.563190 0.492400
vt 0.558030 0.493650
vt 0.631590 0.148250
vt 0.635770 0.152500
vt 0.629090 0.155390
vt 0.393790 0.157710
vt 0.400510 0.154940
vt 0.394740 0.152050
vt 0.333370 0.230040
vt 0.625710 0.135920
vt 0.630350 0.141200
vt 0.626540 0.140060
vt 0.423960 0.329590
vt 0.504930 0.144080
vt 0.496180 0.150150
vt 0.501110 0.146920
vt 0.498520 0.153240
vt 0.495640 0.357750
vt 0.497610 0.353970
vt 0.474200 0.339690
vt 0.473520 0.342110
vt 0.459130 0.410990
vt 0.489900 0.352450
vt 0.409300 0.247640
vt 0.411180 0.252460
vt 0.404340 0.229620
vt 0.514040 0.475730
vt 0.522010 0.475470
vt 0.356980 0.215110
vt 0.361800 0.216050
vt 0.484350 0.199260
vt 0.533930 0.384880
vt 0.530160 0.385340
vt 0.528320 0.380440
vt 0.642600 0.131250
vt 0.508060 0.236100
vt 0.510930 0.230140
vt 0.514470 0.229930
vt 0.538530 0.257820
vt 0.544930 0.265710
vt 0.644590 0.128920
vt 0.356220 0.272830
vt 0.618340 0.144440
vt 0.480710 0.495910
vt 0.469140 0.490250
vt 0.475300 0.487980
vt 0.480460 0.483410
vt 0.473640 0.484030
vt 0.481500 0.479160
vt 0.648680 0.259650
vt 0.642540 0.260240
vt 0.646440 0.255870
vt 0.652520 0.249100
vt 0.365080 0.250500
vt 0.358740 0.245150
vt 0.362530 0.243330
vt 0.356970 0.239390
vt 0.360080 0.239580
vt 0.357970 0.242060
vt 0.343660 0.166420
vt 0.347390 0.165630
vt 0.560820 0.350060
vt 0.569180 0.343790
vt 0.672060 0.219870
vt 0.515420 0.271840
vt 0.513130 0.276890
vt 0.510320 0.279880
vt 0.533620 0.435970
vt 0.345510 0.281060
vt 0.485490 0.386960
vt 0.468390 0.165530
vt 0.472430 0.168930
vt 0.522410 0.340050
vt 0.562450 0.143800
vt 0.559490 0.147160
vt 0.451750 0.428640
vt 0.457760 0.428450
vt 0.453220 0.432070
vt 0.502620 0.206870
vt 0.489380 0.209180
vt 0.495360 0.205910
vt 0.439340 0.480610
vt 0.435280 0.479150
vt 0.437760 0.485830
vt 0.429960 0.482150
vt 0.486760 0.206330
vt 0.488880 0.201580
vt 0.472480 0.327450
vt 0.470250 0.331490
vt 0.472710 0.322620
vt 0.427430 0.481000
vt 0.483560 0.332840
vt 0.481610 0.333910
vt 0.645690 0.207460
vt 0.639820 0.212170
vt 0.450620 0.502170
vt 0.472990 0.498220
vt 0.473120 0.393510
vt 0.320720 0.274080
vt 0.317610 0.266440
vt 0.623920 0.123680
vt 0.623120 0.116740
vt 0.626620 0.120310
vt 0.447630 0.512790
vt 0.451540 0.509630
vt 0.450920 0.505880
vt 0.621400 0.213640
vt 0.418180 0.407890
vt 0.424780 0.408360
vt 0.331710 0.353530
vt 0.325740 0.355750
vt 0.646170 0.359380
vt 0.650280 0.351930
vt 0.653840 0.355820
vt 0.448910 0.135030
vt 0.445480 0.137990
vt 0.558010 0.264820
vt 0.563350 0.264250
vt 0.643920 0.442350
vt 0.561090 0.181810
vt 0.485310 0.427490
vt 0.578610 0.506910
vt 0.585250 0.507710
vt 0.578350 0.511010
vt 0.532330 0.503680
vt 0.529930 0.501230
vt 0.533750 0.498220
vt 0.527420 0.504800
vt 0.532380 0.507900
vt 0.563050 0.178010
vt 0.607480 0.471180
vt 0.609270 0.477690
vt 0.516070 0.152900
vt 0.655070 0.155310
vt 0.653240 0.165690
vt 0.713690 0.163860
vt 0.707100 0.158570
vt 0.706160 0.148640
vt 0.596170 0.287230
vt 0.420160 0.486560
vt 0.632430 0.302300
vt 0.630530 0.315290
vt 0.640810 0.174750
vt 0.530090 0.315410
vt 0.624850 0.315960
vt 0.622590 0.312280
vt 0.628500 0.313140
vt 0.627360 0.308050
vt 0.365920 0.387530
vt 0.372400 0.387760
vt 0.630240 0.251730
vt 0.636000 0.256290
vt 0.640100 0.263920
vt 0.503770 0.468880
vt 0.499210 0.469860
vt 0.507610 0.319480
vt 0.506430 0.314010
vt 0.485410 0.334810
vt 0.487240 0.331250
vt 0.564140 0.200400
vt 0.569720 0.194980
vt 0.568830 0.200910
vt 0.565050 0.196090
vt 0.561090 0.200850
vt 0.557110 0.197030
vt 0.355300 0.389100
vt 0.643440 0.261930
vt 0.639110 0.261240
vt 0.483020 0.325120
vt 0.664350 0.113580
vt 0.553430 0.218620
vt 0.552530 0.213230
vt 0.558560 0.210860
vt 0.330900 0.264940
vt 0.335210 0.263630
vt 0.326760 0.261540
vt 0.482590 0.321820
vt 0.675480 0.126420
vt 0.663680 0.119580
vt 0.669640 0.121650
vt 0.376430 0.325360
vt 0.377990 0.323430
vt 0.378800 0.328710
vt 0.533000 0.347750
vt 0.544510 0.336510
vt 0.541980 0.330670
vt 0.537840 0.332080
vt 0.403370 0.360070
vt 0.403150 0.365290
vt 0.406290 0.363730
vt 0.403330 0.370750
vt 0.378530 0.345060
vt 0.375950 0.335920
vt 0.663080 0.428240
vt 0.669550 0.233700
vt 0.669520 0.243200
vt 0.455790 0.436460
vt 0.455730 0.434020
vt 0.475480 0.416200
vt 0.477150 0.413480
vt 0.479150 0.420400
vt 0.469050 0.416460
vt 0.472490 0.414520
vt 0.473450 0.417620
vt 0.610560 0.336410
vt 0.468270 0.409870
vt 0.474640 0.414710
vt 0.480630 0.316970
vt 0.476890 0.313110
vt 0.340910 0.257830
vt 0.640630 0.353130
vt 0.601860 0.332090
vt 0.599850 0.331200
vt 0.641820 0.169530
vt 0.640710 0.167040
vt 0.638690 0.161020
vt 0.393770 0.418080
vt 0.385800 0.415610
vt 0.632970 0.385020
vt 0.637210 0.372610
vt 0.641380 0.370560
vt 0.344590 0.190350
vt 0.341650 0.203140
vt 0.344580 0.195520
vt 0.551740 0.076530
vt 0.554830 0.073180
vt 0.549900 0.072810
vt 0.371620 0.412070
vt 0.367080 0.405370
vt 0.640160 0.382300
vt 0.646660 0.381760
vt 0.639620 0.376320
vt 0.709040 0.324630
vt 0.696760 0.351800
vt 0.700720 0.340770
vt 0.705010 0.348580
vt 0.416910 0.474450
vt 0.413300 0.468310
vt 0.418890 0.467690
vt 0.351480 0.242560
vt 0.527730 0.129650
vt 0.660520 0.293090
vt 0.665650 0.294270
vt 0.659120 0.288410
vt 0.330000 0.291380
vt 0.501070 0.171010
vt 0.497300 0.174130
vt 0.429890 0.462270
vt 0.421330 0.472790
vt 0.535350 0.133150
vt 0.537420 0.138880
vt 0.661480 0.269330
vt 0.657270 0.271330
vt 0.530180 0.136710
vt 0.531240 0.131390
vt 0.535970 0.130520
vt 0.532690 0.128340
vt 0.378170 0.221520
vt 0.373350 0.222110
vt 0.374530 0.211020
vt 0.379020 0.233440
vt 0.451420 0.167630
vt 0.457420 0.335110
vt 0.383020 0.227500
vt 0.382890 0.250120
vt 0.538490 0.113940
vt 0.543060 0.115850
vt 0.535810 0.109910
vt 0.683550 0.361020
vt 0.683220 0.356670
vt 0.686520 0.342770
vt 0.686960 0.350060
vt 0.538950 0.102660
vt 0.384700 0.174910
vt 0.389830 0.175110
vt 0.390920 0.181130
vt 0.395020 0.174350
vt 0.386340 0.167670
vt 0.382250 0.165250
vt 0.630470 0.137320
vt 0.339690 0.213110
vt 0.339300 0.206260
vt 0.345890 0.202720
vt 0.544660 0.288780
vt 0.546080 0.285240
vt 0.548510 0.289500
vt 0.730470 0.265770
vt 0.735790 0.253850
vt 0.733850 0.257720
vt 0.596230 0.407430
vt 0.600270 0.404760
vt 0.437600 0.272420
vt 0.511300 0.292060
vt 0.510720 0.289300
vt 0.617750 0.313170
vt 0.618490 0.305140
vt 0.613790 0.309220
vt 0.616590 0.307890
vt 0.671660 0.454910
vt 0.682630 0.453100
vt 0.674840 0.452820
vt 0.679830 0.447310
vt 0.493850 0.119650
vt 0.501160 0.120720
vt 0.477350 0.177590
vt 0.595640 0.453170
vt 0.597720 0.457940
vt 0.592720 0.453270
vt 0.547810 0.129630
vt 0.550100 0.126680
vt 0.547990 0.135610
vt 0.450160 0.337400
vt 0.443500 0.341350
vt 0.436670 0.390290
vt 0.665010 0.373270
vt 0.663130 0.367980
vt 0.368980 0.209560
vt 0.371470 0.205180
vt 0.366820 0.192350
vt 0.322490 0.255470
vt 0.323270 0.261400
vt 0.635460 0.105030
vt 0.630990 0.097340
vt 0.402370 0.351080
vt 0.727050 0.299670
vt 0.727270 0.289820
vt 0.481950 0.401010
vt 0.552670 0.101080
vt 0.728590 0.209880
vt 0.723740 0.215960
vt 0.719370 0.211870
vt 0.731820 0.217770
vt 0.497860 0.398470
vt 0.490180 0.399450
vt 0.491960 0.397750
vt 0.529390 0.152350
vt 0.443720 0.425090
vt 0.441480 0.419980
vt 0.448170 0.417930
vt 0.444970 0.415650
vt 0.452390 0.416330
vt 0.536550 0.073230
vt 0.521720 0.073540
vt 0.529130 0.069840
vt 0.528410 0.074020
vt 0.534590 0.071860
vt 0.524830 0.379410
vt 0.460980 0.317970
vt 0.461050 0.309190
vt 0.463060 0.311790
vt 0.454880 0.321010
vt 0.458840 0.315950
vt 0.615280 0.454080
vt 0.612560 0.451460
vt 0.609510 0.456130
vt 0.539900 0.486590
vt 0.611580 0.119860
vt 0.605660 0.114390
vt 0.605050 0.118690
vt 0.599760 0.114800
vt 0.604770 0.391690
vt 0.555440 0.109550
vt 0.561100 0.109450
vt 0.561340 0.113270
vt 0.561470 0.117140
vt 0.515580 0.414200
vt 0.517810 0.413760
vt 0.522340 0.415400
vt 0.526880 0.419290
vt 0.442080 0.451160
vt 0.438920 0.450280
vt 0.437880 0.445370
vt 0.441970 0.444860
vt 0.680130 0.291980
vt 0.683090 0.293410
vt 0.705710 0.431430
vt 0.702390 0.439470
vt 0.696760 0.443110
vt 0.697420 0.433840
vt 0.510660 0.411350
vt 0.529320 0.192150
vt 0.431890 0.452850
vt 0.431710 0.441340
vt 0.430470 0.448620
vt 0.681930 0.287640
vt 0.679360 0.288750
vt 0.677410 0.287600
vt 0.374080 0.245470
vt 0.380960 0.252750
vt 0.537490 0.279080
vt 0.536530 0.291390
vt 0.435160 0.448700
vt 0.433310 0.439170
vt 0.436150 0.441710
vt 0.610840 0.209890
vt 0.615010 0.214990
vt 0.607540 0.205200
vt 0.407370 0.313380
vt 0.412290 0.314600
vt 0.410360 0.307650
vt 0.414030 0.307130
vt 0.538460 0.294030
vt 0.427400 0.428240
vt 0.429710 0.435920
vt 0.552830 0.315680
vt 0.557570 0.308130
vt 0.558990 0.313430
vt 0.550210 0.311570
vt 0.549580 0.315410
vt 0.546740 0.312680
vt 0.415070 0.445790
vt 0.417180 0.442990
vt 0.419160 0.440190
vt 0.469180 0.276820
vt 0.546960 0.300860
vt 0.548780 0.298800
vt 0.550160 0.301850
vt 0.554110 0.295350
vt 0.585210 0.110640
vt 0.580010 0.107250
vt 0.580310 0.118070
vt 0.492300 0.092810
vt 0.501050 0.090010
vt 0.597360 0.127550
vt 0.597110 0.124690
vt 0.600500 0.126240
vt 0.586700 0.289790
vt 0.588550 0.300020
vt 0.589560 0.316670
vt 0.584120 0.311410
vt 0.580730 0.315420
vt 0.583280 0.302590
vt 0.592090 0.113790
vt 0.369160 0.248460
vt 0.366310 0.243190
vt 0.370040 0.247800
vt 0.368260 0.241310
vt 0.371980 0.241430
vt 0.694460 0.312280
vt 0.697160 0.314590
vt 0.406790 0.372800
vt 0.404910 0.376740
vt 0.346820 0.297340
vt 0.344190 0.294200
vt 0.342140 0.287440
vt 0.602500 0.367390
vt 0.604450 0.369190
vt 0.519450 0.334990
vt 0.523250 0.332980
vt 0.610290 0.358200
vt 0.605210 0.360690
vt 0.573010 0.391780
vt 0.567160 0.390560
vt 0.572820 0.397330
vt 0.519100 0.328900
vt 0.324120 0.281150
vt 0.325870 0.285390
vt 0.500780 0.450670
vt 0.484280 0.151020
vt 0.403920 0.152840
vt 0.407990 0.149780
vt 0.514540 0.332560
vt 0.619030 0.160790
vt 0.614300 0.161260
vt 0.542840 0.147540
vt 0.538440 0.142720
vt 0.603750 0.174410
vt 0.550950 0.370610
vt 0.611560 0.497820
vt 0.541750 0.143220
vt 0.480130 0.429260
vt 0.479100 0.425190
vt 0.479420 0.431320
vt 0.621290 0.500750
vt 0.480210 0.423390
vt 0.482310 0.422140
vt 0.545980 0.358570
vt 0.544870 0.352740
vt 0.545640 0.350870
vt 0.547530 0.346230
vt 0.557330 0.269240
vt 0.435050 0.474400
vt 0.439770 0.476010
vt 0.681060 0.307840
vt 0.677850 0.308500
vt 0.530930 0.288290
vt 0.529050 0.285940
vt 0.532840 0.287060
vt 0.503600 0.392440
vt 0.503210 0.401130
vt 0.572570 0.108930
vt 0.572520 0.118450
vt 0.481420 0.164390
vt 0.486680 0.162200
vt 0.499550 0.294070
vt 0.554910 0.430180
vt 0.500920 0.142670
vt 0.631470 0.161450
vt 0.636710 0.157880
vt 0.638670 0.168370
vt 0.575620 0.105640
vt 0.564810 0.097900
vt 0.541810 0.166700
vt 0.521390 0.450850
vt 0.525250 0.450130
vt 0.570060 0.077890
vt 0.563400 0.080320
vt 0.505320 0.459040
vt 0.723130 0.348130
vt 0.703770 0.338650
vt 0.370770 0.309010
vt 0.369820 0.305490
vt 0.537410 0.383240
vt 0.547750 0.386180
vt 0.546390 0.391670
vt 0.438630 0.288870
vt 0.439480 0.284300
vt 0.442250 0.291910
vt 0.442620 0.305750
vt 0.437840 0.302040
vt 0.441160 0.299870
vt 0.345070 0.306720
vt 0.523940 0.076970
vt 0.516850 0.078040
vt 0.609350 0.240220
vt 0.604440 0.234870
vt 0.613920 0.237150
vt 0.617870 0.262750
vt 0.624320 0.255060
vt 0.628150 0.256250
vt 0.369610 0.169390
vt 0.376370 0.172590
vt 0.372520 0.173260
vt 0.407910 0.384230
vt 0.404470 0.386760
vt 0.354720 0.266880
vt 0.354250 0.273440
vt 0.368520 0.173100
vt 0.366750 0.178870
vt 0.407470 0.432600
vt 0.408470 0.440750
vt 0.354780 0.260500
vt 0.347780 0.257970
vt 0.373640 0.176360
vt 0.504620 0.254430
vt 0.507230 0.258210
vt 0.396680 0.478000
vt 0.519200 0.362340
vt 0.581890 0.207060
vt 0.567680 0.270330
vt 0.567720 0.267870
vt 0.410970 0.122100
vt 0.409830 0.124520
vt 0.451850 0.485910
vt 0.449300 0.477410
vt 0.450770 0.482540
vt 0.444030 0.477930
vt 0.477440 0.190360
vt 0.477570 0.187900
vt 0.482380 0.197050
vt 0.482340 0.188370
vt 0.460280 0.486890
vt 0.579930 0.195910
vt 0.578010 0.199920
vt 0.525470 0.265710
vt 0.350340 0.149620
vt 0.533250 0.269690
vt 0.709100 0.208840
vt 0.706860 0.203510
vt 0.723060 0.201660
vt 0.710430 0.201970
vt 0.647930 0.339670
vt 0.644980 0.335940
vt 0.646660 0.329360
vt 0.540420 0.320190
vt 0.536810 0.324910
vt 0.667520 0.412740
vt 0.665700 0.401440
vt 0.424760 0.467800
vt 0.425630 0.462130
vt 0.428030 0.465340
vt 0.431330 0.475440
vt 0.427140 0.470340
vt 0.655510 0.413710
vt 0.660580 0.410370
vt 0.664430 0.412300
vt 0.663650 0.415360
vt 0.466600 0.145540
vt 0.546960 0.122750
vt 0.544330 0.121260
vt 0.540130 0.123300
vt 0.638040 0.403130
vt 0.633110 0.404740
vt 0.636300 0.400130
vt 0.646490 0.404440
vt 0.640620 0.399600
vt 0.644060 0.399470
vt 0.438740 0.342120
vt 0.645220 0.394640
vt 0.621880 0.286160
vt 0.657290 0.320190
vt 0.454370 0.375430
vt 0.453410 0.370270
vt 0.607430 0.402510
vt 0.603610 0.402810
vt 0.605670 0.398390
vt 0.400880 0.303070
vt 0.341560 0.235720
vt 0.339200 0.235370
vt 0.526010 0.502000
vt 0.336570 0.238830
vt 0.328860 0.240480
vt 0.334630 0.239150
vt 0.607020 0.408910
vt 0.609410 0.402870
vt 0.474710 0.321590
vt 0.472450 0.325360
vt 0.615480 0.404430
vt 0.550750 0.092740
vt 0.544320 0.094760
vt 0.547730 0.087600
vt 0.541560 0.097750
vt 0.404790 0.399310
vt 0.402140 0.397310
vt 0.403540 0.402730
vt 0.694080 0.218410
vt 0.540540 0.302580
vt 0.541710 0.296560
vt 0.540580 0.299890
vt 0.499960 0.266630
vt 0.494510 0.266970
vt 0.688370 0.228360
vt 0.684900 0.237240
vt 0.378480 0.317180
vt 0.380070 0.319320
vt 0.606190 0.278600
vt 0.515720 0.380130
vt 0.560550 0.475620
vt 0.566920 0.472950
vt 0.569040 0.477480
vt 0.565690 0.468160
vt 0.542200 0.361490
vt 0.552900 0.498570
vt 0.423670 0.224540
vt 0.418130 0.225760
vt 0.666060 0.124760
vt 0.412160 0.301290
vt 0.411500 0.304570
vt 0.409890 0.298160
vt 0.493670 0.509240
vt 0.482980 0.513650
vt 0.473710 0.512580
vt 0.464000 0.514090
vt 0.464050 0.510030
vt 0.414600 0.291860
vt 0.606770 0.406730
vt 0.602580 0.409750
vt 0.603100 0.406110
vt 0.658910 0.107790
vt 0.542070 0.316290
vt 0.545550 0.316850
vt 0.544910 0.314240
vt 0.415800 0.132590
vt 0.418270 0.131480
vt 0.404890 0.314010
vt 0.596060 0.146790
vt 0.710360 0.314250
vt 0.709210 0.304240
vt 0.714790 0.309270
vt 0.462760 0.292980
vt 0.464850 0.290090
vt 0.574310 0.217770
vt 0.574620 0.208330
vt 0.474530 0.459740
vt 0.477920 0.461470
vt 0.596210 0.205200
vt 0.471210 0.447950
vt 0.624990 0.462620
vt 0.483420 0.143100
vt 0.475260 0.147830
vt 0.477440 0.148240
vt 0.365170 0.187650
vt 0.358920 0.184270
vt 0.366040 0.184180
vt 0.535930 0.243170
vt 0.537710 0.245420
vt 0.511470 0.216810
vt 0.629910 0.453960
vt 0.573970 0.135040
vt 0.579150 0.132700
vt 0.512780 0.171640
vt 0.509230 0.170120
vt 0.515210 0.171150
vt 0.506830 0.231050
vt 0.505730 0.239040
vt 0.534100 0.256300
vt 0.534840 0.251640
vt 0.695080 0.319150
vt 0.401920 0.292500
vt 0.404840 0.291720
vt 0.535950 0.253390
vt 0.377100 0.398300
vt 0.377070 0.400620
vt 0.650520 0.262320
vt 0.644460 0.265140
vt 0.649580 0.250890
vt 0.546470 0.232760
vt 0.643370 0.256270
vt 0.430170 0.364410
vt 0.426980 0.369010
vt 0.529940 0.379260
vt 0.526350 0.377460
vt 0.528760 0.467740
vt 0.530400 0.470970
vt 0.525320 0.469610
vt 0.524840 0.465450
vt 0.559550 0.364510
vt 0.564560 0.359980
vt 0.433340 0.151970
vt 0.435740 0.148400
vt 0.575020 0.474350
vt 0.566820 0.482770
vt 0.493350 0.324100
vt 0.491400 0.325900
vt 0.562340 0.510830
vt 0.600790 0.078300
vt 0.611070 0.077960
vt 0.608350 0.081510
vt 0.609770 0.085080
vt 0.367920 0.154570
vt 0.362500 0.151830
vt 0.359710 0.151070
vt 0.367590 0.156510
vt 0.439730 0.311340
vt 0.438740 0.377490
vt 0.631430 0.312300
vt 0.631220 0.309160
vt 0.634050 0.306660
vt 0.434340 0.289810
vt 0.436350 0.296740
vt 0.634290 0.299450
vt 0.633800 0.303430
vt 0.534190 0.358950
vt 0.534700 0.356890
vt 0.449050 0.449110
vt 0.444660 0.446640
vt 0.345980 0.340820
vt 0.352590 0.336240
vt 0.354820 0.349870
vt 0.348740 0.354880
vt 0.346280 0.348000
vt 0.400740 0.312750
vt 0.397640 0.310430
vt 0.653610 0.238600
vt 0.657400 0.237830
vt 0.657540 0.243780
vt 0.435570 0.400330
vt 0.434680 0.405740
vt 0.431360 0.408660
vt 0.705460 0.407170
vt 0.712950 0.397790
vt 0.707870 0.411530
vt 0.704280 0.414260
vt 0.577270 0.294840
vt 0.571190 0.294360
vt 0.413930 0.335860
vt 0.412760 0.343530
vt 0.567000 0.090380
vt 0.567680 0.289600
vt 0.573240 0.290200
vt 0.471140 0.412290
vt 0.641570 0.116490
vt 0.643720 0.115480
vt 0.637760 0.116010
vt 0.399060 0.489140
vt 0.509770 0.367270
vt 0.513010 0.368180
vt 0.506380 0.367830
vt 0.477230 0.365350
vt 0.471260 0.366870
vt 0.466530 0.371050
vt 0.476520 0.372760
vt 0.492250 0.224600
vt 0.463170 0.364470
vt 0.467430 0.362340
vt 0.650970 0.222630
vt 0.641170 0.225520
vt 0.637080 0.225380
vt 0.582670 0.149310
vt 0.586690 0.145150
vt 0.585770 0.147900
vt 0.619230 0.411840
vt 0.617980 0.406940
vt 0.621140 0.403920
vt 0.568240 0.232120
vt 0.567100 0.229000
vt 0.562850 0.229000
vt 0.389850 0.154330
vt 0.383880 0.149110
vt 0.376450 0.153330
vt 0.312570 0.260300
vt 0.625090 0.175770
vt 0.423860 0.435440
vt 0.424870 0.430130
vt 0.426570 0.435020
vt 0.642410 0.492910
vt 0.677910 0.421470
vt 0.678780 0.416180
vt 0.453700 0.313560
vt 0.457110 0.314690
vt 0.540330 0.351840
vt 0.540810 0.348570
vt 0.541970 0.358460
vt 0.457820 0.309270
vt 0.392670 0.395460
vt 0.391040 0.398380
vt 0.613380 0.179530
vt 0.612260 0.182310
vt 0.401120 0.298140
vt 0.646130 0.085540
vt 0.647400 0.091680
vt 0.643150 0.084330
vt 0.455640 0.281920
vt 0.613550 0.232130
vt 0.495950 0.323380
vt 0.499120 0.327760
vt 0.358670 0.286790
vt 0.361900 0.281640
vt 0.685820 0.452590
vt 0.617970 0.212140
vt 0.470800 0.138250
vt 0.525290 0.361370
vt 0.606860 0.268610
vt 0.610430 0.260470
vt 0.550830 0.215560
vt 0.445410 0.505230
vt 0.442710 0.507220
vt 0.433840 0.500470
vt 0.680780 0.245490
vt 0.331430 0.210450
vt 0.334570 0.214530
vt 0.326920 0.206460
vt 0.432890 0.502410
vt 0.479750 0.183720
vt 0.360260 0.429030
vt 0.355410 0.427050
vt 0.712920 0.230520
vt 0.710900 0.220520
vt 0.415220 0.496290
vt 0.408420 0.497830
vt 0.388460 0.328200
vt 0.711530 0.236650
vt 0.712950 0.246780
vt 0.717260 0.239700
vt 0.644990 0.111490
vt 0.404260 0.406170
vt 0.540700 0.138160
vt 0.728320 0.258090
vt 0.730510 0.253590
vt 0.725370 0.255570
vt 0.722830 0.253600
vt 0.328110 0.317820
vt 0.322890 0.320190
vt 0.318210 0.316520
vt 0.728470 0.303440
vt 0.662290 0.179650
vt 0.652070 0.479460
vt 0.656990 0.477210
vt 0.477190 0.305060
vt 0.475610 0.296470
vt 0.543820 0.340130
vt 0.539260 0.340510
vt 0.550080 0.343070
vt 0.637410 0.483910
vt 0.518260 0.111500
vt 0.551520 0.343140
vt 0.552190 0.346960
vt 0.360660 0.126070
vt 0.362810 0.121280
vt 0.364090 0.124650
vt 0.503680 0.355830
vt 0.412710 0.440430
vt 0.406720 0.445680
vt 0.467990 0.090730
vt 0.472480 0.086930
vt 0.471750 0.090420
vt 0.581910 0.140590
vt 0.579450 0.135400
vt 0.427060 0.215000
vt 0.447120 0.104240
vt 0.452920 0.107650
vt 0.455030 0.096160
vt 0.556150 0.101410
vt 0.557220 0.102750
vt 0.671670 0.214390
vt 0.371740 0.286220
vt 0.599300 0.230440
vt 0.597320 0.226680
vt 0.602480 0.230540
vt 0.595020 0.439200
vt 0.590380 0.442820
vt 0.591440 0.437400
vt 0.594790 0.446630
vt 0.516660 0.315450
vt 0.395840 0.494610
vt 0.403290 0.504820
vt 0.526200 0.125440
vt 0.529480 0.128250
vt 0.531380 0.091280
vt 0.531750 0.084590
vt 0.526680 0.087440
vt 0.601410 0.453670
vt 0.602380 0.462470
vt 0.604680 0.456630
vt 0.658980 0.277290
vt 0.660750 0.287240
vt 0.657640 0.285950
vt 0.659580 0.280970
vt 0.404970 0.371790
vt 0.539440 0.083010
vt 0.496660 0.147630
vt 0.535650 0.081780
vt 0.489360 0.181200
vt 0.337210 0.188670
vt 0.333080 0.193170
vt 0.332450 0.188080
vt 0.335030 0.185050
vt 0.518250 0.073100
vt 0.571460 0.449890
vt 0.384980 0.444730
vt 0.393300 0.454990
vt 0.381070 0.447210
vt 0.394350 0.438120
vt 0.392680 0.444660
vt 0.564210 0.352040
vt 0.460720 0.166510
vt 0.580150 0.433540
vt 0.399770 0.429320
vt 0.451780 0.453540
vt 0.445720 0.461490
vt 0.447650 0.458730
vt 0.486300 0.490040
vt 0.480130 0.487600
vt 0.488940 0.486710
vt 0.446020 0.160060
vt 0.375190 0.451290
vt 0.373960 0.455530
vt 0.620150 0.233950
vt 0.626770 0.231290
vt 0.439660 0.159280
vt 0.442120 0.160950
vt 0.502860 0.242450
vt 0.501650 0.255050
vt 0.379370 0.460070
vt 0.385530 0.460420
vt 0.378880 0.465560
vt 0.376760 0.448520
vt 0.429660 0.249710
vt 0.426750 0.245100
vt 0.423300 0.247670
vt 0.548960 0.169650
vt 0.321890 0.230540
vt 0.325210 0.229890
vt 0.318880 0.233330
vt 0.428600 0.255890
vt 0.422950 0.263850
vt 0.381940 0.455970
vt 0.388120 0.454440
vt 0.490140 0.471520
vt 0.345710 0.252150
vt 0.342960 0.257330
vt 0.435200 0.251270
vt 0.704670 0.310530
vt 0.395260 0.275810
vt 0.400140 0.270630
vt 0.370350 0.130160
vt 0.608810 0.367730
vt 0.611890 0.361660
vt 0.614020 0.365970
vt 0.600090 0.379590
vt 0.606740 0.373600
vt 0.605120 0.386760
vt 0.514830 0.273950
vt 0.519770 0.278010
vt 0.517690 0.275620
vt 0.570080 0.506320
vt 0.565350 0.507780
vt 0.685130 0.380910
vt 0.602900 0.385110
vt 0.601600 0.389210
vt 0.486200 0.102070
vt 0.515740 0.288130
vt 0.692440 0.377970
vt 0.679680 0.375840
vt 0.683410 0.373910
vt 0.407370 0.461960
vt 0.408520 0.455430
vt 0.410340 0.473420
vt 0.568350 0.282470
vt 0.342220 0.273650
vt 0.337880 0.276730
vt 0.336090 0.274910
vt 0.332880 0.281990
vt 0.427850 0.410030
vt 0.735880 0.295790
vt 0.734240 0.308630
vt 0.512170 0.459920
vt 0.455820 0.348650
vt 0.396390 0.222680
vt 0.399340 0.232830
vt 0.355110 0.277170
vt 0.508600 0.457390
vt 0.377580 0.436290
vt 0.360550 0.433120
vt 0.542270 0.283210
vt 0.580540 0.103950
vt 0.475880 0.180430
vt 0.475110 0.183210
vt 0.478310 0.180480
vt 0.369010 0.434320
vt 0.365710 0.430450
vt 0.625720 0.113360
vt 0.578350 0.150540
vt 0.580400 0.154980
vt 0.574880 0.154550
vt 0.573360 0.151930
vt 0.598800 0.244970
vt 0.596560 0.252500
vt 0.640760 0.329870
vt 0.638750 0.324260
vt 0.641990 0.320130
vt 0.632380 0.327200
vt 0.321130 0.158040
vt 0.316040 0.159470
vt 0.606030 0.451530
vt 0.600680 0.449020
vt 0.703400 0.198240
vt 0.427430 0.240060
vt 0.594170 0.192230
vt 0.679130 0.372400
vt 0.675410 0.370120
vt 0.660330 0.374070
vt 0.660380 0.484690
vt 0.501360 0.301910
vt 0.506410 0.302560
vt 0.470090 0.379210
vt 0.470510 0.376000
vt 0.663530 0.479970
vt 0.614070 0.443190
vt 0.615500 0.436860
vt 0.620500 0.439140
vt 0.616120 0.446270
vt 0.652500 0.266880
vt 0.660150 0.262220
vt 0.518020 0.484750
vt 0.649600 0.445990
vt 0.610830 0.435370
vt 0.661460 0.464450
vt 0.652490 0.465380
vt 0.657980 0.464750
vt 0.531850 0.421060
vt 0.536820 0.423450
vt 0.367090 0.117570
vt 0.446890 0.333550
vt 0.578150 0.467430
vt 0.407190 0.168290
vt 0.631790 0.364470
vt 0.315800 0.214660
vt 0.313440 0.209320
vt 0.322410 0.213110
vt 0.612060 0.082950
vt 0.617930 0.081500
vt 0.618130 0.317060
vt 0.608030 0.318410
vt 0.489290 0.316090
vt 0.489580 0.324570
vt 0.485580 0.475350
vt 0.494560 0.489940
vt 0.356320 0.296010
vt 0.356950 0.299400
vt 0.357360 0.303630
vt 0.337990 0.298650
vt 0.348170 0.254200
vt 0.344810 0.297820
vt 0.579700 0.325670
vt 0.598290 0.325730
vt 0.591260 0.321690
vt 0.674470 0.264990
vt 0.678770 0.254680
vt 0.676990 0.264710
vt 0.675480 0.258460
vt 0.665720 0.378380
vt 0.675770 0.272670
vt 0.657190 0.386460
vt 0.651620 0.390180
vt 0.649190 0.387990
vt 0.443340 0.473680
vt 0.665980 0.261230
vt 0.662330 0.262820
vt 0.665040 0.256380
vt 0.527750 0.149180
vt 0.525240 0.147030
vt 0.524940 0.149340
vt 0.651740 0.092810
vt 0.562720 0.158290
vt 0.422670 0.495800
vt 0.650500 0.280670
vt 0.544050 0.396860
vt 0.576700 0.157550
vt 0.570080 0.158260
vt 0.571680 0.160810
vt 0.352950 0.402040
vt 0.343820 0.403290
vt 0.347450 0.400450
vt 0.554130 0.250110
vt 0.559250 0.244640
vt 0.470990 0.153480
vt 0.593490 0.214030
vt 0.598200 0.215170
vt 0.598240 0.221990
vt 0.367280 0.237720
vt 0.358870 0.227940
vt 0.348120 0.360520
vt 0.350480 0.368590
vt 0.322050 0.236650
vt 0.413980 0.135680
vt 0.635460 0.421420
vt 0.627140 0.438440
vt 0.528730 0.163040
vt 0.523430 0.164370
vt 0.483280 0.317210
vt 0.627830 0.428310
vt 0.628870 0.423280
vt 0.721050 0.250670
vt 0.715630 0.243760
vt 0.575820 0.313560
vt 0.579190 0.309500
vt 0.353190 0.135490
vt 0.415780 0.405310
vt 0.409230 0.399630
vt 0.358580 0.283060
vt 0.421430 0.404000
vt 0.322120 0.173740
vt 0.553840 0.230630
vt 0.554940 0.224440
vt 0.550860 0.224860
vt 0.552010 0.227590
vt 0.660060 0.104920
vt 0.660780 0.107130
vt 0.443610 0.185010
vt 0.450890 0.187560
vt 0.518860 0.371200
vt 0.524080 0.372380
vt 0.526060 0.374310
vt 0.441320 0.180390
vt 0.443380 0.188600
vt 0.512300 0.257670
vt 0.514540 0.255640
vt 0.342860 0.241910
vt 0.337540 0.241960
vt 0.522740 0.262840
vt 0.676700 0.455050
vt 0.454600 0.501080
vt 0.479160 0.501930
vt 0.374000 0.403640
vt 0.673930 0.447790
vt 0.470350 0.500650
vt 0.470850 0.505200
vt 0.564740 0.406090
vt 0.407350 0.453890
vt 0.409200 0.448260
vt 0.412180 0.446460
vt 0.531310 0.344290
vt 0.346230 0.219810
vt 0.475100 0.168750
vt 0.479060 0.166230
vt 0.505530 0.120750
vt 0.422670 0.393550
vt 0.579840 0.445050
vt 0.473520 0.260660
vt 0.470930 0.263370
vt 0.419360 0.388950
vt 0.678190 0.221070
vt 0.680570 0.226140
vt 0.675780 0.214330
vt 0.566300 0.139690
vt 0.572780 0.133860
vt 0.562650 0.141370
vt 0.386840 0.389440
vt 0.392340 0.388580
vt 0.545480 0.077760
vt 0.550540 0.079850
vt 0.543050 0.080350
vt 0.328730 0.321320
vt 0.323180 0.323620
vt 0.512590 0.295670
vt 0.590130 0.170760
vt 0.335730 0.310980
vt 0.697920 0.239030
vt 0.598680 0.411770
vt 0.670580 0.102870
vt 0.417490 0.146090
vt 0.411050 0.145310
vt 0.548490 0.324570
vt 0.560700 0.439580
vt 0.404230 0.159400
vt 0.553560 0.303300
vt 0.556020 0.299450
vt 0.555660 0.307240
vt 0.538050 0.348240
vt 0.607450 0.424850
vt 0.692260 0.359090
vt 0.692410 0.352980
vt 0.697690 0.355690
vt 0.704180 0.376780
vt 0.619890 0.147040
vt 0.615060 0.150970
vt 0.547620 0.260050
vt 0.542050 0.259540
vt 0.616900 0.155900
vt 0.705280 0.363340
vt 0.704520 0.356140
vt 0.708620 0.358470
vt 0.704700 0.350670
vt 0.621680 0.160550
vt 0.708300 0.350080
vt 0.710000 0.356010
vt 0.709390 0.348600
vt 0.713690 0.353450
vt 0.599580 0.340760
vt 0.717250 0.345970
vt 0.708330 0.346060
vt 0.715930 0.339680
vt 0.715750 0.323370
vt 0.710680 0.319070
vt 0.565720 0.470780
vt 0.717180 0.348730
vt 0.720520 0.341360
vt 0.671990 0.123190
vt 0.677420 0.120170
vt 0.694090 0.264720
vt 0.653300 0.201380
vt 0.573390 0.240490
vt 0.569850 0.235040
vt 0.576990 0.197820
vt 0.576030 0.203550
vt 0.438650 0.279820
vt 0.650790 0.203460
vt 0.577350 0.249400
vt 0.557950 0.107430
vt 0.731570 0.328030
vt 0.730550 0.331880
vt 0.569510 0.122990
vt 0.570440 0.115510
vt 0.524570 0.278590
vt 0.521170 0.275220
vt 0.695450 0.465790
vt 0.701080 0.449770
vt 0.707360 0.453200
vt 0.433590 0.155970
vt 0.586360 0.188970
vt 0.335510 0.172140
vt 0.336850 0.175280
vt 0.632140 0.186910
vt 0.634720 0.184720
vt 0.648500 0.488880
vt 0.712840 0.384340
vt 0.714890 0.366450
vt 0.594910 0.264020
vt 0.515490 0.158100
vt 0.400340 0.340310
vt 0.495780 0.084500
vt 0.499490 0.082310
vt 0.494200 0.291280
vt 0.502890 0.330050
vt 0.488000 0.295080
vt 0.488280 0.291210
vt 0.485440 0.302110
vt 0.349640 0.166520
vt 0.352290 0.166810
vt 0.347570 0.163380
vt 0.344880 0.160440
vt 0.545410 0.183610
vt 0.485780 0.453430
vt 0.554420 0.170930
vt 0.366630 0.221170
vt 0.371110 0.218580
vt 0.672690 0.231820
vt 0.707010 0.199600
vt 0.412240 0.508250
vt 0.404940 0.498780
vt 0.415650 0.507250
vt 0.546960 0.325110
vt 0.540900 0.293890
vt 0.652240 0.383290
vt 0.327560 0.283560
vt 0.328540 0.279010
vt 0.327750 0.290010
vt 0.347020 0.233950
vt 0.681650 0.138470
vt 0.322390 0.326680
vt 0.326300 0.325210
vt 0.648240 0.399290
vt 0.473370 0.430350
vt 0.469860 0.427340
vt 0.405850 0.381170
vt 0.590040 0.228090
vt 0.606330 0.210360
vt 0.583310 0.223400
vt 0.496910 0.504840
vt 0.505090 0.499020
vt 0.501160 0.511990
vt 0.495110 0.513210
vt 0.394750 0.325820
vt 0.390430 0.324650
vt 0.396960 0.318640
vt 0.491820 0.516380
vt 0.500970 0.488360
vt 0.375990 0.462010
vt 0.454130 0.119290
vt 0.500090 0.517360
vt 0.494360 0.519290
vt 0.433160 0.130800
vt 0.430200 0.128070
vt 0.437770 0.126050
vt 0.437250 0.133620
vt 0.470390 0.486700
vt 0.587020 0.161360
vt 0.586530 0.164170
vt 0.585320 0.165890
vt 0.319900 0.377920
vt 0.431530 0.222060
vt 0.453490 0.112710
vt 0.442280 0.115190
vt 0.502240 0.078250
vt 0.542360 0.306930
vt 0.507300 0.191420
vt 0.536010 0.150590
vt 0.537820 0.148390
vt 0.596530 0.084070
vt 0.587330 0.081200
vt 0.686510 0.358600
vt 0.691580 0.348770
vt 0.540800 0.382010
vt 0.542400 0.381130
vt 0.441070 0.176020
vt 0.466790 0.176060
vt 0.469910 0.173160
vt 0.656850 0.132990
vt 0.564970 0.111650
vt 0.562860 0.110920
vt 0.469240 0.245340
vt 0.550720 0.121120
vt 0.549180 0.123470
vt 0.634050 0.095080
vt 0.385620 0.170550
vt 0.380730 0.168270
vt 0.381400 0.171180
vt 0.522700 0.469460
vt 0.641280 0.418400
vt 0.652790 0.406690
vt 0.604080 0.338210
vt 0.589330 0.269680
vt 0.585650 0.264620
vt 0.534970 0.469890
vt 0.581600 0.268600
vt 0.364570 0.179580
vt 0.490800 0.186390
vt 0.510730 0.158030
vt 0.706510 0.367600
vt 0.709010 0.361550
vt 0.713180 0.359790
vt 0.706690 0.398540
vt 0.658930 0.417260
vt 0.711010 0.388520
vt 0.708440 0.391180
vt 0.645270 0.165140
vt 0.566960 0.453180
vt 0.568600 0.492190
vt 0.577850 0.487010
vt 0.316630 0.288280
vt 0.670260 0.437990
vt 0.667550 0.433060
vt 0.526150 0.360200
vt 0.546250 0.117830
vt 0.687180 0.285270
vt 0.695120 0.279560
vt 0.552620 0.119940
vt 0.385670 0.308450
vt 0.384090 0.305850
vt 0.383430 0.302740
vt 0.380980 0.307870
vt 0.392600 0.171570
vt 0.670910 0.428310
vt 0.524940 0.305880
vt 0.525350 0.308480
vt 0.485080 0.308350
vt 0.487570 0.306820
vt 0.488150 0.310290
vt 0.564990 0.312770
vt 0.569010 0.312680
vt 0.673640 0.143470
vt 0.666770 0.140920
vt 0.514930 0.279400
vt 0.392820 0.137260
vt 0.628960 0.296190
vt 0.603540 0.108690
vt 0.599630 0.108880
vt 0.608020 0.108960
vt 0.601900 0.110880
vt 0.407350 0.122580
vt 0.500660 0.244060
vt 0.344320 0.205150
vt 0.665270 0.466630
vt 0.660380 0.156220
vt 0.537990 0.363120
vt 0.669760 0.468120
vt 0.404060 0.248060
vt 0.397470 0.245630
vt 0.394160 0.232830
vt 0.391010 0.243330
vt 0.387020 0.241020
vt 0.555970 0.148220
vt 0.401760 0.236920
vt 0.492420 0.140300
vt 0.387540 0.309530
vt 0.636800 0.384950
vt 0.425370 0.146070
vt 0.335810 0.379720
vt 0.341630 0.373260
vt 0.340200 0.381330
vt 0.357990 0.380200
vt 0.349550 0.375840
vt 0.355690 0.382000
vt 0.436340 0.325720
vt 0.349060 0.370760
vt 0.414220 0.300620
vt 0.412550 0.297730
vt 0.462760 0.089990
vt 0.565610 0.309190
vt 0.339520 0.182690
vt 0.340860 0.177020
vt 0.573780 0.420510
vt 0.346710 0.199710
vt 0.351000 0.194440
vt 0.660520 0.401040
vt 0.615140 0.101360
vt 0.595600 0.141620
vt 0.703780 0.293880
vt 0.468590 0.359200
vt 0.474230 0.361720
vt 0.471750 0.358690
vt 0.672170 0.411020
vt 0.669070 0.410990
vt 0.333130 0.155970
vt 0.333300 0.161100
vt 0.500840 0.427190
vt 0.655420 0.179130
vt 0.662320 0.185320
vt 0.666710 0.189900
vt 0.717290 0.355090
vt 0.388610 0.377380
vt 0.387380 0.382940
vt 0.708800 0.214110
vt 0.569960 0.468350
vt 0.611450 0.441320
vt 0.539230 0.408760
vt 0.587180 0.090920
vt 0.429540 0.512940
vt 0.423360 0.514260
vt 0.548360 0.462000
vt 0.409820 0.335150
vt 0.412020 0.327290
vt 0.578990 0.176710
vt 0.362740 0.176420
vt 0.461220 0.507220
vt 0.454920 0.507970
vt 0.578330 0.109470
vt 0.588710 0.192970
vt 0.590670 0.190260
vt 0.386830 0.208420
vt 0.379470 0.206010
vt 0.524590 0.289670
vt 0.548490 0.215750
vt 0.553580 0.309570
vt 0.396030 0.200520
vt 0.576520 0.400760
vt 0.574790 0.407330
vt 0.534110 0.446770
vt 0.537840 0.438330
vt 0.718130 0.284570
vt 0.719710 0.291850
vt 0.722430 0.287080
vt 0.521720 0.448130
vt 0.531030 0.445190
vt 0.532980 0.095170
vt 0.588950 0.324850
vt 0.553100 0.330600
vt 0.410200 0.329960
vt 0.413340 0.330770
vt 0.363300 0.441100
vt 0.363870 0.447080
vt 0.624110 0.497710
vt 0.624070 0.493960
vt 0.627790 0.498140
vt 0.345540 0.285560
vt 0.344790 0.289370
vt 0.406990 0.413860
vt 0.443490 0.297080
vt 0.362890 0.436460
vt 0.347370 0.284470
vt 0.444270 0.293100
vt 0.443530 0.300460
vt 0.392960 0.247450
vt 0.385740 0.251650
vt 0.440820 0.295490
vt 0.314410 0.296470
vt 0.458770 0.435540
vt 0.631820 0.281000
vt 0.534740 0.123660
vt 0.329670 0.284400
vt 0.437220 0.409780
vt 0.651910 0.197190
vt 0.655760 0.198100
vt 0.516740 0.338400
vt 0.585850 0.151840
vt 0.353870 0.265010
vt 0.544460 0.260880
vt 0.538070 0.106470
vt 0.543650 0.117280
vt 0.458820 0.289120
vt 0.451850 0.132750
vt 0.459000 0.128680
vt 0.569770 0.073030
vt 0.565120 0.075660
vt 0.464210 0.448580
vt 0.466440 0.446170
vt 0.468100 0.449600
vt 0.597860 0.488420
vt 0.588440 0.485780
vt 0.607830 0.489210
vt 0.596950 0.491030
vt 0.578990 0.489930
vt 0.581580 0.494650
vt 0.588220 0.488230
vt 0.695550 0.457850
vt 0.698190 0.445030
vt 0.616740 0.411800
vt 0.700370 0.418170
vt 0.658780 0.428490
vt 0.407870 0.240820
vt 0.406280 0.246960
vt 0.720450 0.351700
vt 0.463810 0.474800
vt 0.717440 0.359910
vt 0.661880 0.423000
vt 0.412660 0.259730
vt 0.422910 0.402420
vt 0.425070 0.399480
vt 0.481360 0.271400
vt 0.419880 0.184430
vt 0.658990 0.230070
vt 0.459790 0.140650
vt 0.343450 0.302720
vt 0.347720 0.299940
vt 0.446830 0.448410
vt 0.444810 0.449670
vt 0.324960 0.259170
vt 0.544120 0.435000
vt 0.468880 0.445530
vt 0.587300 0.385200
vt 0.588960 0.389600
vt 0.536150 0.426500
vt 0.541480 0.428110
vt 0.513500 0.294040
vt 0.356720 0.430730
vt 0.561630 0.204910
vt 0.558730 0.206890
vt 0.553540 0.094210
vt 0.407670 0.308660
vt 0.502240 0.473550
vt 0.503890 0.472350
vt 0.480620 0.336910
vt 0.584810 0.367460
vt 0.586590 0.376070
vt 0.576660 0.362440
vt 0.576220 0.365650
vt 0.626080 0.172160
vt 0.524330 0.250190
vt 0.483490 0.185210
vt 0.627320 0.084880
vt 0.629430 0.083730
vt 0.580960 0.093020
vt 0.584120 0.091450
vt 0.317590 0.268960
vt 0.321060 0.269630
vt 0.315390 0.266730
vt 0.630920 0.381020
vt 0.409160 0.186890
vt 0.415750 0.190660
vt 0.630520 0.377380
vt 0.648140 0.347080
vt 0.644240 0.342880
vt 0.684890 0.230630
vt 0.576520 0.444320
vt 0.428560 0.448810
vt 0.596350 0.449090
vt 0.432120 0.449090
vt 0.433530 0.445360
vt 0.429450 0.452710
vt 0.476750 0.467540
vt 0.587640 0.446260
vt 0.411800 0.102340
vt 0.408090 0.096570
vt 0.402520 0.374030
vt 0.527210 0.174350
vt 0.627840 0.088530
vt 0.631450 0.091990
vt 0.615970 0.384380
vt 0.614670 0.380970
vt 0.516610 0.227920
vt 0.512480 0.518740
vt 0.534780 0.514050
vt 0.530080 0.520280
vt 0.522630 0.519510
vt 0.555670 0.181660
vt 0.392160 0.271940
vt 0.602780 0.147310
vt 0.596090 0.148820
vt 0.351240 0.398680
vt 0.350710 0.390670
vt 0.352450 0.392580
vt 0.402600 0.408480
vt 0.317420 0.177170
vt 0.693940 0.370670
vt 0.340680 0.325620
vt 0.341860 0.321370
vt 0.365420 0.257210
vt 0.404490 0.234840
vt 0.637080 0.132860
vt 0.327270 0.373860
vt 0.642300 0.335480
vt 0.640570 0.336680
vt 0.455710 0.487110
vt 0.670380 0.107230
vt 0.492070 0.286600
vt 0.421980 0.144070
vt 0.445090 0.225040
vt 0.508360 0.203540
vt 0.605450 0.157950
vt 0.542980 0.480150
vt 0.542510 0.484450
vt 0.318210 0.168900
vt 0.317950 0.162770
vt 0.578830 0.411810
vt 0.391640 0.296620
vt 0.505250 0.158620
vt 0.600230 0.106310
vt 0.654640 0.112070
vt 0.652310 0.109940
vt 0.498970 0.522150
vt 0.528920 0.418020
vt 0.404700 0.237560
vt 0.405730 0.234300
vt 0.602360 0.271600
vt 0.597940 0.273200
vt 0.382790 0.327570
vt 0.385540 0.326390
vt 0.344600 0.235530
vt 0.393190 0.351860
vt 0.713090 0.290630
vt 0.611020 0.173640
vt 0.608260 0.507080
vt 0.565070 0.413040
vt 0.664300 0.240900
vt 0.687180 0.336260
vt 0.686200 0.338450
vt 0.538770 0.125480
vt 0.340030 0.346260
vt 0.345370 0.362460
vt 0.346520 0.356160
vt 0.545790 0.145490
vt 0.369140 0.416090
vt 0.364380 0.409140
vt 0.387730 0.442850
vt 0.393690 0.453440
vt 0.394180 0.450750
vt 0.544540 0.302250
vt 0.312400 0.221430
vt 0.320870 0.148120
vt 0.323250 0.249410
vt 0.578000 0.269350
vt 0.452920 0.382890
vt 0.455750 0.386250
vt 0.450890 0.372970
vt 0.606480 0.191860
vt 0.649170 0.456920
vt 0.648640 0.465090
vt 0.528780 0.375200
vt 0.489210 0.339220
vt 0.538750 0.389000
vt 0.547540 0.394440
vt 0.574260 0.244250
vt 0.576320 0.243760
vt 0.575280 0.245920
vt 0.578740 0.246630
vt 0.386750 0.402480
vt 0.719960 0.255940
vt 0.527230 0.253220
vt 0.711770 0.250570
vt 0.714770 0.259980
vt 0.423210 0.306670
vt 0.707850 0.343060
vt 0.713130 0.331600
vt 0.718330 0.334390
vt 0.711840 0.340700
vt 0.539740 0.326370
vt 0.448650 0.169530
vt 0.703900 0.329840
vt 0.708860 0.330620
vt 0.706480 0.336050
vt 0.461570 0.464730
vt 0.404850 0.430540
vt 0.493380 0.244610
vt 0.655050 0.194980
vt 0.511640 0.127430
vt 0.551220 0.306830
vt 0.542630 0.313210
vt 0.661140 0.088570
vt 0.691800 0.321520
vt 0.337270 0.151710
vt 0.343010 0.147080
vt 0.337620 0.144780
vt 0.355340 0.421900
vt 0.632860 0.307150
vt 0.680870 0.455050
vt 0.554060 0.285700
vt 0.661310 0.458100
vt 0.315210 0.291270
vt 0.367320 0.123240
vt 0.616580 0.390180
vt 0.625280 0.421330
vt 0.621640 0.420510
vt 0.627320 0.421930
vt 0.625160 0.424940
vt 0.622370 0.426740
vt 0.423390 0.464690
vt 0.420470 0.469860
vt 0.674350 0.337660
vt 0.516550 0.305860
vt 0.401400 0.360400
vt 0.401260 0.357800
vt 0.391140 0.410680
vt 0.388810 0.405830
vt 0.554890 0.220330
vt 0.330990 0.247340
vt 0.620690 0.343870
vt 0.570160 0.314450
vt 0.577850 0.318990
vt 0.667570 0.265420
vt 0.596400 0.363840
vt 0.577920 0.476070
vt 0.581590 0.476530
vt 0.713600 0.168980
vt 0.711420 0.179480
vt 0.707530 0.162210
vt 0.692890 0.171110
vt 0.702950 0.164630
vt 0.704880 0.178740
vt 0.715080 0.177600
vt 0.712600 0.187830
vt 0.470720 0.327620
vt 0.486530 0.148320
vt 0.461470 0.193220
vt 0.466870 0.191320
vt 0.426950 0.178190
vt 0.360640 0.279630
vt 0.713720 0.315890
vt 0.717770 0.319610
vt 0.725500 0.310770
vt 0.725240 0.315880
vt 0.536160 0.512250
vt 0.476080 0.374640
vt 0.474360 0.381560
vt 0.343280 0.163660
vt 0.576260 0.215190
vt 0.310790 0.280870
vt 0.312320 0.271510
vt 0.504960 0.148650
vt 0.404410 0.464560
vt 0.603100 0.446820
vt 0.511990 0.227650
vt 0.607430 0.146210
vt 0.415950 0.111320
vt 0.597720 0.505790
vt 0.595300 0.170420
vt 0.588910 0.164660
vt 0.519220 0.079800
vt 0.590470 0.167690
vt 0.638830 0.408130
vt 0.634890 0.407020
vt 0.659790 0.114420
vt 0.619830 0.487300
vt 0.631000 0.407440
vt 0.616570 0.343860
vt 0.370490 0.431040
vt 0.319520 0.197860
vt 0.317300 0.204320
vt 0.418830 0.287590
vt 0.414760 0.332650
vt 0.679710 0.251970
vt 0.395220 0.492030
vt 0.376580 0.454920
vt 0.344970 0.370290
vt 0.341220 0.173600
vt 0.532290 0.495500
vt 0.345630 0.174340
vt 0.645020 0.316410
vt 0.649240 0.320330
vt 0.448470 0.122340
vt 0.398720 0.305030
vt 0.702060 0.364600
vt 0.703460 0.366730
vt 0.539010 0.219910
vt 0.534040 0.221090
vt 0.702700 0.369760
vt 0.699970 0.373330
vt 0.699510 0.366150
vt 0.697200 0.364860
vt 0.698620 0.359020
vt 0.379050 0.226780
vt 0.700830 0.358360
vt 0.696050 0.363960
vt 0.693010 0.364870
vt 0.695220 0.367690
vt 0.691590 0.364550
vt 0.627600 0.091290
vt 0.629460 0.094160
vt 0.430110 0.314840
vt 0.431070 0.317010
vt 0.509030 0.260590
vt 0.602330 0.225880
vt 0.604720 0.230240
vt 0.364910 0.167570
vt 0.567580 0.222470
vt 0.463640 0.408120
vt 0.515130 0.431890
vt 0.511400 0.437730
vt 0.689540 0.463510
vt 0.639330 0.423200
vt 0.325270 0.341660
vt 0.480840 0.139970
vt 0.420890 0.306170
vt 0.670260 0.147960
vt 0.666090 0.152060
vt 0.667390 0.143590
vt 0.717550 0.250080
vt 0.613450 0.357530
vt 0.616910 0.359200
vt 0.530760 0.329680
vt 0.638180 0.399870
vt 0.392460 0.134450
vt 0.514710 0.458620
vt 0.375520 0.156360
vt 0.358620 0.322370
vt 0.560260 0.125740
vt 0.439720 0.511280
vt 0.700390 0.133610
vt 0.670150 0.255800
vt 0.637610 0.494710
vt 0.630650 0.499180
vt 0.571110 0.242970
vt 0.490240 0.142520
vt 0.521440 0.466830
vt 0.518150 0.254140
vt 0.659850 0.148180
vt 0.668450 0.167630
vt 0.666350 0.158830
vt 0.501860 0.080570
vt 0.644800 0.320030
vt 0.647690 0.324080
vt 0.644610 0.324970
vt 0.394970 0.168600
vt 0.692700 0.185200
vt 0.360090 0.323590
vt 0.361500 0.325830
vt 0.593710 0.260680
vt 0.355970 0.322980
vt 0.401960 0.218600
vt 0.387510 0.372220
vt 0.626880 0.318310
vt 0.584030 0.499120
vt 0.576300 0.504320
vt 0.495890 0.152550
vt 0.694990 0.309000
vt 0.606490 0.171840
vt 0.605830 0.168740
vt 0.523500 0.322630
vt 0.674770 0.101980
vt 0.468430 0.086950
vt 0.669020 0.390030
vt 0.634840 0.116570
vt 0.512610 0.180540
vt 0.549730 0.406350
vt 0.549210 0.410880
vt 0.544020 0.411840
vt 0.594130 0.124350
vt 0.453170 0.408750
vt 0.519150 0.450270
vt 0.564740 0.481140
vt 0.596070 0.375870
vt 0.377600 0.185190
vt 0.714970 0.250430
vt 0.663660 0.142630
vt 0.394160 0.244650
vt 0.328510 0.382600
vt 0.419100 0.305150
vt 0.373650 0.463520
vt 0.425860 0.221070
vt 0.430050 0.226100
vt 0.733850 0.273080
vt 0.735300 0.281250
vt 0.712300 0.424110
vt 0.707360 0.436180
vt 0.599170 0.146150
vt 0.719860 0.323740
vt 0.654190 0.296800
vt 0.531280 0.244790
vt 0.567470 0.272870
vt 0.688450 0.123150
vt 0.600390 0.289570
vt 0.416250 0.229420
vt 0.668930 0.178570
vt 0.582010 0.152080
vt 0.451180 0.136460
vt 0.666080 0.091220
vt 0.404310 0.097980
vt 0.708290 0.310780
vt 0.313650 0.284420
vt 0.474730 0.358230
vt 0.585680 0.088960
vt 0.524210 0.401140
vt 0.525690 0.401250
vt 0.720030 0.335340
vt 0.515600 0.192000
vt 0.519990 0.193960
vt 0.483050 0.334400
vt 0.616800 0.078460
vt 0.473420 0.184870
vt 0.471790 0.093120
vt 0.487400 0.378190
vt 0.700040 0.328560
vt 0.702360 0.337460
vt 0.700550 0.332080
vt 0.660350 0.458810
vt 0.535020 0.216910
vt 0.632820 0.429080
vt 0.635210 0.424160
vt 0.691940 0.307810
vt 0.583900 0.150790
vt 0.598010 0.461730
vt 0.447360 0.108350
vt 0.423980 0.309030
vt 0.375150 0.282230
vt 0.644100 0.495990
vt 0.626710 0.143040
vt 0.450420 0.097420
vt 0.574510 0.511050
vt 0.574640 0.507640
vt 0.564510 0.101960
vt 0.342130 0.300480
vt 0.601430 0.208360
vt 0.603970 0.205180
vt 0.319300 0.151750
vt 0.359570 0.129890
vt 0.615910 0.480440
vt 0.622910 0.480970
vt 0.379810 0.304420
vt 0.498410 0.483460
vt 0.504110 0.489010
vt 0.527130 0.107750
vt 0.606860 0.140320
vt 0.615880 0.466720
vt 0.700470 0.363970
vt 0.471580 0.407610
vt 0.507220 0.513690
vt 0.581980 0.457470
vt 0.653390 0.183790
vt 0.639440 0.340190
vt 0.544060 0.275700
vt 0.380680 0.232090
vt 0.484500 0.072480
vt 0.675640 0.171370
vt 0.637790 0.171180
vt 0.639940 0.171240
vt 0.465520 0.160870
vt 0.480490 0.475180
vt 0.449840 0.257320
vt 0.447520 0.256880
vt 0.447480 0.255560
vt 0.453370 0.292800
vt 0.460010 0.292570
vt 0.584560 0.388800
vt 0.494510 0.070550
vt 0.719320 0.327760
vt 0.721560 0.396710
vt 0.347150 0.244940
vt 0.503480 0.162290
vt 0.386760 0.440350
vt 0.527960 0.399820
vt 0.601230 0.458710
vt 0.562790 0.341180
vt 0.401210 0.394680
vt 0.605610 0.297500
vt 0.602660 0.506550
vt 0.538020 0.193600
vt 0.539120 0.322700
vt 0.618270 0.483880
vt 0.619540 0.478890
vt 0.385550 0.466030
vt 0.375680 0.456660
vt 0.673130 0.165820
vt 0.671720 0.170400
vt 0.671180 0.172950
vt 0.672280 0.177010
vt 0.665270 0.168080
vt 0.676220 0.176530
vt 0.728950 0.315610
vt 0.727780 0.310410
vt 0.431090 0.466100
vt 0.436990 0.505520
vt 0.660260 0.482050
vt 0.389800 0.158440
vt 0.482080 0.142440
vt 0.522400 0.379050
vt 0.733020 0.207370
vt 0.661300 0.416240
vt 0.569040 0.245660
vt 0.419280 0.334600
vt 0.605220 0.287480
vt 0.482110 0.242170
vt 0.511120 0.511370
vt 0.340360 0.277680
vt 0.601220 0.129020
vt 0.342640 0.350140
vt 0.467890 0.249010
vt 0.311080 0.252100
vt 0.323340 0.377500
vt 0.345240 0.270520
vt 0.673590 0.217460
vt 0.690060 0.460430
vt 0.457290 0.294100
vt 0.596410 0.220780
vt 0.383360 0.168840
vt 0.516180 0.371090
vt 0.694050 0.350560
vt 0.696340 0.349280
vt 0.659050 0.311040
vt 0.657490 0.308960
vt 0.508500 0.368910
vt 0.650720 0.089600
vt 0.340990 0.370060
vt 0.323550 0.342010
vt 0.318470 0.355250
vt 0.320560 0.349090
vt 0.371390 0.213770
vt 0.477870 0.071880
vt 0.476830 0.076290
vt 0.475080 0.069820
vt 0.481920 0.068870
vt 0.479950 0.074680
vt 0.657050 0.156270
vt 0.613860 0.434690
vt 0.609630 0.428990
vt 0.671890 0.361870
vt 0.694360 0.176330
vt 0.662500 0.361170
vt 0.663850 0.363850
vt 0.719840 0.358260
vt 0.692090 0.471550
vt 0.447930 0.167480
vt 0.607380 0.485140
vt 0.730290 0.223480
vt 0.441920 0.281540
vt 0.689710 0.353940
vt 0.549430 0.070410
vt 0.624550 0.464950
vt 0.455460 0.293300
vt 0.386680 0.468600
vt 0.321620 0.382740
vt 0.723910 0.335250
vt 0.396970 0.277910
vt 0.600770 0.178570
vt 0.528900 0.305500
vt 0.380660 0.469940
vt 0.738880 0.240920
vt 0.416710 0.358890
vt 0.630410 0.203060
vt 0.624290 0.205320
vt 0.493300 0.181860
vt 0.582120 0.489640
vt 0.472250 0.406510
vt 0.516670 0.519350
vt 0.401760 0.110160
s 1
f 1080/15/7 2554/16/8 508/17/9
f 347/18/10 2876/19/11 3181/20/12
f 3820/21/13 541/22/14 3465/23/15
f 4547/24/16 970/25/17 3143/26/18
f 1091/27/19 4355/28/20 5197/29/21
f 5344/30/22 341/31/23 1458/32/24
f 390/33/25 1379/34/26 2850/35/27
f 4315/36/28 5865/37/29 4313/38/30
f 5795/39/31 1819/40/32 3262/41/33
f 3494/42/34 1440/43/35 2955/44/36
f 2170/45/37 1288/46/38 675/47/39
f 3439/48/40 4477/49/41 943/50/42
f 4522/51/43 3298/52/44 5560/53/45
f 1533/54/46 3117/55/47 80/56/48
f 610/57/49 2856/58/50 3996/59/51
f 4839/60/52 938/61/53 1077/62/54
f 3275/63/55 322/64/56 1759/65/57
f 2739/66/58 4604/67/59 335/68/60
f 3989/69/61 5441/70/62 18/71/63
f 3776/72/64 1088/73/65 2731/74/66
f 5888/75/67 2097/76/68 5885/77/69
f 5067/78/70 1287/79/71 1879/80/72
f 320/81/73 5218/82/74 3844/83/75
f 5784/84/76 1856/85/77 2342/86/78
f 125/87/79 2274/88/80 2272/89/81
f 280/90/82 2837/91/83 1161/92/84
f 1026/93/85 1504/94/86 4594/95/87
f 1011/96/88 5101/97/89 4341/98/90
f 5777/99/91 1567/100/92 1789/101/93
f 949/102/94 4787/103/95 1314/104/96
f 4285/105/97 2411/106/98 614/107/99
f 5152/108/100 256/109/101 3044/110/102
f 3687/111/103 2962/112/104 4025/113/105
f 2729/114/106 620/115/107 1946/116/108
f 4791/117/109 89/118/110 5224/119/111
f 4025/113/105 2962/112/104 457/120/112
f 2651/121/113 2833/122/114 4240/123/115
f 5224/119/111 89/118/110 585/124/116
f 3434/125/117 2882/126/118 3203/127/119
f 276/128/120 3502/129/121 2393/130/122
f 5196/131/123 2131/132/124 434/133/125
f 3366/134/126 3369/135/127 1864/136/128
f 501/137/129 3653/138/130 3322/139/131
f 5716/140/132 2937/141/133 2519/142/134
f 3803/143/135 2630/144/136 4294/145/137
f 4450/146/138 48/147/139 2146/148/140
f 2502/149/141 1730/150/142 3556/151/143
f 3023/152/144 227/153/145 3152/154/146
f 1028/155/147 4635/156/148 537/157/149
f 4915/158/150 5502/159/151 1114/160/152
f 1643/161/153 779/162/154 5019/163/155
f 1149/164/156 5024/165/157 3552/166/158
f 2523/167/159 2714/168/160 4109/169/161
f 4260/170/162 4873/171/163 1303/172/164
f 2307/173/165 1081/174/166 3236/175/167
f 713/176/168 5657/177/169 1937/178/170
f 3083/179/171 182/180/172 2775/181/173
f 730/182/174 469/183/175 3877/184/176
f 3536/185/177 2248/186/178 4849/187/179
f 1878/188/180 1656/189/181 2785/190/182
f 1365/191/183 5016/192/184 3503/193/185
f 4177/194/186 4067/195/187 566/196/188
f 1850/197/189 215/198/190 848/199/191
f 1489/200/192 600/201/193 4421/202/194
f 1174/203/195 1592/204/196 3222/205/197
f 2648/206/198 2155/207/199 4962/208/200
f 4965/209/201 1670/210/202 5062/211/203
f 3536/185/177 3510/212/204 2248/186/178
f 2107/213/205 4974/214/206 602/215/207
f 2231/216/208 3108/217/209 2219/218/210
f 945/219/211 468/220/212 4685/221/213
f 2477/222/214 2574/223/215 2576/224/216
f 4677/225/217 4679/226/218 2603/227/219
f 787/228/220 633/229/221 4985/230/222
f 1296/231/223 4498/232/224 1167/233/225
f 1832/234/226 369/235/227 3529/236/228
f 2865/237/229 2165/238/230 1097/239/231
f 1196/240/232 3228/241/233 3144/242/234
f 2752/243/235 3864/244/236 2753/245/237
f 1869/246/238 2709/247/239 1524/248/240
f 4542/249/241 3020/250/242 3013/251/243
f 1833/252/244 2777/253/245 2326/254/246
f 2040/255/247 242/256/248 1158/257/249
f 1156/258/250 2772/259/251 1571/260/252
f 2346/261/253 3384/262/254 1671/263/255
f 1854/264/256 2466/265/257 1944/266/258
f 3525/267/259 2343/268/260 2770/269/261
f 5627/270/262 2280/271/263 979/272/264
f 4063/273/265 2266/274/266 1553/275/267
f 513/276/268 22/277/269 4290/278/270
f 3445/279/271 4648/280/272 4649/281/273
f 1993/282/274 2978/283/275 3072/284/276
f 4087/285/277 3331/286/278 1528/287/279
f 59/288/280 993/289/281 4251/290/282
f 2627/291/283 4332/292/284 1635/293/285
f 5588/294/286 5266/295/287 3668/296/288
f 474/297/289 3007/298/290 3379/299/291
f 3011/300/292 1926/301/293 3737/302/294
f 5017/303/295 982/304/296 3495/305/297
f 38/306/298 3324/307/299 4026/308/300
f 3987/309/301 2719/310/302 976/311/303
f 2461/312/304 4413/313/305 4623/314/306
f 5644/315/307 5340/316/308 2831/317/309
f 574/318/310 4799/319/311 4798/320/312
f 3348/321/313 3110/322/314 850/323/315
f 352/324/316 2212/325/317 3779/326/318
f 702/327/319 3185/328/320 2987/329/321
f 1584/330/322 1430/331/323 5075/332/324
f 4499/333/325 509/334/326 4104/335/327
f 5581/336/328 2684/337/329 5578/338/330
f 5160/339/331 3459/340/332 2822/341/333
f 3551/342/334 3553/343/335 2716/344/336
f 2351/345/337 5694/346/338 3141/347/339
f 791/348/340 1306/349/341 3955/350/342
f 1317/351/343 3439/48/40 943/50/42
f 3673/352/344 3724/353/345 1715/354/346
f 606/355/347 338/356/348 78/357/349
f 5202/358/350 4249/359/351 4483/360/352
f 816/361/353 813/362/354 5612/363/355
f 1339/364/356 2807/365/357 2360/366/358
f 4844/367/359 946/368/360 3542/369/361
f 808/370/362 374/371/363 914/372/364
f 2094/373/365 587/374/366 4272/375/367
f 2821/376/368 435/377/369 741/378/370
f 5491/379/371 4323/380/372 1179/381/373
f 3006/382/374 3371/383/375 2859/384/376
f 3832/385/377 11/386/378 2617/387/379
f 428/388/380 76/389/381 1942/390/382
f 236/391/383 3036/392/384 5298/393/385
f 4716/394/386 458/395/387 5618/396/388
f 4261/397/389 4411/398/390 4574/399/391
f 3986/400/392 50/401/393 4360/402/394
f 962/403/395 4456/404/396 1454/405/397
f 415/406/398 782/407/399 3528/408/400
f 1893/409/401 5754/410/402 1653/411/403
f 138/412/404 2898/413/405 3983/414/406
f 4014/415/407 2184/416/408 2791/417/409
f 2465/418/410 4505/419/411 3799/420/412
f 3815/421/413 5131/422/414 2919/423/415
f 698/424/416 1125/425/417 5737/426/418
f 4267/427/419 465/428/420 2696/429/421
f 2858/430/422 4409/431/423 3688/432/424
f 297/433/425 4064/434/426 2041/435/427
f 321/436/428 3914/437/429 1129/438/430
f 334/439/431 2733/440/432 82/441/433
f 85/442/434 3268/443/435 5140/444/436
f 2251/445/437 3139/446/438 1636/447/439
f 3958/448/440 2545/449/441 791/348/340
f 3958/448/440 3233/450/442 2545/449/441
f 1480/451/443 768/452/444 5478/453/445
f 2138/454/446 1695/455/447 892/456/448
f 1363/457/449 3309/458/450 4560/459/451
f 4440/460/452 1243/461/453 5785/462/454
f 3206/463/455 3146/464/456 32/465/457
f 5190/466/458 4425/467/459 1798/468/460
f 4273/469/461 3791/470/462 2613/471/463
f 684/472/464 3650/473/465 442/474/466
f 311/475/467 316/476/468 3220/477/469
f 2874/478/470 1518/479/471 5778/480/472
f 257/481/473 5338/482/474 3477/483/475
f 2190/484/476 5518/485/477 667/486/478
f 5436/487/479 827/488/480 143/489/481
f 1094/490/482 3804/491/483 3027/492/484
f 5193/493/485 765/494/486 1713/495/487
f 1414/496/488 2640/497/489 292/498/490
f 3781/499/491 1649/500/492 825/501/493
f 2482/502/494 1172/503/495 4525/504/496
f 1551/505/497 1719/506/498 165/507/499
f 1555/508/500 5521/509/501 2179/510/502
f 769/511/503 4480/512/504 1549/513/505
f 1011/96/88 1929/514/506 2357/515/507
f 1456/516/508 3118/517/509 1168/518/510
f 2160/519/511 1892/520/512 1024/521/513
f 5560/53/45 2954/522/514 2969/523/515
f 81/524/516 4590/525/517 1527/526/518
f 1094/490/482 4903/527/519 3804/491/483
f 3139/446/438 2251/445/437 4851/528/520
f 1342/529/521 2922/530/522 493/531/523
f 3210/532/524 3213/533/525 3356/534/526
f 2025/535/527 557/536/528 1022/537/529
f 166/538/530 3839/539/531 4366/540/532
f 174/541/533 5340/316/308 5644/315/307
f 3129/542/534 772/543/535 5445/544/536
f 4839/60/52 274/545/537 3090/546/538
f 3268/443/435 2675/547/539 3736/548/540
f 949/102/94 1314/104/96 835/549/541
f 2035/550/542 3945/551/543 831/552/544
f 5829/553/545 3451/554/546 759/555/547
f 2793/556/548 1122/557/549 2690/558/550
f 4685/221/213 1260/559/551 945/219/211
f 3765/560/552 4496/561/553 109/562/554
f 5170/563/555 4544/564/556 3882/565/557
f 3314/566/558 1796/567/559 2656/568/560
f 3483/569/561 3644/570/562 529/571/563
f 608/572/564 5130/573/565 5136/574/566
f 519/575/567 3726/576/568 4657/577/569
f 3511/578/570 3053/579/571 1160/580/572
f 701/581/573 3592/582/574 2650/583/575
f 1044/584/576 2706/585/577 4076/586/578
f 785/587/579 506/588/580 5111/589/581
f 900/590/582 377/591/583 5778/480/472
f 186/592/584 3532/593/585 2065/594/586
f 2736/595/587 1702/596/588 1884/597/589
f 4146/598/590 5295/599/591 2235/600/592
f 1915/601/593 1230/602/594 4371/603/595
f 1001/604/596 19/605/597 1824/606/598
f 5214/607/599 218/608/600 4138/609/601
f 3195/610/602 3037/611/603 1835/612/604
f 726/613/605 3102/614/606 2697/615/607
f 2700/616/608 648/617/609 974/618/610
f 1583/619/611 1706/620/612 1085/621/613
f 5241/622/614 3795/623/615 3526/624/616
f 5726/625/617 2899/626/618 2138/454/446
f 5195/627/619 1650/628/620 72/629/621
f 590/630/622 121/631/623 2789/632/624
f 502/633/625 3198/634/626 1513/635/627
f 2012/636/628 3732/637/629 5724/638/630
f 297/433/425 1123/639/631 4064/434/426
f 5666/640/632 1423/641/633 5403/642/634
f 1646/643/635 3652/644/636 4693/645/637
f 2573/646/638 1383/647/639 647/648/640
f 5053/649/641 363/650/642 1187/651/643
f 5028/652/644 3360/653/645 1353/654/646
f 1697/655/647 4767/656/648 3290/657/649
f 4594/95/87 4596/658/650 3125/659/651
f 5788/660/652 1268/661/653 3073/662/654
f 4426/663/655 4423/664/656 3597/665/657
f 1869/246/238 5301/666/658 2709/247/239
f 1113/667/659 4074/668/660 1105/669/661
f 926/670/662 4997/671/663 5548/672/664
f 4847/673/665 3533/674/666 4849/187/179
f 4325/675/667 4051/676/668 2458/677/669
f 336/678/670 660/679/671 1060/680/672
f 1796/567/559 4062/681/673 2656/568/560
f 2290/682/674 3756/683/675 2296/684/676
f 2471/685/677 1132/686/678 2583/687/679
f 1209/688/680 2782/689/681 1341/690/682
f 3472/691/683 3005/692/684 2100/693/685
f 3749/694/686 146/695/687 4665/696/688
f 1083/697/689 376/698/690 4593/699/691
f 2988/700/692 3766/701/693 1407/702/694
f 319/703/695 521/704/696 2535/705/697
f 1189/706/698 2938/707/699 482/708/700
f 3668/296/288 2216/709/701 5588/294/286
f 4039/710/702 2505/711/703 4650/712/704
f 4607/713/705 5110/714/706 910/715/707
f 3987/309/301 2698/716/708 2719/310/302
f 5658/717/709 3852/718/710 400/719/711
f 3310/720/712 3111/721/713 4724/722/714
f 2095/723/715 4994/724/716 2093/725/717
f 1394/726/718 5394/727/719 5392/728/720
f 3385/729/721 3388/730/722 1866/731/723
f 4660/732/724 597/733/725 1184/734/726
f 4449/735/727 4749/736/728 2722/737/729
f 1895/738/730 2045/739/731 275/740/732
f 4919/741/733 52/742/734 3221/743/735
f 4814/744/736 1679/745/737 4812/746/738
f 4835/747/739 94/748/740 4092/749/741
f 245/750/742 3349/751/743 2493/752/744
f 4180/753/745 2571/754/746 1145/755/747
f 4608/756/748 145/757/749 5252/758/750
f 4743/759/751 637/760/752 875/761/753
f 510/762/754 411/763/755 325/764/756
f 1119/765/757 3158/766/758 5645/767/759
f 615/768/760 441/769/761 2587/770/762
f 104/771/763 849/772/764 1415/773/765
f 5476/774/766 467/775/767 4918/776/768
f 2469/777/769 3174/778/770 1594/779/771
f 586/780/772 1115/781/773 672/782/774
f 762/783/775 4189/784/776 5456/785/777
f 2812/786/778 2329/787/779 2421/788/780
f 983/789/781 3203/127/119 2882/126/118
f 1790/790/782 437/791/783 1779/792/784
f 3120/793/785 2359/794/786 18/71/63
f 300/795/787 1448/796/788 3530/797/789
f 2093/725/717 4991/798/790 3448/799/791
f 1602/800/792 27/801/793 153/802/794
f 332/803/795 1940/804/796 1179/381/373
f 685/805/797 598/806/798 2810/807/799
f 5091/808/800 5553/809/801 301/810/802
f 4160/811/803 2929/812/804 986/813/805
f 4925/814/806 2328/815/807 503/816/808
f 1091/27/19 3293/817/809 931/818/810
f 3245/819/811 5626/820/812 3242/821/813
f 2057/822/814 385/823/815 826/824/816
f 508/17/9 199/825/817 1080/15/7
f 1961/826/818 4001/827/819 235/828/820
f 1017/829/821 5770/830/822 2993/831/823
f 1202/832/824 1800/833/825 171/834/826
f 1866/731/723 2870/835/827 4284/836/828
f 95/837/829 2637/838/830 2643/839/831
f 1665/840/832 160/841/833 4800/842/834
f 3121/843/835 4800/842/834 1507/844/836
f 2732/845/837 3272/846/838 3269/847/839
f 606/355/347 5701/848/840 338/356/348
f 1567/100/92 5016/192/184 4221/849/841
f 222/850/842 2020/851/843 249/852/844
f 4328/853/845 1304/854/846 5367/855/847
f 3408/856/848 844/857/849 4546/858/850
f 1436/859/851 1774/860/852 2009/861/853
f 368/862/854 999/863/855 5092/864/856
f 4361/865/857 165/507/499 690/866/858
f 2784/867/859 718/868/860 2325/869/861
f 1282/870/862 935/871/863 2406/872/864
f 362/873/865 2783/874/866 392/875/867
f 3845/876/868 3822/877/869 1375/878/870
f 3636/879/871 5548/672/664 2995/880/872
f 5321/881/873 168/882/874 805/883/875
f 2936/884/876 544/885/877 1805/886/878
f 3340/887/879 884/888/880 5352/889/881
f 169/890/882 1068/891/883 1651/892/884
f 5260/893/885 69/894/886 2162/895/887
f 2068/896/888 2801/897/889 1354/898/890
f 1550/899/891 5672/900/892 2592/901/893
f 1201/902/894 4248/903/895 3856/904/896
f 692/905/897 5346/906/898 2233/907/899
f 375/908/900 5193/493/485 1713/495/487
f 98/909/901 591/910/902 618/911/903
f 4900/912/904 2327/913/905 5874/914/906
f 3994/915/907 703/916/908 296/917/909
f 579/918/910 4465/919/911 3994/915/907
f 1909/920/912 5570/921/913 5813/922/914
f 4411/398/390 933/923/915 1238/924/916
f 4226/925/917 2973/926/918 2576/224/216
f 5465/927/919 48/147/139 4448/928/920
f 239/929/921 4197/930/922 2128/931/923
f 1615/932/924 5869/933/925 1148/934/926
f 5164/935/927 72/629/621 1650/628/620
f 4263/936/928 4202/937/929 2187/938/930
f 1621/939/931 5405/940/932 530/941/933
f 3512/942/934 3930/943/935 3345/944/936
f 3315/945/937 1162/946/938 3918/947/939
f 1529/948/940 614/107/99 307/949/941
f 2789/632/624 121/631/623 2447/950/942
f 135/951/943 2931/952/944 4638/953/945
f 4950/954/946 3793/955/947 2047/956/948
f 1964/957/949 4100/958/950 4422/959/951
f 1031/960/952 1377/961/953 2749/962/954
f 1067/963/955 270/964/956 617/965/957
f 2584/966/958 2671/967/959 1027/968/960
f 1168/518/510 5255/969/961 1456/516/508
f 1970/970/962 1269/971/963 114/972/964
f 2764/973/965 1339/364/356 2360/366/358
f 4209/974/966 3460/975/967 1389/976/968
f 4682/977/969 3488/978/970 2311/979/971
f 1046/980/972 2206/981/973 1830/982/974
f 3129/542/534 2370/983/975 772/543/535
f 3657/984/976 780/985/977 189/986/978
f 2767/987/979 3850/988/980 225/989/981
f 178/990/982 190/991/983 4946/992/984
f 373/993/985 5891/994/986 3641/995/987
f 3818/996/988 4857/997/989 1378/998/990
f 1360/999/991 2631/1000/992 5748/1001/993
f 822/1002/994 485/1003/995 1199/1004/996
f 1607/1005/997 2403/1006/998 4696/1007/999
f 1272/1008/1000 2798/1009/1001 2211/1010/1002
f 1961/826/818 5541/1011/1003 3105/1012/1004
f 3133/1013/1005 5228/1014/1006 195/1015/1007
f 962/403/395 2404/1016/1008 2381/1017/1009
f 5648/1018/1010 116/1019/1011 4789/1020/1012
f 4118/1021/1013 2945/1022/1014 1227/1023/1015
f 5035/1024/1016 909/1025/1017 684/472/464
f 3775/1026/1018 684/472/464 4691/1027/1019
f 641/1028/1020 1822/1029/1021 2548/1030/1022
f 1645/1031/1023 4817/1032/1024 5127/1033/1025
f 5527/1034/1026 120/1035/1027 489/1036/1028
f 4263/936/928 2187/938/930 489/1036/1028
f 793/1037/1029 5526/1038/1030 2468/1039/1031
f 1959/1040/1032 2706/585/577 1044/584/576
f 2395/1041/1033 4073/1042/1034 854/1043/1035
f 5093/1044/1036 1723/1045/1037 1647/1046/1038
f 349/1047/1039 4779/1048/1040 5154/1049/1041
f 1671/263/255 1421/1050/1042 2949/1051/1043
f 2231/216/208 1056/1052/1044 203/1053/1045
f 318/1054/1046 500/1055/1047 2183/1056/1048
f 2147/1057/1049 3870/1058/1050 3298/52/44
f 3330/1059/1051 5558/1060/1052 3303/1061/1053
f 3777/1062/1054 352/324/316 3779/326/318
f 788/1063/1055 3543/1064/1056 793/1037/1029
f 600/201/193 1489/200/192 4125/1065/1057
f 2616/1066/1058 1295/1067/1059 2126/1068/1060
f 5172/1069/1061 5311/1070/1062 1604/1071/1063
f 5745/1072/1064 2805/1073/1065 931/818/810
f 1854/264/256 1935/1074/1066 55/1075/1067
f 1153/1076/1068 2633/1077/1069 908/1078/1070
f 4330/1079/1071 3075/1080/1072 972/1081/1073
f 4285/105/97 5237/1082/1074 2408/1083/1075
f 5128/1084/1076 1259/1085/1077 366/1086/1078
f 5274/1087/1079 2828/1088/1080 966/1089/1081
f 3249/1090/1082 1980/1091/1083 4607/713/705
f 355/1092/1084 3711/1093/1085 516/1094/1086
f 2356/1095/1087 2355/1096/1088 212/1097/1089
f 5651/1098/1090 1642/1099/1091 4275/1100/1092
f 2986/1101/1093 217/1102/1094 1933/1103/1095
f 3077/1104/1096 1876/1105/1097 1686/1106/1098
f 5270/1107/1099 4481/1108/1100 1880/1109/1101
f 3423/1110/1102 2788/1111/1103 2827/1112/1104
f 1997/1113/1105 4297/1114/1106 3119/1115/1107
f 2983/1116/1108 985/1117/1109 2980/1118/1110
f 934/1119/1111 3897/1120/1112 3754/1121/1113
f 4530/1122/1114 4832/1123/1115 661/1124/1116
f 224/1125/1117 2084/1126/1118 2535/705/697
f 1249/1127/1119 2892/1128/1120 1286/1129/1121
f 774/1130/1122 3999/1131/1123 704/1132/1124
f 1146/1133/1125 1977/1134/1126 2278/1135/1127
f 4516/1136/1128 1262/1137/1129 2280/271/263
f 221/1138/1130 5284/1139/1131 1972/1140/1132
f 1795/1141/1133 4541/1142/1134 3665/1143/1135
f 4170/1144/1136 1004/1145/1137 774/1130/1122
f 2192/1146/1138 823/1147/1139 3761/1148/1140
f 275/740/732 596/1149/1141 223/1150/1142
f 1104/1151/1143 5087/1152/1144 3693/1153/1145
f 4712/1154/1146 3367/1155/1147 5821/1156/1148
f 21/1157/1149 4278/1158/1150 477/1159/1151
f 2473/1160/1152 4037/1161/1153 4119/1162/1154
f 123/1163/1155 860/1164/1156 225/989/981
f 3370/1165/1157 2244/1166/1158 1104/1151/1143
f 1967/1167/1159 1710/1168/1160 43/1169/1161
f 4564/1170/1162 4562/1171/1163 3730/1172/1164
f 4648/280/272 86/1173/1165 2956/1174/1166
f 2241/1175/1167 1078/1176/1168 2953/1177/1169
f 5155/1178/1170 5359/1179/1171 789/1180/1172
f 3148/1181/1173 3150/1182/1174 1226/1183/1175
f 3066/1184/1176 1636/447/439 4407/1185/1177
f 1936/1186/1178 1939/1187/1179 4886/1188/1180
f 2058/1189/1181 4947/1190/1182 978/1191/1183
f 3253/1192/1184 231/1193/1185 4644/1194/1186
f 514/1195/1187 3923/1196/1188 897/1197/1189
f 4915/158/150 1991/1198/1190 5502/159/151
f 4715/1199/1191 4714/1200/1192 1013/1201/1193
f 151/1202/1194 3606/1203/1195 3071/1204/1196
f 5285/1205/1197 5289/1206/1198 3606/1203/1195
f 779/162/154 1643/161/153 3262/41/33
f 869/1207/1199 4250/1208/1200 3162/1209/1201
f 3758/1210/1202 235/828/820 4001/827/819
f 3574/1211/1203 2581/1212/1204 3771/1213/1205
f 1692/1214/1206 3036/392/384 236/391/383
f 1703/1215/1207 1068/891/883 169/890/882
f 4329/1216/1208 1992/1217/1209 1860/1218/1210
f 1282/870/862 2406/872/864 3318/1219/1211
f 3751/1220/1212 4039/710/702 2696/429/421
f 3263/1221/1213 3151/1222/1214 3007/298/290
f 1923/1223/1215 3228/241/233 1196/240/232
f 1801/1224/1216 840/1225/1217 2473/1160/1152
f 578/1226/1218 3239/1227/1219 834/1228/1220
f 5498/1229/1221 242/256/248 4492/1230/1222
f 1472/1231/1223 351/1232/1224 2915/1233/1225
f 4882/1234/1226 4710/1235/1227 1997/1113/1105
f 5875/1236/1228 352/324/316 2465/418/410
f 778/1237/1229 565/1238/1230 4845/1239/1231
f 1658/1240/1232 5181/1241/1233 473/1242/1234
f 3792/1243/1235 2353/1244/1236 3864/244/236
f 4563/1245/1237 1248/1246/1238 1074/1247/1239
f 792/1248/1240 20/1249/1241 3762/1250/1242
f 4689/1251/1243 1790/790/782 5207/1252/1244
f 247/1253/1245 4678/1254/1246 3074/1255/1247
f 3815/421/413 3654/1256/1248 5131/422/414
f 5538/1257/1249 53/1258/1250 5540/1259/1251
f 836/1260/1252 5807/1261/1253 351/1232/1224
f 1943/1262/1254 248/1263/1255 4730/1264/1256
f 3321/1265/1257 586/780/772 672/782/774
f 1620/1266/1258 4369/1267/1259 2549/1268/1260
f 3192/1269/1261 4351/1270/1262 744/1271/1263
f 561/1272/1264 3415/1273/1265 1258/1274/1266
f 1702/596/588 1199/1004/996 1092/1275/1267
f 2634/1276/1268 5077/1277/1269 5079/1278/1270
f 4109/169/161 2714/168/160 3888/1279/1271
f 2808/1280/1272 5704/1281/1273 2669/1282/1274
f 1622/1283/1275 4273/469/461 5424/1284/1276
f 2210/1285/1277 3054/1286/1278 1481/1287/1279
f 5053/649/641 1187/651/643 1900/1288/1280
f 1681/1289/1281 3908/1290/1282 45/1291/1283
f 15/1292/1284 1002/1293/1285 4579/1294/1286
f 2744/1295/1287 1566/1296/1288 5424/1284/1276
f 5110/714/706 3703/1297/1289 3361/1298/1290
f 1735/1299/1291 481/1300/1292 5230/1301/1293
f 5158/1302/1294 533/1303/1295 1564/1304/1296
f 5733/1305/1297 5732/1306/1298 1750/1307/1299
f 819/1308/1300 3506/1309/1301 1037/1310/1302
f 4031/1311/1303 2324/1312/1304 1037/1310/1302
f 1729/1313/1305 5110/714/706 68/1314/1306
f 3395/1315/1307 2665/1316/1308 3979/1317/1309
f 2341/1318/1310 3353/1319/1311 261/1320/1312
f 1464/1321/1313 3424/1322/1314 2904/1323/1315
f 5183/1324/1316 1320/1325/1317 339/1326/1318
f 1089/1327/1319 339/1326/1318 593/1328/1320
f 4298/1329/1321 5805/1330/1322 3669/1331/1323
f 4120/1332/1324 3034/1333/1325 1657/1334/1326
f 2816/1335/1327 3467/1336/1328 3463/1337/1329
f 683/1338/1330 1454/405/397 3110/322/314
f 4346/1339/1331 4598/1340/1332 2130/1341/1333
f 2152/1342/1334 4932/1343/1335 3320/1344/1336
f 1084/1345/1337 2762/1346/1338 2029/1347/1339
f 3786/1348/1340 3778/1349/1341 4575/1350/1342
f 267/1351/1343 1265/1352/1344 666/1353/1345
f 2766/1354/1346 1265/1352/1344 267/1351/1343
f 1391/1355/1347 784/1356/1348 5037/1357/1349
f 3320/1344/1336 4934/1358/1350 92/1359/1351
f 654/1360/1352 3971/1361/1353 3967/1362/1354
f 5668/1363/1355 2883/1364/1356 1815/1365/1357
f 3250/1366/1358 1157/1367/1359 270/964/956
f 128/1368/1360 3248/1369/1361 5786/1370/1362
f 430/1371/1363 1696/1372/1364 597/733/725
f 1444/1373/1365 3638/1374/1366 4810/1375/1367
f 203/1053/1045 2951/1376/1368 272/1377/1369
f 4056/1378/1370 932/1379/1371 3977/1380/1372
f 898/1381/1373 273/1382/1374 5459/1383/1375
f 5889/1384/1376 3731/1385/1377 3733/1386/1378
f 1299/1387/1379 2168/1388/1380 3736/548/540
f 3643/1389/1381 2217/1390/1382 2213/1391/1383
f 278/1392/1384 1523/1393/1385 80/56/48
f 4117/1394/1386 1435/1395/1387 4449/735/727
f 5617/1396/1388 4085/1397/1389 4931/1398/1390
f 3977/1380/1372 796/1399/1391 2582/1400/1392
f 5417/1401/1393 4677/225/217 2603/227/219
f 3747/1402/1394 596/1149/1141 275/740/732
f 67/1403/1395 3186/1404/1396 3310/720/712
f 3379/299/291 41/1405/1397 1025/1406/1398
f 4452/1407/1399 3051/1408/1400 3891/1409/1401
f 2777/253/245 5865/37/29 5143/1410/1402
f 3865/1411/1403 3063/1412/1404 757/1413/1405
f 4617/1414/1406 281/1415/1407 2426/1416/1408
f 690/866/858 4673/1417/1409 4361/865/857
f 4510/1418/1410 1671/263/255 1823/1419/1411
f 1826/1420/1412 1823/1419/1411 279/1421/1413
f 611/1422/1414 4320/1423/1415 1213/1424/1416
f 5189/1425/1417 5308/1426/1418 3944/1427/1419
f 1186/1428/1420 4268/1429/1421 1008/1430/1422
f 5040/1431/1423 2561/1432/1424 770/1433/1425
f 2142/1434/1426 795/1435/1427 5264/1436/1428
f 2731/74/66 2738/1437/1429 1772/1438/1430
f 1032/1439/1431 5520/1440/1432 2608/1441/1433
f 4090/1442/1434 477/1159/1151 3921/1443/1435
f 1098/1444/1436 5192/1445/1437 2958/1446/1438
f 4214/1447/1439 283/1448/1440 5861/1449/1441
f 2840/1450/1442 2610/1451/1443 4256/1452/1444
f 2005/1453/1445 4256/1452/1444 4616/1454/1446
f 5504/1455/1447 2028/1456/1448 3171/1457/1449
f 892/456/448 1186/1428/1420 1008/1430/1422
f 4970/1458/1450 4764/1459/1451 2142/1434/1426
f 840/1225/1217 531/1460/1452 3939/1461/1453
f 3897/1120/1112 934/1119/1111 523/1462/1454
f 687/1463/1455 5064/1464/1456 3796/1465/1457
f 4252/1466/1458 2652/1467/1459 4326/1468/1460
f 882/1469/1461 3335/1470/1462 290/1471/1463
f 4782/1472/1464 5334/1473/1465 4314/1474/1466
f 4864/1475/1467 3947/1476/1468 1400/1477/1469
f 3752/1478/1470 295/1479/1471 537/157/149
f 1642/1099/1091 4016/1480/1472 4275/1100/1092
f 665/1481/1473 202/1482/1474 49/1483/1475
f 1156/258/250 4269/1484/1476 963/1485/1477
f 903/1486/1478 2757/1487/1479 2833/122/114
f 576/1488/1480 2757/1487/1479 903/1486/1478
f 298/1489/1481 1797/1490/1482 3157/1491/1483
f 292/498/490 934/1119/1111 4912/1492/1484
f 4494/1493/1485 28/1494/1486 5223/1495/1487
f 2802/1496/1488 5606/1497/1489 3179/1498/1490
f 5478/453/445 768/452/444 2064/1499/1491
f 2041/435/427 2043/1500/1492 297/433/425
f 4831/1501/1493 3283/1502/1494 4829/1503/1495
f 594/1504/1496 3774/1505/1497 4569/1506/1498
f 2293/1507/1499 4433/1508/1500 302/1509/1501
f 1162/946/938 3909/1510/1502 3918/947/939
f 84/1511/1503 4669/1512/1504 303/1513/1505
f 597/733/725 1696/1372/1364 3749/694/686
f 2038/1514/1506 5621/1515/1507 2314/1516/1508
f 2314/1516/1508 5377/1517/1509 3413/1518/1510
f 5206/1519/1511 3102/614/606 726/613/605
f 1427/1520/1512 3877/184/176 2361/1521/1513
f 2451/1522/1514 5097/1523/1515 1599/1524/1516
f 2782/689/681 5097/1523/1515 2451/1522/1514
f 4875/1525/1517 694/1526/1518 2230/1527/1519
f 2230/1527/1519 1739/1528/1520 4875/1525/1517
f 308/1529/1521 2008/1530/1522 2361/1521/1513
f 4207/1531/1523 1296/231/223 1167/233/225
f 299/1532/1524 309/1533/1525 2422/1534/1526
f 2451/1522/1514 1599/1524/1516 3441/1535/1527
f 5457/1536/1528 1329/1537/1529 1844/1538/1530
f 3672/1539/1531 4070/1540/1532 2555/1541/1533
f 1058/1542/1534 4385/1543/1535 3017/1544/1536
f 1654/1545/1537 3662/1546/1538 5689/1547/1539
f 3427/1548/1540 297/433/425 312/1549/1541
f 4991/798/790 4112/1550/1542 3448/799/791
f 1492/1551/1543 2312/1552/1544 4551/1553/1545
f 3718/1554/1546 843/1555/1547 1229/1556/1548
f 2022/1557/1549 512/1558/1550 1925/1559/1551
f 4044/1560/1552 303/1513/1505 4664/1561/1553
f 3572/1562/1554 315/1563/1555 4098/1564/1556
f 4098/1564/1556 315/1563/1555 2693/1565/1557
f 3399/1566/1558 316/476/468 311/475/467
f 1073/1567/1559 1907/1568/1560 2200/1569/1561
f 150/1570/1562 3270/1571/1563 983/789/781
f 4451/1572/1564 4856/1573/1565 749/1574/1566
f 2377/1575/1567 160/841/833 1665/840/832
f 3126/1576/1568 1669/1577/1569 2373/1578/1570
f 992/1579/1571 988/1580/1572 2671/967/959
f 2931/952/944 135/951/943 2923/1581/1573
f 1807/1582/1574 3884/1583/1575 3407/1584/1576
f 3352/1585/1577 1297/1586/1578 4428/1587/1579
f 3910/1588/1580 3942/1589/1581 905/1590/1582
f 329/1591/1583 3495/305/297 918/1592/1584
f 735/1593/1585 1764/1594/1586 1407/702/694
f 1321/1595/1587 4668/1596/1588 715/1597/1589
f 2114/1598/1590 1671/263/255 4510/1418/1410
f 2189/1599/1591 1671/263/255 2114/1598/1590
f 1396/1600/1592 2924/1601/1593 1952/1602/1594
f 542/1603/1595 2919/423/415 2924/1601/1593
f 325/764/756 2572/1604/1596 510/762/754
f 3284/1605/1597 3356/534/526 5509/1606/1598
f 2984/1607/1599 326/1608/1600 1017/829/821
f 1323/1609/1601 5226/1610/1602 2989/1611/1603
f 4041/1612/1604 327/1613/1605 4704/1614/1606
f 2712/1615/1607 2259/1616/1608 5584/1617/1609
f 328/1618/1610 2004/1619/1611 4148/1620/1612
f 5201/1621/1613 5450/1622/1614 5194/1623/1615
f 918/1592/1584 719/1624/1616 329/1591/1583
f 356/1625/1617 61/1626/1618 1988/1627/1619
f 4888/1628/1620 424/1629/1621 5390/1630/1622
f 673/1631/1623 3628/1632/1624 2914/1633/1625
f 4495/1634/1626 4745/1635/1627 1580/1636/1628
f 820/1637/1629 1355/1638/1630 583/1639/1631
f 3808/1640/1632 582/1641/1633 3308/1642/1634
f 1721/1643/1635 3143/26/18 5847/1644/1636
f 4633/1645/1637 2695/1646/1638 333/1647/1639
f 1435/1395/1387 4117/1394/1386 2288/1648/1640
f 231/1193/1185 3253/1192/1184 1931/1649/1641
f 187/1650/1642 348/1651/1643 4491/1652/1644
f 2089/1653/1645 1359/1654/1646 2739/66/58
f 3086/1655/1647 5674/1656/1648 4331/1657/1649
f 268/1658/1650 475/1659/1651 1429/1660/1652
f 336/678/670 2066/1661/1653 660/679/671
f 1725/1662/1654 4436/1663/1655 4519/1664/1656
f 3179/1498/1490 5606/1497/1489 1921/1665/1657
f 1928/1666/1658 2308/1667/1659 2012/636/628
f 5706/1668/1660 3276/1669/1661 1562/1670/1662
f 1562/1670/1662 2150/1671/1663 1360/999/991
f 1604/1071/1063 2704/1672/1664 1023/1673/1665
f 1409/1674/1666 2143/1675/1667 2526/1676/1668
f 2457/1677/1669 3061/1678/1670 977/1679/1671
f 1166/1680/1672 1254/1681/1673 1560/1682/1674
f 1061/1683/1675 470/1684/1676 4834/1685/1677
f 330/1686/1678 342/1687/1679 3715/1688/1680
f 2827/1112/1104 1515/1689/1681 1062/1690/1682
f 1951/1691/1683 2307/173/165 3236/175/167
f 4971/1692/1684 1951/1691/1683 1257/1693/1685
f 344/1694/1686 3311/1695/1687 3772/1696/1688
f 716/1697/1689 3827/1698/1690 4200/1699/1691
f 1726/1700/1692 1521/1701/1693 1034/1702/1694
f 2662/1703/1695 2660/1704/1696 4072/1705/1697
f 49/1483/1475 202/1482/1474 4680/1706/1698
f 1761/1707/1699 5220/1708/1700 4409/431/423
f 4490/1709/1701 3181/20/12 2352/1710/1702
f 3458/1711/1703 5205/1712/1704 2056/1713/1705
f 3590/1714/1706 348/1651/1643 698/424/416
f 2579/1715/1707 3492/1716/1708 1945/1717/1709
f 349/1047/1039 1987/1718/1710 2688/1719/1711
f 665/1481/1473 5166/1720/1712 2686/1721/1713
f 2462/1722/1714 5004/1723/1715 350/1724/1716
f 681/1725/1717 5041/1726/1718 3091/1727/1719
f 3056/1728/1720 3252/1729/1721 1188/1730/1722
f 1112/1731/1723 245/750/742 4106/1732/1724
f 352/324/316 532/1733/1725 588/1734/1726
f 3777/1062/1054 3978/1735/1727 352/324/316
f 5465/927/919 4445/1736/1728 630/1737/1729
f 5041/1726/1718 4618/1738/1730 3091/1727/1719
f 354/1739/1731 1492/1551/1543 753/1740/1732
f 2242/1741/1733 206/1742/1734 354/1739/1731
f 939/1743/1735 5426/1744/1736 78/357/349
f 3703/1297/1289 1976/1745/1737 3361/1298/1290
f 1988/1627/1619 3478/1746/1738 356/1625/1617
f 1058/1542/1534 3017/1544/1536 5117/1747/1739
f 357/1748/1740 2272/89/81 2274/88/80
f 5386/1749/1741 5810/1750/1742 2614/1751/1743
f 4328/853/845 358/1752/1744 1304/854/846
f 1220/1753/1745 1237/1754/1746 3069/1755/1747
f 5426/1744/1736 3357/1756/1748 78/357/349
f 1837/1757/1749 1066/1758/1750 5423/1759/1751
f 2113/1760/1752 2614/1751/1743 1857/1761/1753
f 2349/1762/1754 3097/1763/1755 1465/1764/1756
f 2005/1453/1445 581/1765/1757 361/1766/1758
f 2426/1416/1408 281/1415/1407 5015/1767/1759
f 2190/484/476 2997/1768/1760 5515/1769/1761
f 3676/1770/1762 2783/874/866 1120/1771/1763
f 515/1772/1764 3425/1773/1765 2264/1774/1766
f 2492/1775/1767 4383/1776/1768 1039/1777/1769
f 611/1422/1414 1213/1424/1416 1786/1778/1770
f 5092/864/856 999/863/855 5086/1779/1771
f 937/1780/1772 5182/1781/1773 3931/1782/1774
f 3849/1783/1775 2100/693/685 868/1784/1776
f 4073/1042/1034 4208/1785/1777 210/1786/1778
f 1280/1787/1779 1024/521/513 4393/1788/1780
f 1888/1789/1781 209/1790/1782 4135/1791/1783
f 999/863/855 2516/1792/1784 1379/34/26
f 1270/1793/1785 4306/1794/1786 4488/1795/1787
f 1259/1085/1077 1256/1796/1788 366/1086/1078
f 2246/1797/1789 210/1786/1778 4208/1785/1777
f 1565/1798/1790 3301/1799/1791 3534/1800/1792
f 5673/1801/1793 4659/1802/1794 2029/1347/1339
f 5254/1803/1795 3600/1804/1796 2151/1805/1797
f 1984/1806/1798 965/1807/1799 2663/1808/1800
f 4636/1809/1801 4640/1810/1802 2695/1646/1638
f 721/1811/1803 4281/1812/1804 905/1590/1582
f 897/1197/1189 3923/1196/1188 2496/1813/1805
f 1408/1814/1806 2315/1815/1807 4425/467/459
f 1728/1816/1808 5535/1817/1809 2848/1818/1810
f 1313/1819/1811 1614/1820/1812 3251/1821/1813
f 3656/1822/1814 2017/1823/1815 4908/1824/1816
f 2477/222/214 2482/502/494 546/1825/1817
f 1191/1826/1818 5031/1827/1819 91/1828/1820
f 5005/1829/1821 592/1830/1822 4580/1831/1823
f 4114/1832/1824 2782/689/681 1350/1833/1825
f 4062/681/673 4852/1834/1826 1862/1835/1827
f 1210/1836/1828 2046/1837/1829 112/1838/1830
f 5813/922/914 5570/921/913 380/1839/1831
f 4908/1824/1816 1742/1840/1832 3656/1822/1814
f 302/1509/1501 4433/1508/1500 3582/1841/1833
f 5337/1842/1834 4676/1843/1835 4671/1844/1836
f 5449/1845/1837 734/1846/1838 4819/1847/1839
f 2691/1848/1840 1253/1849/1841 109/562/554
f 5196/131/123 383/1850/1842 2131/132/124
f 2378/1851/1843 1608/1852/1844 1300/1853/1845
f 3253/1192/1184 3460/975/967 4770/1854/1846
f 1125/425/417 4606/1855/1847 4600/1856/1848
f 642/1857/1849 3692/1858/1850 1175/1859/1851
f 770/1433/1425 2398/1860/1852 5050/1861/1853
f 2628/1862/1854 5807/1261/1253 836/1260/1252
f 4558/1863/1855 3056/1728/1720 2771/1864/1856
f 1147/1865/1857 5407/1866/1858 2275/1867/1859
f 685/805/797 2810/807/799 4877/1868/1860
f 5396/1869/1861 5190/466/458 1140/1870/1862
f 5704/1281/1273 5708/1871/1863 2669/1282/1274
f 364/1872/1864 2568/1873/1865 4811/1874/1866
f 2263/1875/1867 2311/979/971 3488/978/970
f 3539/1876/1868 2495/1877/1869 315/1563/1555
f 315/1563/1555 2495/1877/1869 2693/1565/1557
f 1285/1878/1870 2067/1879/1871 362/873/865
f 4555/1880/1872 5420/1881/1873 1877/1882/1874
f 3548/1883/1875 2174/1884/1876 1195/1885/1877
f 2441/1886/1878 1808/1887/1879 2172/1888/1880
f 395/1889/1881 4960/1890/1882 164/1891/1883
f 5362/1892/1884 2787/1893/1885 2428/1894/1886
f 901/1895/1887 1624/1896/1888 1828/1897/1889
f 3787/1898/1890 391/1899/1891 2247/1900/1892
f 5489/1901/1893 3540/1902/1894 5486/1903/1895
f 734/1846/1838 13/1904/1896 4819/1847/1839
f 1149/164/156 4005/1905/1897 68/1314/1306
f 3358/1906/1898 5024/165/157 1149/164/156
f 399/1907/1899 4240/123/115 2833/122/114
f 1084/1345/1337 4654/1908/1900 4575/1350/1342
f 4721/1909/1901 5658/717/709 400/719/711
f 4532/1910/1902 886/1911/1903 4721/1909/1901
f 3395/1315/1307 1402/1912/1904 2665/1316/1308
f 777/1913/1905 2111/1914/1906 1913/1915/1907
f 2336/1916/1908 402/1917/1909 4659/1802/1794
f 266/1918/1910 3427/1548/1540 2651/121/113
f 3519/1919/1911 1824/606/598 1381/1920/1912
f 116/1019/1011 2215/1921/1913 4789/1020/1012
f 728/1922/1914 3043/1923/1915 5121/1924/1916
f 3718/1554/1546 5441/70/62 3989/69/61
f 59/288/280 200/1925/1917 993/289/281
f 1407/702/694 1764/1594/1586 752/1926/1918
f 1877/1882/1874 1526/1927/1919 4785/1928/1920
f 182/180/172 3907/1929/1921 117/1930/1922
f 5415/1931/1923 1163/1932/1924 2000/1933/1925
f 3715/1688/1680 226/1934/1926 330/1686/1678
f 1710/1168/1160 4564/1170/1162 3730/1172/1164
f 1020/1935/1927 4105/1936/1928 2074/1937/1929
f 1104/1151/1143 3693/1153/1145 2939/1938/1930
f 3946/1939/1931 540/1940/1932 423/1941/1933
f 2695/1646/1638 1366/1942/1934 333/1647/1639
f 1816/1943/1935 1821/1944/1936 1207/1945/1937
f 2440/1946/1938 1557/1947/1939 2202/1948/1940
f 1119/765/757 5645/767/759 4703/1949/1941
f 1571/260/252 4781/1950/1942 3935/1951/1943
f 3269/847/839 1180/1952/1944 1717/1953/1945
f 1843/1954/1946 5199/1955/1947 2056/1713/1705
f 5375/1956/1948 2188/1957/1949 4397/1958/1950
f 50/401/393 3992/1959/1951 2207/1960/1952
f 1319/1961/1953 195/1015/1007 1871/1962/1954
f 2027/1963/1955 4162/1964/1956 5718/1965/1957
f 5865/37/29 4315/36/28 5143/1410/1402
f 3729/1966/1958 1717/1953/1945 1180/1952/1944
f 3272/846/838 1562/1670/1662 3276/1669/1661
f 1548/1967/1959 2675/547/539 3268/443/435
f 4503/1968/1960 2689/1969/1961 33/1970/1962
f 2525/1971/1963 3537/1972/1964 2941/1973/1965
f 5264/1436/1428 4970/1458/1450 2142/1434/1426
f 24/1974/1966 1781/1975/1967 2305/1976/1968
f 2571/754/746 4806/1977/1969 1145/755/747
f 80/56/48 1523/1393/1385 1533/54/46
f 4337/1978/1970 5747/1979/1971 4334/1980/1972
f 5085/1981/1973 1508/1982/1974 1870/1983/1975
f 2930/1984/1976 3143/26/18 1380/1985/1977
f 2811/1986/1978 252/1987/1979 4873/171/163
f 845/1988/1980 1488/1989/1981 2486/1990/1982
f 423/1941/1933 2085/1991/1983 3780/1992/1984
f 2088/1993/1985 2085/1991/1983 423/1941/1933
f 1896/1994/1986 119/1995/1987 5692/1996/1988
f 119/1995/1987 5679/1997/1989 5692/1996/1988
f 3161/1998/1990 3753/1999/1991 4924/2000/1992
f 1563/2001/1993 5278/2002/1994 3962/2003/1995
f 1381/1920/1912 1914/2004/1996 3232/2005/1997
f 4337/1978/1970 3232/2005/1997 5747/1979/1971
f 5163/2006/1998 4416/2007/1999 427/2008/2000
f 5835/2009/2001 3937/2010/2002 5831/2011/2003
f 1707/2012/2004 5191/2013/2005 674/2014/2006
f 4517/2015/2007 1651/892/884 1502/2016/2008
f 331/2017/2009 1901/2018/2010 429/2019/2011
f 4462/2020/2012 2076/2021/2013 1863/2022/2014
f 3638/1374/1366 1444/1373/1365 2870/835/827
f 3163/2023/2015 1447/2024/2016 2870/835/827
f 3001/2025/2017 5239/2026/2018 4465/919/911
f 714/2027/2019 928/2028/2020 4032/2029/2021
f 713/176/168 1937/178/170 3131/2030/2022
f 1228/2031/2023 5539/2032/2024 5537/2033/2025
f 1152/2034/2026 3961/2035/2027 4172/2036/2028
f 3968/2037/2029 23/2038/2030 1701/2039/2031
f 809/2040/2032 138/412/404 3983/414/406
f 5716/140/132 2519/142/134 2400/2041/2033
f 74/2042/2034 2963/2043/2035 1559/2044/2036
f 438/2045/2037 1395/2046/2038 2105/2047/2039
f 3077/1104/1096 1686/1106/1098 696/2048/2040
f 5661/2049/2041 693/2050/2042 1142/2051/2043
f 437/791/783 1885/2052/2044 2312/1552/1544
f 2316/2053/2045 1779/792/784 437/791/783
f 2855/2054/2046 3226/2055/2047 3769/2056/2048
f 3272/846/838 2732/845/837 4212/2057/2049
f 936/2058/2050 1733/2059/2051 3189/2060/2052
f 2112/2061/2053 3174/778/770 2469/777/769
f 1073/1567/1559 440/2062/2054 1907/1568/1560
f 5123/2063/2055 2051/2064/2056 1035/2065/2057
f 3084/2066/2058 1701/2039/2031 23/2038/2030
f 3219/2067/2059 2462/1722/1714 350/1724/1716
f 3781/499/491 3662/1546/1538 1654/1545/1537
f 627/2068/2060 1368/2069/2061 2640/497/489
f 2425/2070/2062 5148/2071/2063 5675/2072/2064
f 591/910/902 1572/2073/2065 3104/2074/2066
f 4270/2075/2067 1314/104/96 2702/2076/2068
f 1314/104/96 4787/103/95 5235/2077/2069
f 3746/2078/2070 445/2079/2071 1660/2080/2072
f 5629/2081/2073 4565/2082/2074 1655/2083/2075
f 360/2084/2076 987/2085/2077 3670/2086/2078
f 3400/2087/2079 615/768/760 2591/2088/2080
f 3793/955/947 447/2089/2081 1593/2090/2082
f 3793/955/947 4450/146/138 447/2089/2081
f 5882/2091/2083 4868/2092/2084 2864/2093/2085
f 574/318/310 4798/320/312 1458/32/24
f 4446/2094/2086 3446/2095/2087 647/648/640
f 124/2096/2088 2492/1775/1767 1039/1777/1769
f 4339/2097/2089 2157/2098/2090 1540/2099/2091
f 3665/1143/1135 4541/1142/1134 5282/2100/2092
f 4381/2101/2093 4535/2102/2094 4473/2103/2095
f 3400/2087/2079 994/2104/2096 1543/2105/2097
f 1726/1700/1692 1034/1702/1694 4586/2106/2098
f 866/2107/2099 1006/2108/2100 1459/2109/2101
f 3475/2110/2102 453/2111/2103 3265/2112/2104
f 1783/2113/2105 1169/2114/2106 2001/2115/2107
f 1851/2116/2108 2154/2117/2109 975/2118/2110
f 2779/2119/2111 3667/2120/2112 3839/539/531
f 939/1743/1735 1976/1745/1737 455/2121/2113
f 5026/2122/2114 455/2121/2113 2226/2123/2115
f 1800/833/825 1202/832/824 1139/2124/2116
f 3861/2125/2117 5603/2126/2118 2753/245/237
f 5107/2127/2119 3349/751/743 4959/2128/2120
f 457/120/112 2962/112/104 2991/2129/2121
f 122/2130/2122 2029/1347/1339 2762/1346/1338
f 2071/2131/2123 4257/2132/2124 4255/2133/2125
f 3591/2134/2126 3588/2135/2127 2629/2136/2128
f 5233/2137/2129 2407/2138/2130 2913/2139/2131
f 1892/520/512 5557/2140/2132 4050/2141/2133
f 5497/2142/2134 3465/23/15 3472/691/683
f 2385/2143/2135 2389/2144/2136 1373/2145/2137
f 2448/2146/2138 5317/2147/2139 4752/2148/2140
f 2664/2149/2141 1714/2150/2142 5464/2151/2143
f 462/2152/2144 915/2153/2145 1975/2154/2146
f 915/2153/2145 1099/2155/2147 5568/2156/2148
f 4924/2000/1992 314/2157/2149 3161/1998/1990
f 82/441/433 2727/2158/2150 3030/2159/2151
f 1041/2160/2152 1292/2161/2153 2010/2162/2154
f 4826/2163/2155 3685/2164/2156 3155/2165/2157
f 1587/2166/2158 167/2167/2159 1038/2168/2160
f 2977/2169/2161 4581/2170/2162 3881/2171/2163
f 2218/2172/2164 1773/2173/2165 1954/2174/2166
f 3149/2175/2167 1014/2176/2168 1773/2173/2165
f 3569/2177/2169 1594/779/771 3174/778/770
f 4402/2178/2170 3372/2179/2171 631/2180/2172
f 4030/2181/2173 599/2182/2174 4741/2183/2175
f 5644/315/307 2831/317/309 5690/2184/2176
f 577/2185/2177 4201/2186/2178 1598/2187/2179
f 4452/1407/1399 4130/2188/2180 282/2189/2181
f 574/318/310 1458/32/24 341/31/23
f 4933/2190/2182 341/31/23 1254/1681/1673
f 20/1249/1241 969/2191/2183 2522/2192/2184
f 525/2193/2185 2483/2194/2186 5168/2195/2187
f 2793/556/548 873/2196/2188 472/2197/2189
f 476/2198/2190 871/2199/2191 4312/2200/2192
f 2019/2201/2193 4848/2202/2194 2149/2203/2195
f 3319/2204/2196 2324/1312/1304 4031/1311/1303
f 1616/2205/2197 3151/1222/1214 3263/1221/1213
f 3681/2206/2198 1539/2207/2199 1822/1029/1021
f 3422/2208/2200 3424/1322/1314 1464/1321/1313
f 476/2198/2190 1600/2209/2201 1499/2210/2202
f 2098/2211/2203 3915/2212/2204 5511/2213/2205
f 3396/2214/2206 477/1159/1151 3535/2215/2207
f 2584/966/958 1032/1439/1431 2608/1441/1433
f 3880/2216/2208 5623/2217/2209 4166/2218/2210
f 1322/2219/2211 5565/2220/2212 4126/2221/2213
f 479/2222/2214 1230/602/594 1915/601/593
f 5201/1621/1613 4427/2223/2215 5450/1622/1614
f 3307/2224/2216 4909/2225/2217 480/2226/2218
f 2224/2227/2219 2075/2228/2220 5439/2229/2221
f 4890/2230/2222 1283/2231/2223 1486/2232/2224
f 5679/1997/1989 5653/2233/2225 4018/2234/2226
f 5759/2235/2227 117/1930/1922 407/2236/2228
f 667/486/478 5518/485/477 4742/2237/2229
f 2155/207/199 2648/206/198 1575/2238/2230
f 1962/2239/2231 2517/2240/2232 254/2241/2233
f 484/2242/2234 493/531/523 2922/530/522
f 2812/786/778 1291/2243/2235 1012/2244/2236
f 2536/2245/2237 3979/1317/1309 2665/1316/1308
f 2538/2246/2238 4958/2247/2239 2023/2248/2240
f 4110/2249/2241 2773/2250/2242 4112/1550/1542
f 2099/2251/2243 1655/2083/2075 4565/2082/2074
f 1502/2016/2008 1651/892/884 1071/2252/2244
f 3008/2253/2245 5354/2254/2246 4301/2255/2247
f 488/2256/2248 3313/2257/2249 5752/2258/2250
f 4543/2259/2251 1357/2260/2252 1291/2243/2235
f 2514/2261/2253 5135/2262/2254 199/825/817
f 1641/2263/2255 3957/2264/2256 3283/1502/1494
f 207/2265/2257 1425/2266/2258 5177/2267/2259
f 207/2265/2257 1087/2268/2260 570/2269/2261
f 5848/2270/2262 1553/275/267 491/2271/2263
f 4051/676/668 1279/2272/2264 2458/677/669
f 1666/2273/2265 39/2274/2266 3193/2275/2267
f 577/2185/2177 1598/2187/2179 1594/779/771
f 2050/2276/2268 493/531/523 3655/2277/2269
f 2595/2278/2270 4974/214/206 2107/213/205
f 4170/1144/1136 774/1130/1122 5713/2279/2271
f 3639/2280/2272 1507/844/836 2369/2281/2273
f 3373/2282/2274 594/1504/1496 1868/2283/2275
f 1864/136/128 2166/2284/2276 3366/134/126
f 3112/2285/2277 1087/2268/2260 207/2265/2257
f 1604/1071/1063 567/2286/2278 5184/2287/2279
f 4200/1699/1691 2415/2288/2280 497/2289/2281
f 906/2290/2282 5752/2258/2250 3313/2257/2249
f 4048/2291/2283 1859/2292/2284 498/2293/2285
f 2023/2248/2240 2911/2294/2286 3067/2295/2287
f 3637/2296/2288 2871/2297/2289 4641/2298/2290
f 2518/2299/2291 4185/2300/2292 996/2301/2293
f 4175/2302/2294 500/1055/1047 318/1054/1046
f 2328/815/807 986/813/805 5132/2303/2295
f 101/2304/2296 767/2305/2297 4118/1021/1013
f 1267/2306/2298 1614/1820/1812 2766/1354/1346
f 1752/2307/2299 1814/2308/2300 4641/2298/2290
f 623/2309/2301 2970/2310/2302 1814/2308/2300
f 5132/2303/2295 986/813/805 2929/812/804
f 1364/2311/2303 1930/2312/2304 448/2313/2305
f 1290/2314/2306 2365/2315/2307 3639/2280/2272
f 2496/1813/1805 4395/2316/2308 897/1197/1189
f 5357/2317/2309 2209/2318/2310 2920/2319/2311
f 4318/2320/2312 1672/2321/2313 2903/2322/2314
f 3985/2323/2315 2635/2324/2316 3990/2325/2317
f 3985/2323/2315 5111/589/581 2635/2324/2316
f 2935/2326/2318 200/1925/1917 59/288/280
f 2204/2327/2319 3991/2328/2320 516/1094/1086
f 1136/2329/2321 94/748/740 4835/747/739
f 2014/2330/2322 4694/2331/2323 745/2332/2324
f 4499/333/325 66/2333/2325 509/334/326
f 4757/2334/2326 3468/2335/2327 3820/21/13
f 1119/765/757 1190/2336/2328 2479/2337/2329
f 2485/2338/2330 762/783/775 4471/2339/2331
f 3169/2340/2332 3124/2341/2333 1128/2342/2334
f 3169/2340/2332 2818/2343/2335 505/2344/2336
f 2733/440/432 334/439/431 2730/2345/2337
f 514/1195/1187 3470/2346/2338 899/2347/2339
f 4238/2348/2340 22/277/269 513/276/268
f 3760/2349/2341 2472/2350/2342 4700/2351/2343
f 5725/2352/2344 1086/2353/2345 2026/2354/2346
f 4507/2355/2347 231/1193/1185 1931/1649/1641
f 2264/1774/1766 887/2356/2348 5083/2357/2349
f 941/2358/2350 257/481/473 2491/2359/2351
f 1403/2360/2352 2644/2361/2353 1399/2362/2354
f 3984/2363/2355 1403/2360/2352 3101/2364/2356
f 517/2365/2357 3184/2366/2358 4500/2367/2359
f 269/2368/2360 1493/2369/2361 1780/2370/2362
f 4470/2371/2363 3658/2372/2364 3158/766/758
f 133/2373/2365 1451/2374/2366 4016/1480/1472
f 4102/2375/2367 5399/2376/2368 5595/2377/2369
f 866/2107/2099 863/2378/2370 1059/2379/2371
f 587/374/366 520/2380/2372 2885/2381/2373
f 3218/2382/2374 2885/2381/2373 520/2380/2372
f 521/704/696 224/1125/1117 2535/705/697
f 3396/2214/2206 1934/2383/2375 477/1159/1151
f 522/2384/2376 1105/669/661 5133/2385/2377
f 184/2386/2378 36/2387/2379 1109/2388/2380
f 523/1462/1454 934/1119/1111 292/498/490
f 2645/2389/2381 2643/839/831 5446/2390/2382
f 3438/2391/2383 2749/962/954 3705/2392/2384
f 197/2393/2385 4344/2394/2386 5812/2395/2387
f 2137/2396/2388 1777/2397/2389 4123/2398/2390
f 3071/1204/1196 5884/2399/2391 1777/2397/2389
f 3373/2282/2274 786/2400/2392 1362/2401/2393
f 4588/2402/2394 786/2400/2392 3570/2403/2395
f 527/2404/2396 4164/2405/2397 530/941/933
f 5432/2406/2398 1157/1367/1359 3250/1366/1358
f 3403/2407/2399 3052/2408/2400 5865/37/29
f 2649/2409/2401 290/1471/1463 1605/2410/2402
f 4521/2411/2403 3647/2412/2404 4404/2413/2405
f 4656/2414/2406 5118/2415/2407 2734/2416/2408
f 1183/2417/2409 5081/2418/2410 2387/2419/2411
f 2124/2420/2412 1439/2421/2413 3621/2422/2414
f 3813/2423/2415 2528/2424/2416 3866/2425/2417
f 1385/2426/2418 5484/2427/2419 4271/2428/2420
f 2738/1437/1429 285/2429/2421 1772/1438/1430
f 1969/2430/2422 2917/2431/2423 588/1734/1726
f 211/2432/2424 3249/1090/1082 2699/2433/2425
f 4383/1776/1768 363/650/642 1039/1777/1769
f 3331/286/278 3136/2434/2426 1528/287/279
f 4655/2435/2427 276/128/120 3504/2436/2428
f 3038/2437/2429 4440/460/452 5615/2438/2430
f 2699/2433/2425 535/2439/2431 211/2432/2424
f 5027/2440/2432 3711/1093/1085 355/1092/1084
f 1820/2441/2433 3180/2442/2434 2508/2443/2435
f 46/2444/2436 5145/2445/2437 5532/2446/2438
f 2124/2420/2412 3621/2422/2414 4599/2447/2439
f 1007/2448/2440 2120/2449/2441 4601/2450/2442
f 538/2451/2443 2153/2452/2444 3050/2453/2445
f 3048/2454/2446 4623/314/306 3050/2453/2445
f 5270/1107/1099 539/2455/2447 214/2456/2448
f 5664/2457/2449 1815/1365/1357 2513/2458/2450
f 5823/2459/2451 2896/2460/2452 945/219/211
f 77/2461/2453 1420/2462/2454 4804/2463/2455
f 4016/1480/1472 2933/2464/2456 2301/2465/2457
f 295/1479/1471 4955/2466/2458 537/157/149
f 940/2467/2459 2334/2468/2460 5185/2469/2461
f 1962/2239/2231 254/2241/2233 4103/2470/2462
f 5693/2471/2463 4394/2472/2464 5689/1547/1539
f 4204/2473/2465 866/2107/2099 1459/2109/2101
f 2797/2474/2466 4667/2475/2467 544/885/877
f 544/885/877 4686/2476/2468 5577/2477/2469
f 1266/2478/2470 4713/2479/2471 3946/1939/1931
f 4163/2480/2472 3620/2481/2473 2288/1648/1640
f 1191/1826/1818 3514/2482/2474 5031/1827/1819
f 2143/1675/1667 4576/2483/2475 4370/2484/2476
f 2324/1312/1304 3319/2204/2196 258/2485/2477
f 5539/2032/2024 1228/2031/2023 2790/2486/2478
f 2790/2486/2478 1228/2031/2023 3148/1181/1173
f 549/2487/2479 2431/2488/2480 4647/2489/2481
f 5339/2490/2482 940/2467/2459 5180/2491/2483
f 5730/2492/2484 1908/2493/2485 2869/2494/2486
f 5257/2495/2487 1910/2496/2488 1510/2497/2489
f 3748/2498/2490 3745/2499/2491 551/2500/2492
f 4596/658/650 2573/646/638 554/2501/2493
f 1898/2502/2494 5890/2503/2495 552/2504/2496
f 3611/2505/2497 549/2487/2479 1898/2502/2494
f 1712/2506/2498 553/2507/2499 787/228/220
f 3593/2508/2500 5077/1277/1269 2638/2509/2501
f 1349/2510/2502 551/2500/2492 1345/2511/2503
f 245/750/742 3409/2512/2504 3349/751/743
f 5563/2513/2505 5416/2514/2506 5413/2515/2507
f 4951/2516/2508 502/633/625 1513/635/627
f 2490/2517/2509 1510/2497/2489 1910/2496/2488
f 1531/2518/2510 4796/2519/2511 1840/2520/2512
f 5237/1082/1074 4796/2519/2511 3277/2521/2513
f 4191/2522/2514 2299/2523/2515 4358/2524/2516
f 3056/1728/1720 4558/1863/1855 3252/1729/1721
f 3717/2525/2517 2172/1888/1880 1808/1887/1879
f 1010/2526/2518 3262/41/33 1643/161/153
f 1811/2527/2519 1994/2528/2520 1270/1793/1785
f 4897/2529/2521 2545/449/441 3233/450/442
f 921/2530/2522 561/1272/1264 1258/1274/1266
f 1283/2231/2223 2708/2531/2523 2338/2532/2524
f 1516/2533/2525 562/2534/2526 2269/2535/2527
f 4306/1794/1786 2487/2536/2528 4488/1795/1787
f 3604/2537/2529 5161/2538/2530 1307/2539/2531
f 4763/2540/2532 1131/2541/2533 5103/2542/2534
f 564/2543/2535 1618/2544/2536 562/2534/2526
f 3233/450/442 2953/1177/1169 1078/1176/1168
f 3886/2545/2537 565/1238/1230 4778/2546/2538
f 262/2547/2539 931/818/810 2805/1073/1065
f 3092/2548/2540 3207/2549/2541 1813/2550/2542
f 2597/2551/2543 1182/2552/2544 2598/2553/2545
f 2039/2554/2546 3406/2555/2547 3886/2545/2537
f 1409/1674/1666 4845/1239/1231 565/1238/1230
f 568/2556/2548 1747/2557/2549 227/153/145
f 564/2543/2535 1078/1176/1168 1618/2544/2536
f 4097/2558/2550 3433/2559/2551 4723/2560/2552
f 850/323/315 1388/2561/2553 1392/2562/2554
f 5763/2563/2555 446/2564/2556 3214/2565/2557
f 1686/1106/1098 4386/2566/2558 696/2048/2040
f 5274/1087/1079 1335/2567/2559 2828/1088/1080
f 1490/2568/2560 2642/2569/2561 5003/2570/2562
f 5659/2571/2563 2277/2572/2564 1841/2573/2565
f 5813/922/914 1911/2574/2566 1909/920/912
f 1922/2575/2567 4312/2200/2192 871/2199/2191
f 2720/2576/2568 4930/2577/2569 470/1684/1676
f 4037/1161/1153 2525/1971/1963 4119/1162/1154
f 834/1228/1220 241/2578/2570 2147/1057/1049
f 1520/2579/2571 406/2580/2572 3555/2581/2573
f 2099/2251/2243 2095/723/715 1655/2083/2075
f 3569/2177/2169 1082/2582/2574 2839/2583/2575
f 3569/2177/2169 3719/2584/2576 4705/2585/2577
f 1960/2586/2578 2791/417/409 1967/1167/1159
f 1806/2587/2579 754/2588/2580 1960/2586/2578
f 5235/2077/2069 5239/2026/2018 3001/2025/2017
f 2702/2076/2068 5767/2589/2581 4270/2075/2067
f 5476/774/766 4918/776/768 1875/2590/2582
f 1382/2591/2583 5545/2592/2584 3328/2593/2585
f 2610/1451/1443 4616/1454/1446 4256/1452/1444
f 5069/2594/2586 5062/211/203 1670/210/202
f 2622/2595/2587 5385/2596/2588 332/803/795
f 2105/2047/2039 2625/2597/2589 2456/2598/2590
f 5674/1656/1648 3086/1655/1647 583/1639/1631
f 429/2019/2011 2630/144/136 3086/1655/1647
f 584/2599/2591 2950/2600/2592 2967/2601/2593
f 3522/2602/2594 5490/2603/2595 2580/2604/2596
f 89/118/110 2851/2605/2597 585/124/116
f 3356/534/526 4451/1572/1564 749/1574/1566
f 1115/781/773 586/780/772 149/2606/2598
f 2572/1604/1596 3216/2607/2599 1873/2608/2600
f 5278/2002/1994 1129/438/430 5757/2609/2601
f 1129/438/430 5278/2002/1994 1907/1568/1560
f 5852/2610/2602 243/2611/2603 588/1734/1726
f 1527/526/518 2778/2612/2604 81/524/516
f 4844/367/359 3542/369/361 4838/2613/2605
f 2062/2614/2606 1147/1865/1857 4838/2613/2605
f 2726/2615/2607 191/2616/2608 2413/2617/2609
f 3098/2618/2610 5620/2619/2611 191/2616/2608
f 4013/2620/2612 5012/2621/2613 3956/2622/2614
f 932/1379/1371 1278/2623/2615 3289/2624/2616
f 2110/2625/2617 4494/1493/1485 5223/1495/1487
f 1350/1833/1825 5248/2626/2618 5700/2627/2619
f 593/1328/1320 4161/2628/2620 1089/1327/1319
f 3898/2629/2621 216/2630/2622 593/1328/1320
f 301/810/802 5553/809/801 5681/2631/2623
f 5684/2632/2624 301/810/802 5681/2631/2623
f 4122/2633/2625 44/2634/2626 4363/2635/2627
f 2294/2636/2628 1430/331/323 1584/330/322
f 4468/2637/2629 5219/2638/2630 5388/2639/2631
f 4468/2637/2629 1891/2640/2632 4466/2641/2633
f 217/1102/1094 4665/696/688 4867/2642/2634
f 2980/1118/1110 3707/2643/2635 1852/2644/2636
f 3369/135/127 2265/2645/2637 5604/2646/2638
f 1338/2647/2639 594/1504/1496 3373/2282/2274
f 5524/2648/2640 468/220/212 945/219/211
f 1709/2649/2641 1294/2650/2642 968/2651/2643
f 4125/1065/1057 4122/2633/2625 600/201/193
f 4784/2652/2644 5840/2653/2645 1387/2654/2646
f 1778/2655/2647 601/2656/2648 1617/2657/2649
f 1061/1683/1675 4447/2658/2650 470/1684/1676
f 3035/2659/2651 2107/213/205 602/215/207
f 5078/2660/2652 1491/2661/2653 3847/2662/2654
f 1556/2663/2655 4397/1958/1950 4399/2664/2656
f 4439/2665/2657 1708/2666/2658 4438/2667/2659
f 5523/2668/2660 4244/2669/2661 464/2670/2662
f 4244/2669/2661 5523/2668/2660 4173/2671/2663
f 1310/2672/2664 3296/2673/2665 4023/2674/2666
f 3227/2675/2667 1068/891/883 1095/2676/2668
f 10/2677/2669 1066/1758/1750 1837/1757/1749
f 3720/2678/2670 10/2677/2669 3593/2508/2500
f 2825/2679/2671 1698/2680/2672 607/2681/2673
f 2894/2682/2674 4921/2683/2675 3559/2684/2676
f 608/572/564 5134/2685/2677 2659/2686/2678
f 1203/2687/2679 3738/2688/2680 2328/815/807
f 609/2689/2681 2694/2690/2682 5579/2691/2683
f 4359/2692/2684 5013/2693/2685 284/2694/2686
f 49/1483/1475 4680/1706/1698 1757/2695/2687
f 1754/2696/2688 1987/1718/1710 349/1047/1039
f 4682/977/969 5857/2697/2689 2553/2698/2690
f 2553/2698/2690 4320/1423/1415 4682/977/969
f 4158/2699/2691 4400/2700/2692 612/2701/2693
f 374/371/363 613/2702/2694 914/372/364
f 374/371/363 504/2703/2695 613/2702/2694
f 27/801/793 4285/105/97 614/107/99
f 2498/2704/2696 5736/2705/2697 5491/379/371
f 3364/2706/2698 4769/2707/2699 989/2708/2700
f 3244/2709/2701 1639/2710/2702 5028/652/644
f 17/2711/2703 4330/1079/1071 616/2712/2704
f 4384/2713/2705 4285/105/97 27/801/793
f 270/964/956 1157/1367/1359 4910/2714/2706
f 2854/2715/2707 1369/2716/2708 622/2717/2709
f 4324/2718/2710 5108/2719/2711 4056/1378/1370
f 3576/2720/2712 4192/2721/2713 466/2722/2714
f 3274/2723/2715 749/1574/1566 4856/1573/1565
f 1443/2724/2716 957/2725/2717 3274/2723/2715
f 1376/2726/2718 625/2727/2719 306/2728/2720
f 953/2729/2721 3076/2730/2722 1929/514/506
f 4302/2731/2723 2912/2732/2724 4303/2733/2725
f 3611/2505/2497 4678/1254/1246 2531/2734/2726
f 1369/2716/2708 1872/2735/2727 1956/2736/2728
f 5057/2737/2729 3291/2738/2730 1956/2736/2728
f 4540/2739/2731 4518/2740/2732 669/2741/2733
f 2305/1976/1968 124/2096/2088 1039/1777/1769
f 5202/358/350 1727/2742/2734 4249/359/351
f 3880/2216/2208 4166/2218/2210 1756/2743/2735
f 4341/98/90 1812/2744/2736 188/2745/2737
f 1929/514/506 1011/96/88 4341/98/90
f 2040/255/247 1158/257/249 2254/2746/2738
f 4913/2747/2739 627/2068/2060 2640/497/489
f 4233/2748/2740 3159/2749/2741 5300/2750/2742
f 1441/2751/2743 3057/2752/2744 1452/2753/2745
f 70/2754/2746 4012/2755/2747 879/2756/2748
f 2897/2757/2749 1506/2758/2750 1794/2759/2751
f 4692/2760/2752 1849/2761/2753 4111/2762/2754
f 2424/2763/2755 35/2764/2756 1124/2765/2757
f 1998/2766/2758 469/183/175 5798/2767/2759
f 1429/1660/1652 475/1659/1651 922/2768/2760
f 3553/343/335 2266/274/266 4063/273/265
f 3913/2769/2761 1739/1528/1520 3918/947/939
f 198/2770/2762 2761/2771/2763 1545/2772/2764
f 3806/2773/2765 2522/2192/2184 471/2774/2766
f 1701/2039/2031 3084/2066/2058 634/2775/2767
f 1503/2776/2768 2462/1722/1714 1902/2777/2769
f 2837/91/83 635/2778/2770 382/2779/2771
f 157/2780/2772 284/2694/2686 3386/2781/2773
f 5652/2782/2774 5664/2457/2449 539/2455/2447
f 4744/2783/2775 539/2455/2447 5270/1107/1099
f 3806/2773/2765 471/2774/2766 5127/1033/1025
f 875/761/753 5129/2784/2776 5307/2785/2777
f 638/2786/2778 2587/770/762 441/769/761
f 5322/2787/2779 5323/2788/2780 5326/2789/2781
f 5733/1305/1297 1750/1307/1299 3869/2790/2782
f 2617/387/379 11/386/378 2402/2791/2783
f 2595/2278/2270 906/2290/2282 937/1780/1772
f 4820/2792/2784 4824/2793/2785 4259/2794/2786
f 1587/2166/2158 1038/2168/2160 3571/2795/2787
f 4496/561/553 4889/2796/2788 2588/2797/2789
f 3375/2798/2790 2360/366/358 1271/2799/2791
f 5420/1881/1873 4555/1880/1872 3221/743/735
f 3207/2549/2541 2049/2800/2792 1865/2801/2793
f 1999/2802/2794 3207/2549/2541 3092/2548/2540
f 490/2803/2795 5188/2804/2796 2950/2600/2592
f 5188/2804/2796 2967/2601/2593 2950/2600/2592
f 1992/1217/1209 1274/2805/2797 645/2806/2798
f 3892/2807/2799 1865/2801/2793 4676/1843/1835
f 156/2808/2800 2846/2809/2801 646/2810/2802
f 4768/2811/2803 4348/2812/2804 4591/2813/2805
f 647/648/640 1383/647/639 4178/2814/2806
f 4178/2814/2806 1169/2114/2106 3085/2815/2807
f 2700/616/608 1302/2816/2808 648/617/609
f 1308/2817/2809 3682/2818/2810 3437/2819/2811
f 1302/2816/2808 2700/616/608 5345/2820/2812
f 2442/2821/2813 1187/651/643 3334/2822/2814
f 2524/2823/2815 3841/2824/2816 1064/2825/2817
f 5423/1759/1751 1066/1758/1750 3260/2826/2818
f 2406/872/864 1628/2827/2819 3318/1219/1211
f 1628/2827/2819 653/2828/2820 2852/2829/2821
f 646/2810/2802 2846/2809/2801 3947/1476/1468
f 1555/508/500 2179/510/502 1886/2830/2822
f 1628/2827/2819 2596/2831/2823 3421/2832/2824
f 667/486/478 4138/609/601 2190/484/476
f 4484/2833/2825 3967/1362/1354 1578/2834/2826
f 517/2365/2357 4500/2367/2359 2048/2835/2827
f 2337/2836/2828 5867/2837/2829 167/2167/2159
f 2342/86/78 2616/1066/1058 2126/1068/1060
f 1785/2838/2830 1060/680/672 660/679/671
f 1275/2839/2831 2562/2840/2832 660/679/671
f 2046/1837/1829 657/2841/2833 112/1838/1830
f 3053/579/571 3756/683/675 1160/580/572
f 1101/2842/2834 1107/2843/2835 658/2844/2836
f 5186/2845/2837 2337/2836/2828 2342/86/78
f 2995/880/872 5548/672/664 655/2846/2838
f 1941/2847/2839 1395/2046/2038 1250/2848/2840
f 3039/2849/2841 1941/2847/2839 1250/2848/2840
f 4141/2850/2842 1546/2851/2843 653/2828/2820
f 2537/2852/2844 218/608/600 5214/607/599
f 3580/2853/2845 3142/2854/2846 662/2855/2847
f 5032/2856/2848 277/2857/2849 4098/1564/1556
f 112/1838/1830 657/2841/2833 3267/2858/2850
f 3757/2859/2851 4329/1216/1208 1860/1218/1210
f 4521/2411/2403 4404/2413/2405 664/2860/2852
f 2081/2861/2853 3520/2862/2854 2905/2863/2855
f 665/1481/1473 5372/2864/2856 2952/2865/2857
f 4478/2866/2858 1508/1982/1974 4482/2867/2859
f 1265/1352/1344 5316/2868/2860 666/1353/1345
f 4858/2869/2861 4001/827/819 1961/826/818
f 5214/607/599 4742/2237/2229 5216/2870/2862
f 2537/2852/2844 5214/607/599 2141/2871/2863
f 304/2872/2864 668/2873/2865 5792/2874/2866
f 2250/2875/2867 312/1549/1541 297/433/425
f 375/908/900 1713/495/487 2478/2876/2868
f 671/2877/2869 3402/2878/2870 3338/2879/2871
f 1461/2880/2872 1456/516/508 5255/969/961
f 2570/2881/2873 484/2242/2234 2922/530/522
f 2794/2882/2874 248/1263/1255 1943/1262/1254
f 5009/2883/2875 3628/1632/1624 4509/2884/2876
f 4509/2884/2876 1062/1690/1682 5009/2883/2875
f 675/47/39 4666/2885/2877 4469/2886/2878
f 781/2887/2879 2986/1101/1093 4150/2888/2880
f 1961/826/818 5811/2889/2881 5541/1011/1003
f 1965/2890/2882 2289/2891/2883 3770/2892/2884
f 4205/2893/2885 3082/2894/2886 2199/2895/2887
f 2345/2896/2888 5252/758/750 5398/2897/2889
f 964/2898/2890 5398/2897/2889 5231/2899/2891
f 4843/2900/2892 4469/2886/2878 1241/2901/2893
f 252/1987/1979 4142/2902/2894 4873/171/163
f 38/306/298 2281/2903/2895 3324/307/299
f 2814/2904/2896 62/2905/2897 683/1338/1330
f 681/1725/1717 1793/2906/2898 2891/2907/2899
f 589/2908/2900 1720/2909/2901 4224/2910/2902
f 2725/2911/2903 682/2912/2904 2215/1921/1913
f 462/2152/2144 1975/2154/2146 1673/2913/2905
f 3324/307/299 264/2914/2906 683/1338/1330
f 3348/321/313 1944/266/258 2466/265/257
f 128/1368/1360 5786/1370/1362 684/472/464
f 3345/944/936 128/1368/1360 3512/942/934
f 1096/2915/2907 4296/2916/2908 2080/2917/2909
f 3100/2918/2910 4458/2919/2911 2647/2920/2912
f 3556/151/143 1730/150/142 4645/2921/2913
f 3374/2922/2914 4792/2923/2915 1219/2924/2916
f 3217/2925/2917 3796/1465/1457 3306/2926/2918
f 2643/839/831 3217/2925/2917 2658/2927/2919
f 3212/2928/2920 1595/2929/2921 4311/2930/2922
f 689/2931/2923 1720/2909/2901 3374/2922/2914
f 1269/971/963 1214/2932/2924 1239/2933/2925
f 2785/190/182 1656/189/181 4987/2934/2926
f 5173/2935/2927 4995/2936/2928 5066/2937/2929
f 5266/295/287 2006/2938/2930 3668/296/288
f 4213/2939/2931 175/2940/2932 3601/2941/2933
f 5229/2942/2934 3816/2943/2935 694/1526/1518
f 3856/904/896 4246/2944/2936 1904/2945/2937
f 636/2946/2938 696/2048/2040 3199/2947/2939
f 3199/2947/2939 5360/2948/2940 1780/2370/2362
f 1904/2945/2937 2959/2949/2941 3856/904/896
f 5671/2950/2942 2863/2951/2943 367/2952/2944
f 5585/2953/2945 3384/262/254 2346/261/253
f 2419/2954/2946 1616/2205/2197 3263/1221/1213
f 1070/2955/2947 2319/2956/2948 4828/2957/2949
f 1070/2955/2947 3812/2958/2950 3199/2947/2939
f 4946/992/984 4658/2959/2951 2804/2960/2952
f 4658/2959/2951 1683/2961/2953 4444/2962/2954
f 4797/2963/2955 348/1651/1643 187/1650/1642
f 3247/2964/2956 4770/1854/1846 810/2965/2957
f 2765/2966/2958 4571/2967/2959 3084/2066/2058
f 3034/1333/1325 5205/1712/1704 3455/2968/2960
f 245/750/742 4191/2522/2514 1346/2969/2961
f 3252/1729/1721 2815/2970/2962 1449/2971/2963
f 701/581/573 3314/566/558 5306/2972/2964
f 3735/2973/2965 3776/72/64 3483/569/561
f 2982/2974/2966 4986/2975/2967 702/327/319
f 1045/2976/2968 1513/635/627 3198/634/626
f 5393/2977/2969 4193/2978/2970 703/916/908
f 296/917/909 703/916/908 5198/2979/2971
f 2016/2980/2972 704/1132/1124 3999/1131/1123
f 3229/2981/2973 2549/1268/1260 4369/1267/1259
f 1690/2982/2974 4952/2983/2975 4476/2984/2976
f 820/1637/1629 2630/144/136 3803/143/135
f 3448/799/791 1496/2985/2977 2886/2986/2978
f 2886/2986/2978 4771/2987/2979 5599/2988/2980
f 3616/2989/2981 179/2990/2982 1141/2991/2983
f 764/2992/2984 179/2990/2982 3616/2989/2981
f 5312/2993/2985 1832/234/226 708/2994/2986
f 2246/1797/1789 2397/2995/2987 1256/1796/1788
f 709/2996/2988 1409/1674/1666 712/2997/2989
f 2140/2998/2990 1320/1325/1317 4217/2999/2991
f 710/3000/2992 4428/1587/1579 1297/1586/1578
f 4190/3001/2993 2747/3002/2994 5038/3003/2995
f 703/916/908 4193/2978/2970 5198/2979/2971
f 5501/3004/2996 3595/3005/2997 421/3006/2998
f 712/2997/2989 2140/2998/2990 709/2996/2988
f 339/1326/1318 1367/3007/2999 593/1328/1320
f 2842/3008/3000 2348/3009/3001 4927/3010/3002
f 3296/2673/2665 1310/2672/2664 2348/3009/3001
f 4032/2029/2021 5085/1981/1973 714/2027/2019
f 714/2027/2019 2158/3011/3003 421/3006/2998
f 715/1597/1589 2463/3012/3004 1321/1595/1587
f 1055/3013/3005 2463/3012/3004 715/1597/1589
f 1782/3014/3006 4210/3015/3007 5842/3016/3008
f 2747/3002/2994 3862/3017/3009 5038/3003/2995
f 1545/2772/2764 1542/3018/3010 198/2770/2762
f 3688/432/424 1539/2207/2199 2858/430/422
f 4995/2936/2928 718/868/860 5066/2937/2929
f 3414/3019/3011 1830/982/974 165/507/499
f 1197/3020/3012 3478/1746/1738 1988/1627/1619
f 3549/3021/3013 1192/3022/3014 2145/3023/3015
f 2235/600/592 720/3024/3016 4146/598/590
f 4234/3025/3017 1919/3026/3018 720/3024/3016
f 1668/3027/3019 721/1811/1803 5513/3028/3020
f 4929/3029/3021 1035/2065/2057 719/1624/1616
f 1939/1187/1179 1392/2562/2554 722/3030/3022
f 3713/3031/3023 1647/1046/1038 1723/1045/1037
f 4214/1447/1439 2565/3032/3024 1098/1444/1436
f 5180/2491/2483 940/2467/2459 5185/2469/2461
f 4700/2351/2343 2472/2350/2342 2707/3033/3025
f 4861/3034/3026 1589/3035/3027 513/276/268
f 4457/3036/3028 2999/3037/3029 2510/3038/3030
f 274/545/537 725/3039/3031 3090/546/538
f 269/2368/2360 1986/3040/3032 4602/3041/3033
f 726/613/605 2697/615/607 3323/3042/3034
f 4567/3043/3035 1998/2766/2758 5798/2767/2759
f 2032/3044/3036 498/2293/2285 1859/2292/2284
f 848/199/191 4066/3045/3037 220/3046/3038
f 728/1922/1914 5149/3047/3039 3043/1923/1915
f 2115/3048/3040 1685/3049/3041 2861/3050/3042
f 2976/3051/3043 2798/1009/1001 1225/3052/3044
f 1225/3052/3044 2798/1009/1001 1272/1008/1000
f 726/613/605 4405/3053/3045 5206/1519/1511
f 4405/3053/3045 726/613/605 3323/3042/3034
f 3888/1279/1271 251/3054/3046 920/3055/3047
f 251/3054/3046 3883/3056/3048 5244/3057/3049
f 2304/3058/3050 2536/2245/2237 5048/3059/3051
f 192/3060/3052 4199/3061/3053 4958/2247/2239
f 729/3062/3054 733/3063/3055 5018/3064/3056
f 1550/899/891 4060/3065/3057 5672/900/892
f 3788/3066/3058 5467/3067/3059 1405/3068/3060
f 5410/3069/3061 3741/3070/3062 4078/3071/3063
f 3766/701/693 3758/1210/1202 158/3072/3064
f 1323/1609/1601 4148/1620/1612 2004/1619/1611
f 4639/3073/3065 4629/3074/3066 4634/3075/3067
f 1149/164/156 4629/3074/3066 4005/1905/1897
f 737/3076/3068 89/118/110 4791/117/109
f 658/2844/2836 4750/3077/3069 1101/2842/2834
f 738/3078/3070 419/3079/3071 2285/3080/3072
f 419/3079/3071 738/3078/3070 4803/3081/3073
f 1211/3082/3074 3047/3083/3075 3714/3084/3076
f 38/306/298 4911/3085/3077 2281/2903/2895
f 5422/3086/3078 5417/1401/1393 4891/3087/3079
f 1728/1816/1808 2848/1818/1810 2117/3088/3080
f 3018/3089/3081 4637/3090/3082 741/378/370
f 435/377/369 732/3091/3083 741/378/370
f 1413/3092/3084 4916/3093/3085 742/3094/3086
f 38/306/298 4026/308/300 2706/585/577
f 2530/3095/3087 1537/3096/3088 4417/3097/3089
f 1537/3096/3088 3715/1688/1680 342/1687/1679
f 4695/3098/3090 2368/3099/3091 4841/3100/3092
f 4949/3101/3093 704/1132/1124 4687/3102/3094
f 2682/3103/3095 2961/3104/3096 2826/3105/3097
f 1762/3106/3098 3838/3107/3099 2682/3103/3095
f 3230/3108/3100 747/3109/3101 4459/3110/3102
f 2677/3111/3103 2396/3112/3104 4216/3113/3105
f 3602/3114/3106 4495/1634/1626 200/1925/1917
f 4216/3113/3105 2396/3112/3104 5319/3115/3107
f 3687/111/103 5591/3116/3108 3019/3117/3109
f 4578/3118/3110 5005/1829/1821 4580/1831/1823
f 749/1574/1566 3767/3119/3111 2421/788/780
f 5544/3120/3112 3767/3119/3111 749/1574/1566
f 748/3121/3113 2729/114/106 1946/116/108
f 3019/3117/3109 1469/3122/3114 2968/3123/3115
f 751/3124/3116 518/3125/3117 4470/2371/2363
f 1384/3126/3118 868/1784/1776 2955/44/36
f 752/1926/1918 3230/3108/3100 4459/3110/3102
f 3282/3127/3119 3230/3108/3100 3275/63/55
f 4421/202/194 4784/2652/2644 1387/2654/2646
f 2746/3128/3120 1522/3129/3121 1524/248/240
f 5228/1014/1006 1960/2586/2578 3684/3130/3122
f 2711/3131/3123 2642/2569/2561 2813/3132/3124
f 1387/2654/2646 755/3133/3125 1484/3134/3126
f 2709/247/239 3264/3135/3127 1524/248/240
f 756/3136/3128 950/3137/3129 1908/2493/2485
f 4326/1468/1460 2652/1467/1459 3389/3138/3130
f 12/3139/3131 3208/3140/3132 2151/1805/1797
f 4093/3141/3133 2796/3142/3134 758/3143/3135
f 5353/3144/3136 5624/3145/3137 632/3146/3138
f 759/555/547 5841/3147/3139 5833/3148/3140
f 4915/158/150 4262/3149/3141 1991/1198/1190
f 12/3139/3131 760/3150/3142 5273/3151/3143
f 760/3150/3142 12/3139/3131 2151/1805/1797
f 4044/1560/1552 4664/1561/1553 4924/2000/1992
f 2639/3152/3144 5348/3153/3145 425/3154/3146
f 1890/3155/3147 4684/3156/3148 2455/3157/3149
f 3321/1265/1257 3768/3158/3150 102/3159/3151
f 3515/3160/3152 763/3161/3153 3760/2349/2341
f 1937/178/170 5657/177/169 5378/3162/3154
f 770/1433/1425 2561/1432/1424 764/2992/2984
f 4202/937/929 1460/3163/3155 2187/938/930
f 766/3164/3156 3008/2253/2245 4342/3165/3157
f 4751/3166/3158 1065/3167/3159 1700/3168/3160
f 4118/1021/1013 767/2305/2297 2945/1022/1014
f 2635/2324/2316 3578/3169/3161 3990/2325/2317
f 3624/3170/3162 3516/3171/3163 1867/3172/3164
f 2314/1516/1508 300/795/787 5377/1517/1509
f 769/511/503 5445/544/536 4480/512/504
f 591/910/902 98/909/901 1572/2073/2065
f 770/1433/1425 1663/3173/3165 2398/1860/1852
f 770/1433/1425 4088/3174/3166 3625/3175/3167
f 4389/3176/3168 2228/3177/3169 771/3178/3170
f 4389/3176/3168 1507/844/836 4800/842/834
f 2824/3179/3171 25/3180/3172 5445/544/536
f 165/507/499 1719/506/498 3414/3019/3011
f 5140/444/436 3268/443/435 1500/3181/3173
f 2567/3182/3174 88/3183/3175 3031/3184/3176
f 774/1130/1122 704/1132/1124 2221/3185/3177
f 2368/3099/3091 3801/3186/3178 4841/3100/3092
f 5500/3187/3179 1860/1218/1210 663/3188/3180
f 1541/3189/3181 454/3190/3182 1678/3191/3183
f 776/3192/3184 3717/2525/2517 1808/1887/1879
f 776/3192/3184 4729/3193/3185 3244/2709/2701
f 2445/3194/3186 260/3195/3187 777/1913/1905
f 3044/110/102 5115/3196/3188 5232/3197/3189
f 1329/1537/1529 5457/1536/1528 778/1237/1229
f 4850/3198/3190 244/3199/3191 4848/2202/2194
f 232/3200/3192 5846/3201/3193 3166/3202/3194
f 3215/3203/3195 4609/3204/3196 971/3205/3197
f 4584/3206/3198 3708/3207/3199 1726/1700/1692
f 5133/2385/2377 1105/669/661 1069/3208/3200
f 4666/2885/2877 675/47/39 1557/1947/1939
f 675/47/39 2202/1948/1940 1557/1947/1939
f 5639/3209/3201 783/3210/3202 4703/1949/1941
f 5654/3211/3203 985/1117/1109 2983/1116/1108
f 2996/3212/3204 784/1356/1348 1391/1355/1347
f 4416/2007/1999 4419/3213/3205 427/2008/2000
f 1636/447/439 5258/3214/3206 2881/3215/3207
f 4309/3216/3208 5430/3217/3209 2666/3218/3210
f 5088/3219/3211 2925/3220/3212 5553/809/801
f 2558/3221/3213 526/3222/3214 5551/3223/3215
f 2638/2509/2501 3312/3224/3216 3593/2508/2500
f 246/3225/3217 4608/756/748 2405/3226/3218
f 1211/3082/3074 5002/3227/3219 3047/3083/3075
f 2698/716/708 3777/1062/1054 4042/3228/3220
f 5359/1179/1171 3562/3229/3221 789/1180/1172
f 395/1889/1881 164/1891/1883 3928/3230/3222
f 1432/3231/3223 1434/3232/3224 790/3233/3225
f 2879/3234/3226 1434/3232/3224 147/3235/3227
f 1611/3236/3228 4308/3237/3229 3150/1182/1174
f 432/3238/3230 763/3161/3153 3515/3160/3152
f 633/229/221 787/228/220 792/1248/1240
f 1996/3239/3231 4083/3240/3232 246/3225/3217
f 507/3241/3233 3095/3242/3234 4989/3243/3235
f 980/3244/3236 976/311/303 2719/310/302
f 794/3245/3237 4697/3246/3238 3802/3247/3239
f 4330/1079/1071 972/1081/1073 978/1191/1183
f 5118/2415/2407 4656/2414/2406 4182/3248/3240
f 477/1159/1151 4090/1442/1434 21/1157/1149
f 801/3249/3241 5634/3250/3242 796/1399/1391
f 5634/3250/3242 5690/2184/2176 3834/3251/3243
f 1996/3239/3231 3390/3252/3244 3316/3253/3245
f 1996/3239/3231 792/1248/1240 4083/3240/3232
f 1531/2518/2510 1840/2520/2512 798/3254/3246
f 4875/1525/1517 1529/948/940 1531/2518/2510
f 286/3255/3247 3917/3256/3248 418/3257/3249
f 1048/3258/3250 3924/3259/3251 477/1159/1151
f 800/3260/3252 24/1974/1966 624/3261/3253
f 4806/1977/1969 4803/3081/3073 738/3078/3070
f 3289/2624/2616 1278/2623/2615 4511/3262/3254
f 3289/2624/2616 804/3263/3255 103/3264/3256
f 5572/3265/3257 1509/3266/3258 1195/1885/1877
f 1810/3267/3259 4771/2987/2979 2886/2986/2978
f 103/3264/3256 804/3263/3255 3893/3268/3260
f 2373/1578/1570 1669/1577/1569 1784/3269/3261
f 168/882/874 1805/886/878 805/883/875
f 809/2040/2032 2258/3270/3262 138/412/404
f 806/3271/3263 300/795/787 3926/3272/3264
f 1810/3267/3259 3695/3273/3265 5601/3274/3266
f 3814/3275/3267 194/3276/3268 5226/1610/1602
f 3982/3277/3269 1627/3278/3270 1221/3279/3271
f 4800/842/834 2552/3280/3272 1665/840/832
f 318/1054/1046 4967/3281/3273 4175/2302/2294
f 4476/2984/2976 2258/3270/3262 809/2040/2032
f 820/1637/1629 3560/3282/3274 1355/1638/1630
f 810/2965/2957 4797/2963/2955 187/1650/1642
f 1125/425/417 698/424/416 4606/1855/1847
f 5051/3283/3275 811/3284/3276 176/3285/3277
f 1689/3286/3278 4573/3287/3279 3442/3288/3280
f 1412/3289/3281 2372/3290/3282 1410/3291/3283
f 3252/1729/1721 1449/2971/2963 1188/1730/1722
f 1682/3292/3284 5612/363/355 813/362/354
f 1293/3293/3285 536/3294/3286 3177/3295/3287
f 2817/3296/3288 814/3297/3289 2893/3298/3290
f 3200/3299/3291 243/2611/2603 2467/3300/3292
f 4412/3301/3293 3622/3302/3294 2795/3303/3295
f 2694/2690/2682 4412/3301/3293 1253/1849/1841
f 3006/382/374 2859/384/376 2862/3304/3296
f 3787/1898/1890 1828/1897/1889 1624/1896/1888
f 2763/3305/3297 3395/1315/1307 4862/3306/3298
f 1913/1915/1907 1741/3307/3299 777/1913/1905
f 2480/3308/3300 818/3309/3301 5697/3310/3302
f 1175/1859/1851 2057/822/814 642/1857/1849
f 15/1292/1284 819/1308/1300 4576/2483/2475
f 819/1308/1300 1206/3311/3303 4576/2483/2475
f 1690/2982/2974 4476/2984/2976 3564/3312/3304
f 705/3313/3305 1276/3314/3306 3564/3312/3304
f 818/3309/3301 2480/3308/3300 821/3315/3307
f 4889/2796/2788 818/3309/3301 3375/2798/2790
f 401/3316/3308 817/3317/3309 822/1002/994
f 822/1002/994 1199/1004/996 401/3316/3308
f 823/1147/1139 5547/3318/3310 162/3319/3311
f 5324/3320/3312 846/3321/3313 4221/849/841
f 3237/3322/3314 2528/2424/2416 3813/2423/2415
f 5659/2571/2563 2234/3323/3315 2277/2572/2564
f 2232/3324/3316 2234/3323/3315 5663/3325/3317
f 825/501/493 2880/3326/3318 51/3327/3319
f 3218/2382/2374 5384/3328/3320 51/3327/3319
f 489/1036/1028 120/1035/1027 826/824/816
f 826/824/816 3784/3329/3321 2060/3330/3322
f 827/488/480 573/3331/3323 143/489/481
f 827/488/480 2232/3324/3316 5663/3325/3317
f 828/3332/3324 1525/3333/3325 2227/3334/3326
f 3417/3335/3327 828/3332/3324 5174/3336/3328
f 2544/3337/3329 4614/3338/3330 2546/3339/3331
f 759/555/547 3451/554/546 5236/3340/3332
f 459/3341/3333 2410/3342/3334 1280/1787/1779
f 832/3343/3335 4316/3344/3336 3748/2498/2490
f 53/1258/1250 3194/3345/3337 4702/3346/3338
f 1869/246/238 36/2387/2379 5301/666/658
f 5121/1924/1916 3043/1923/1915 2484/3347/3339
f 1801/1224/1216 834/1228/1220 3239/1227/1219
f 241/2578/2570 834/1228/1220 575/3348/3340
f 3000/3349/3341 212/1097/1089 105/3350/3342
f 2469/777/769 4539/3351/3343 2112/2061/2053
f 836/1260/1252 4702/3346/3338 3194/3345/3337
f 102/3159/3151 1890/3155/3147 837/3352/3344
f 4497/3353/3345 1887/3354/3346 881/3355/3347
f 3584/3356/3348 2860/3357/3349 3640/3358/3350
f 2035/550/542 831/552/544 1093/3359/3351
f 2484/3347/3339 4401/3360/3352 839/3361/3353
f 1522/3129/3121 833/3362/3354 1524/248/240
f 1966/3363/3355 840/1225/1217 1801/1224/1216
f 840/1225/1217 3730/1172/1164 4562/1171/1163
f 5736/2705/2697 841/3364/3356 115/3365/3357
f 4048/2291/2283 498/2293/2285 5494/3366/3358
f 842/3367/3359 126/3368/3360 5628/3369/3361
f 126/3368/3360 1418/3370/3362 242/256/248
f 755/3133/3125 2742/3371/3363 2746/3128/3120
f 4551/1553/1545 2312/1552/1544 1885/2052/2044
f 1983/3372/3364 71/3373/3365 844/857/849
f 847/3374/3366 4546/858/850 844/857/849
f 3032/3375/3367 845/1988/1980 5561/3376/3368
f 4319/3377/3369 984/3378/3370 2808/1280/1272
f 2474/3379/3371 3108/217/209 5675/2072/2064
f 823/1147/1139 162/3319/3311 2474/3379/3371
f 844/857/849 71/3373/3365 847/3374/3366
f 3626/3380/3372 5418/3381/3373 1724/3382/3374
f 727/3383/3375 491/2271/2263 848/199/191
f 1884/597/589 2032/3044/3036 2736/595/587
f 4490/1709/1701 2056/1713/1705 4487/3384/3376
f 3458/1711/1703 2056/1713/1705 4490/1709/1701
f 1939/1187/1179 850/323/315 1392/2562/2554
f 1944/266/258 4362/3385/3377 1854/264/256
f 1597/3386/3378 851/3387/3379 3160/3388/3380
f 3160/3388/3380 2022/1557/1549 1925/1559/1551
f 852/3389/3381 3675/3390/3382 5528/3391/3383
f 1446/3392/3384 553/2507/2499 1712/2506/2498
f 853/3393/3385 5018/3064/3056 5672/900/892
f 168/882/874 2936/884/876 1805/886/878
f 2395/1041/1033 854/1043/1035 2092/3394/3386
f 3710/3395/3387 2271/3396/3388 5555/3397/3389
f 2899/626/618 3387/3398/3390 5164/935/927
f 284/2694/2686 5050/1861/1853 4359/2692/2684
f 1626/3399/3391 57/3400/3392 1577/3401/3393
f 4675/3402/3394 2238/3403/3395 3473/3404/3396
f 2139/3405/3397 519/575/567 857/3406/3398
f 1006/2108/2100 866/2107/2099 1059/2379/2371
f 2241/1175/1167 2262/3407/3399 2260/3408/3400
f 2486/1990/1982 1488/1989/1981 1352/3409/3401
f 3516/3171/3163 859/3410/3402 1833/252/244
f 87/3411/3403 757/1413/1405 3063/1412/1404
f 225/989/981 860/1164/1156 141/3412/3404
f 5403/642/634 1423/641/633 141/3412/3404
f 861/3413/3405 5561/3376/3368 845/1988/1980
f 3445/279/271 845/1988/1980 1514/3414/3406
f 436/3415/3407 3184/2366/2358 4727/3416/3408
f 1070/2955/2947 4828/2957/2949 3812/2958/2950
f 2330/3417/3409 123/1163/1155 452/3418/3410
f 5850/3419/3411 5853/3420/3412 4102/2375/2367
f 674/2014/2006 1910/2496/2488 5257/2495/2487
f 3368/3421/3413 865/3422/3414 3468/2335/2327
f 5574/3423/3415 4559/3424/3416 2127/3425/3417
f 1646/643/635 3657/984/976 4586/2106/2098
f 4586/2106/2098 1034/1702/1694 2295/3426/3418
f 5097/1523/1515 867/3427/3419 1599/1524/1516
f 5101/97/89 306/2728/2720 625/2727/2719
f 4739/3428/3420 518/3125/3117 751/3124/3116
f 2191/3429/3421 4736/3430/3422 3461/3431/3423
f 1595/2929/2921 2380/3432/3424 869/1207/1199
f 869/1207/1199 2380/3432/3424 4250/1208/1200
f 4739/3428/3420 751/3124/3116 870/3433/3425
f 2455/3157/3149 4684/3156/3148 2955/44/36
f 107/3434/3426 1922/2575/2567 3960/3435/3427
f 873/2196/2188 2042/3436/3428 3911/3437/3429
f 629/3438/3430 412/3439/3431 1989/3440/3432
f 1060/680/672 4094/3441/3433 336/678/670
f 4760/3442/3434 3929/3443/3435 1311/3444/3436
f 4760/3442/3434 107/3434/3426 4758/3445/3437
f 1293/3293/3285 874/3446/3438 536/3294/3286
f 11/386/378 3832/385/377 3510/212/204
f 878/3447/3439 2483/2194/2186 4115/3448/3440
f 4115/3448/3440 1174/203/195 3222/205/197
f 1824/606/598 3523/3449/3441 1001/604/596
f 1227/1023/1015 2945/1022/1014 2947/3450/3442
f 2587/770/762 2591/2088/2080 615/768/760
f 2884/3451/3443 2349/1762/1754 1465/1764/1756
f 1585/3452/3444 878/3447/3439 5305/3453/3445
f 5305/3453/3445 2173/3454/3446 4057/3455/3447
f 4779/1048/1040 879/2756/2748 5154/1049/1041
f 4277/3456/3448 879/2756/2748 4779/1048/1040
f 4292/3457/3449 603/3458/3450 880/3459/3451
f 4298/1329/1321 5304/3460/3452 1483/3461/3453
f 2655/3462/3454 881/3355/3347 4276/3463/3455
f 5505/3464/3456 4276/3463/3455 5456/785/777
f 528/3465/3457 4390/3466/3458 1605/2410/2402
f 528/3465/3457 2777/253/245 3865/1411/1403
f 883/3467/3459 3747/1402/1394 1550/899/891
f 3111/721/713 883/3467/3459 1550/899/891
f 1722/3468/3460 239/929/921 884/888/880
f 2981/3469/3461 373/993/985 1198/3470/3462
f 3366/134/126 885/3471/3463 263/3472/3464
f 1483/3461/3453 4295/3473/3465 880/3459/3451
f 3376/3474/3466 2171/3475/3467 420/3476/3468
f 3186/1404/1396 480/2226/2218 4906/3477/3469
f 4719/3478/3470 887/2356/2348 257/481/473
f 2703/3479/3471 925/3480/3472 1674/3481/3473
f 4611/3482/3474 2012/636/628 5724/638/630
f 1326/3483/3475 2306/3484/3476 3389/3138/3130
f 1161/92/84 2837/91/83 382/2779/2771
f 2694/2690/2682 1253/1849/1841 2691/1848/1840
f 2705/3485/3477 1574/3486/3478 1117/3487/3479
f 1711/3488/3480 3073/662/654 3147/3489/3481
f 891/3490/3482 260/3195/3187 2445/3194/3186
f 5152/108/100 5110/714/706 256/109/101
f 3335/1470/1462 882/1469/1461 4722/3491/3483
f 5347/3492/3484 5242/3493/3485 293/3494/3486
f 1281/3495/3487 2744/1295/1287 5424/1284/1276
f 1749/3496/3488 947/3497/3489 4512/3498/3490
f 568/2556/2548 2435/3499/3491 1747/2557/2549
f 4984/3500/3492 633/229/221 2761/2771/2763
f 70/2754/2746 610/57/49 2270/3501/3493
f 1909/920/912 896/3502/3494 1133/3503/3495
f 3204/3504/3496 4092/749/741 94/748/740
f 1662/3505/3497 2363/3506/3498 1803/3507/3499
f 231/1193/1185 4507/2355/2347 1803/3507/3499
f 70/2754/2746 879/2756/2748 2856/58/50
f 2856/58/50 610/57/49 70/2754/2746
f 334/439/431 5249/3508/3500 3002/3509/3501
f 82/441/433 3030/2159/2151 2159/3510/3502
f 2409/3511/3503 900/590/582 1593/2090/2082
f 2620/3512/3504 5530/3513/3505 5068/3514/3506
f 4632/3515/3507 1057/3516/3508 163/3517/3509
f 2908/3518/3510 1131/2541/2533 4763/2540/2532
f 415/406/398 4162/1964/1956 782/407/399
f 903/1486/1478 2833/122/114 5373/3519/3511
f 903/1486/1478 4550/3520/3512 576/1488/1480
f 2620/3512/3504 2409/3511/3503 5530/3513/3505
f 2574/223/215 2146/148/140 48/147/139
f 3002/3509/3501 5249/3508/3500 3919/3521/3513
f 514/1195/1187 3925/3522/3514 3923/1196/1188
f 5451/3523/3515 497/2289/2281 640/3524/3516
f 2965/3525/3517 497/2289/2281 5451/3523/3515
f 5572/3265/3257 5685/3526/3518 2054/3527/3519
f 2185/3528/3520 4699/3529/3521 908/1078/1070
f 4479/3530/3522 4549/3531/3523 5429/3532/3524
f 909/1025/1017 524/3533/3525 197/2393/2385
f 4693/645/637 3657/984/976 1646/643/635
f 137/3534/3526 5152/108/100 3119/1115/1107
f 4299/3535/3527 1969/2430/2422 3249/1090/1082
f 4884/3536/3528 5607/3537/3529 5608/3538/3530
f 1738/3539/3531 173/3540/3532 2674/3541/3533
f 4479/3530/3522 4699/3529/3521 4549/3531/3523
f 680/3542/3534 2036/3543/3535 4026/308/300
f 2016/2980/2972 4367/3544/3536 704/1132/1124
f 704/1132/1124 3192/1269/1261 1284/3545/3537
f 721/1811/1803 47/3546/3538 5513/3028/3020
f 3589/3547/3539 719/1624/1616 918/1592/1584
f 3058/3548/3540 2068/896/888 1354/898/890
f 3058/3548/3540 1354/898/890 3817/3549/3541
f 2450/3550/3542 916/3551/3543 240/3552/3544
f 182/180/172 3083/179/171 2943/3553/3545
f 5229/2942/2934 694/1526/1518 917/3554/3546
f 2025/535/527 3874/3555/3547 557/536/528
f 914/372/364 1216/3556/3548 808/370/362
f 3586/3557/3549 1979/3558/3550 3474/3559/3551
f 2386/3560/3552 342/1687/1679 919/3561/3553
f 5009/2883/2875 1062/1690/1682 3347/3562/3554
f 3260/2826/2818 650/3563/3555 5423/1759/1751
f 1399/2362/2354 2644/2361/2353 5039/3564/3556
f 2726/2615/2607 2413/2617/2609 2180/3565/3557
f 921/2530/2522 4242/3566/3558 2338/2532/2524
f 4242/3566/3558 3423/1110/1102 673/1631/1623
f 5623/2217/2209 4531/3567/3559 305/3568/3560
f 2641/3569/3561 1998/2766/2758 4567/3043/3035
f 1120/1771/1763 2783/874/866 362/873/865
f 362/873/865 2067/1879/1871 4708/3570/3562
f 3240/3571/3563 3808/1640/1632 5694/346/338
f 3141/347/339 5694/346/338 3808/1640/1632
f 4646/3572/3564 5538/1257/1249 3686/3573/3565
f 832/3343/3335 4643/3574/3566 4316/3344/3336
f 3070/3575/3567 1406/3576/3568 4827/3577/3569
f 1406/3576/3568 5582/3578/3570 5412/3579/3571
f 442/474/466 4394/2472/2464 927/3580/3572
f 3930/943/935 3512/942/934 442/474/466
f 3598/3581/3573 928/2028/2020 3595/3005/2997
f 924/3582/3574 2351/345/337 5768/3583/3575
f 927/3580/3572 3930/943/935 442/474/466
f 2887/3584/3576 3927/3585/3577 3936/3586/3578
f 3417/3335/3327 5174/3336/3328 930/3587/3579
f 4786/3588/3580 2853/3589/3581 3588/2135/2127
f 931/818/810 4754/3590/3582 2838/3591/3583
f 288/3592/3584 5069/2594/2586 1670/210/202
f 932/1379/1371 2760/3593/3585 1278/2623/2615
f 618/911/903 2760/3593/3585 932/1379/1371
f 933/923/915 4411/398/390 4261/397/389
f 5171/3594/3586 2853/3589/3581 930/3587/3579
f 934/1119/1111 1852/2644/2636 3707/2643/2635
f 1416/3595/3587 2072/3596/3588 298/1489/1481
f 1678/3191/3183 3500/3597/3589 1452/2753/2745
f 1452/2753/2745 2154/2117/2109 1851/2116/2108
f 936/2058/2050 2087/3598/3590 5545/2592/2584
f 2087/3598/3590 3719/2584/2576 4896/3599/3591
f 937/1780/1772 906/2290/2282 640/3524/3516
f 937/1780/1772 640/3524/3516 5182/1781/1773
f 2511/3600/3592 1776/3601/3593 960/3602/3594
f 2883/1364/1356 1776/3601/3593 1815/1365/1357
f 2524/2823/2815 2627/291/283 1635/293/285
f 5437/3603/3595 2226/2123/2115 355/1092/1084
f 1590/3604/3596 4091/3605/3597 5283/3606/3598
f 3908/1290/1282 1681/1289/1281 4345/3607/3599
f 257/481/473 941/2358/2350 4719/3478/3470
f 2130/1341/1333 3351/3608/3600 4346/1339/1331
f 3100/2918/2910 790/3233/3225 4458/2919/2911
f 3906/3609/3601 946/368/360 4844/367/359
f 943/50/42 5433/3610/3602 1317/351/343
f 2339/3611/3603 3583/3612/3604 5185/2469/2461
f 3287/3613/3605 3291/2738/2730 944/3614/3606
f 4905/3615/3607 3287/3613/3605 2401/3616/3608
f 2061/3617/3609 2896/2460/2452 77/2461/2453
f 4085/1397/1389 4167/3618/3610 4931/1398/1390
f 790/3233/3225 946/368/360 4458/2919/2911
f 2879/3234/3226 790/3233/3225 1434/3232/3224
f 3875/3619/3611 3023/152/144 1791/3620/3612
f 3023/152/144 146/695/687 1791/3620/3612
f 1623/3621/3613 4442/3622/3614 3153/3623/3615
f 1159/3624/3616 2210/1285/1277 3392/3625/3617
f 1972/1140/1132 949/102/94 221/1138/1130
f 221/1138/1130 2942/3626/3618 2433/3627/3619
f 2869/2494/2486 69/894/886 550/3628/3620
f 605/3629/3621 1095/2676/2668 4023/2674/2666
f 4293/3630/3622 3017/1544/1536 4385/1543/1535
f 2880/3326/3318 311/475/467 3220/477/469
f 4892/3631/3623 5779/3632/3624 5054/3633/3625
f 2942/3626/3618 4237/3634/3626 2439/3635/3627
f 1812/2744/2736 958/3636/3628 188/2745/2737
f 4403/3637/3629 1812/2744/2736 1046/980/972
f 1623/3621/3613 3153/3623/3615 3281/3638/3630
f 136/3639/3631 238/3640/3632 3281/3638/3630
f 3606/1203/1195 1861/3641/3633 3071/1204/1196
f 3853/3642/3634 4322/3643/3635 1856/85/77
f 2439/3635/3627 3450/3644/3636 5776/3645/3637
f 2436/3646/3638 5776/3645/3637 3609/3647/3639
f 3434/125/117 317/3648/3640 957/2725/2717
f 3884/1583/1575 1807/1582/1574 710/3000/2992
f 958/3636/3628 953/2729/2721 1929/514/506
f 3129/542/534 3581/3649/3641 2370/983/975
f 2448/2146/2138 4752/2148/2140 372/3650/3642
f 3114/3651/3643 2750/3652/3644 4747/3653/3645
f 5760/3654/3646 3860/3655/3647 960/3602/3594
f 2813/3132/3124 4533/3656/3648 4866/3657/3649
f 333/1647/1639 961/3658/3650 1766/3659/3651
f 4747/3653/3645 959/3660/3652 3114/3651/3643
f 2681/3661/3653 100/3662/3654 569/3663/3655
f 4493/3664/3656 3305/3665/3657 5167/3666/3658
f 2599/3667/3659 1156/258/250 963/1485/1477
f 4482/2867/2859 54/3668/3660 2053/3669/3661
f 5398/2897/2889 5586/3670/3662 2345/2896/2888
f 5716/140/132 18/71/63 2359/794/786
f 2750/3652/3644 3114/3651/3643 468/220/212
f 3998/3671/3663 2830/3672/3664 2298/3673/3665
f 5126/3674/3666 973/3675/3667 2829/3676/3668
f 2395/1041/1033 2092/3394/3386 973/3675/3667
f 2125/3677/3669 1536/3678/3670 5282/2100/2092
f 450/3679/3671 4211/3680/3672 3075/1080/1072
f 1294/2650/2642 2298/3673/3665 968/2651/2643
f 968/2651/2643 599/2182/2174 4030/2181/2173
f 471/2774/2766 2522/2192/2184 3429/3681/3673
f 2483/2194/2186 878/3447/3439 1585/3452/3444
f 2930/1984/1976 1380/1985/1977 3401/3682/3674
f 2053/3669/3661 4035/3683/3675 2599/3667/3659
f 5846/3201/3193 232/3200/3192 3550/3684/3676
f 1372/3685/3677 3550/3684/3676 232/3200/3192
f 973/3675/3667 966/1089/1081 5243/3686/3678
f 973/3675/3667 4481/1108/1100 966/1089/1081
f 3436/3687/3679 948/3688/3680 974/618/610
f 3116/3689/3681 2214/3690/3682 2208/3691/3683
f 2078/3692/3684 1851/2116/2108 975/2118/2110
f 166/538/530 2779/2119/2111 3839/539/531
f 980/3244/3236 3984/2363/2355 976/311/303
f 976/311/303 3984/2363/2355 4605/3693/3685
f 5422/3086/3078 340/3694/3686 5417/1401/1393
f 2999/3037/3029 340/3694/3686 5058/3695/3687
f 4947/1190/1182 4004/3696/3688 978/1191/1183
f 209/1790/1782 1888/1789/1781 4002/3697/3689
f 302/1509/1501 3582/1841/1833 2266/274/266
f 3553/343/335 1995/3698/3690 2266/274/266
f 980/3244/3236 788/1063/1055 3577/3699/3691
f 3095/3242/3234 507/3241/3233 2453/3700/3692
f 3885/3701/3693 5708/1871/1863 5704/1281/1273
f 4232/3702/3694 2613/471/463 3791/470/462
f 3495/305/297 982/304/296 155/3703/3695
f 3689/3704/3696 5291/3705/3697 982/304/296
f 1291/2243/2235 2809/3706/3698 4029/3707/3699
f 1782/3014/3006 5842/3016/3008 3311/1695/1687
f 981/3708/3700 984/3378/3370 5238/3709/3701
f 2119/3710/3702 2626/3711/3703 4290/278/270
f 5651/1098/1090 2301/2465/2457 3707/2643/2635
f 2072/3596/3588 3707/2643/2635 2301/2465/2457
f 2888/3712/3704 604/3713/3705 982/304/296
f 2888/3712/3704 982/304/296 5017/303/295
f 1857/1761/1753 1853/3714/3706 2113/1760/1752
f 5250/3715/3707 1424/3716/3708 1853/3714/3706
f 1632/3717/3709 3132/3718/3710 2344/3719/3711
f 2923/1581/1573 2632/3720/3712 2931/952/944
f 2272/89/81 3976/3721/3713 125/87/79
f 1853/3714/3706 2717/3722/3714 5250/3715/3707
f 4519/1664/1656 1332/3723/3715 3145/3724/3716
f 2625/2597/2589 2105/2047/2039 1395/2046/2038
f 1503/2776/2768 5004/1723/1715 2462/1722/1714
f 3009/3725/3717 4111/2762/2754 1849/2761/2753
f 1934/2383/2375 2344/3719/3711 3132/3718/3710
f 4589/3726/3718 2344/3719/3711 1934/2383/2375
f 405/3727/3719 1309/3728/3720 4495/1634/1626
f 4495/1634/1626 3602/3114/3106 405/3727/3719
f 994/2104/2096 989/2708/2700 1543/2105/2097
f 3197/3729/3721 994/2104/2096 2715/3730/3722
f 4448/928/920 48/147/139 4450/146/138
f 3009/3725/3717 1849/2761/2753 3091/1727/1719
f 191/2616/2608 996/2301/2293 3098/2618/2610
f 1821/1944/1936 5150/3731/3723 1207/1945/1937
f 1757/2695/2687 5873/3732/3724 49/1483/1475
f 2952/2865/2857 5372/2864/2856 2949/1051/1043
f 1396/1600/1592 1952/1602/1594 3916/3733/3725
f 2155/207/199 1575/2238/2230 4977/3734/3726
f 5086/1779/1771 999/863/855 364/1872/1864
f 364/1872/1864 999/863/855 2568/1873/1865
f 1602/800/792 153/802/794 1000/3735/3727
f 3808/1640/1632 3240/3571/3563 4971/1692/1684
f 4786/3588/3580 3523/3449/3441 2070/3736/3728
f 4786/3588/3580 2070/3736/3728 5160/339/331
f 1002/1293/1285 3508/3737/3729 4579/1294/1286
f 1948/3738/3730 998/3739/3731 1344/3740/3732
f 153/802/794 1003/3741/3733 1000/3735/3727
f 1940/804/796 332/803/795 5385/2596/2588
f 222/850/842 774/1130/1122 1004/1145/1137
f 2192/1146/1138 2020/851/843 222/850/842
f 4259/2794/2786 4824/2793/2785 1587/2166/2158
f 1592/204/196 4322/3643/3635 3853/3642/3634
f 4657/577/569 1006/2108/2100 519/575/567
f 1006/2108/2100 1059/2379/2371 519/575/567
f 1621/939/931 2887/3584/3576 1336/3742/3734
f 213/3743/3735 4140/3744/3736 627/2068/2060
f 2031/3745/3737 892/456/448 1008/1430/1422
f 2028/1456/1448 1008/1430/1422 3171/1457/1449
f 5357/2317/2309 3441/1535/1527 1009/3746/3738
f 2554/16/8 3901/3747/3739 508/17/9
f 340/3694/3686 4662/3748/3740 5058/3695/3687
f 2944/3749/3741 451/3750/3742 2195/3751/3743
f 559/3752/3744 2944/3749/3741 5001/3753/3745
f 4655/2435/2427 2416/3754/3746 2489/3755/3747
f 2375/3756/3748 3838/3107/3099 4440/460/452
f 3655/2277/2269 493/531/523 484/2242/2234
f 2569/3757/3749 2177/3758/3750 2570/2881/2873
f 4717/3759/3751 5329/3760/3752 3258/3761/3753
f 3209/3762/3754 3258/3761/3753 5329/3760/3752
f 5617/1396/1388 1251/3763/3755 1255/3764/3756
f 5221/3765/3757 2357/515/507 2489/3755/3747
f 3123/3766/3758 3463/1337/1329 1015/3767/3759
f 3047/3083/3075 1413/3092/3084 3714/3084/3076
f 1016/3768/3760 4717/3759/3751 3258/3761/3753
f 234/3769/3761 4535/2102/2094 4538/3770/3762
f 5245/3771/3763 1863/2022/2014 1017/829/821
f 1608/1852/1844 5320/3772/3764 1300/1853/1845
f 3543/1064/1056 788/1063/1055 3714/3084/3076
f 4916/3093/3085 2706/585/577 742/3094/3086
f 4133/3773/3765 1019/3774/3766 282/2189/2181
f 1019/3774/3766 1252/3775/3767 282/2189/2181
f 2074/1937/1929 1893/409/401 5059/3776/3768
f 1653/411/403 5059/3776/3768 1893/409/401
f 1021/3777/3769 536/3294/3286 4948/3778/3770
f 1544/3779/3771 75/3780/3772 2267/3781/3773
f 3534/1800/1792 3301/1799/1791 4443/3782/3774
f 1888/1789/1781 4135/1791/1783 3297/3783/3775
f 567/2286/2278 1604/1071/1063 1023/1673/1665
f 3406/2555/2547 3411/3784/3776 4508/3785/3777
f 3831/3786/3778 1835/612/604 3037/611/603
f 2890/3787/3779 2602/3788/3780 3831/3786/3778
f 1025/1406/1398 41/1405/1397 3266/3789/3781
f 4181/3790/3782 1474/3791/3783 3051/1408/1400
f 925/3480/3472 2703/3479/3471 1026/93/85
f 3745/2499/2491 3125/659/651 3128/3792/3784
f 185/3793/3785 2584/966/958 1027/968/960
f 185/3793/3785 3273/3794/3786 2181/3795/3787
f 1028/155/147 865/3422/3414 3368/3421/3413
f 2933/2464/2456 5428/3796/3788 4955/2466/2458
f 3393/3797/3789 498/2293/2285 2032/3044/3036
f 5061/3798/3790 3629/3799/3791 1659/3800/3792
f 1906/3801/3793 863/2378/2370 1030/3802/3794
f 1030/3802/3794 2330/3417/3409 452/3418/3410
f 1377/961/953 2607/3803/3795 5799/3804/3796
f 4344/2394/2386 197/2393/2385 524/3533/3525
f 1032/1439/1431 185/3793/3785 2181/3795/3787
f 185/3793/3785 1032/1439/1431 2584/966/958
f 5348/3153/3145 1033/3805/3797 425/3154/3146
f 425/3154/3146 1033/3805/3797 314/2157/2149
f 4352/3806/3798 2295/3426/3418 1034/1702/1694
f 1030/3802/3794 4352/3806/3798 2330/3417/3409
f 721/1811/1803 905/1590/1582 3942/1589/1581
f 721/1811/1803 3942/1589/1581 4929/3029/3021
f 4581/2170/2162 5712/3807/3799 3887/3808/3800
f 2564/3809/3801 4039/710/702 3751/1220/1212
f 324/3810/3802 1419/3811/3803 1658/1240/1232
f 324/3810/3802 2924/1601/1593 2919/423/415
f 465/428/420 3571/2795/2787 1038/2168/2160
f 5712/3807/3799 465/428/420 3887/3808/3800
f 419/3079/3071 624/3261/3253 1818/3812/3804
f 2285/3080/3072 419/3079/3071 2800/3813/3805
f 3733/1386/1378 273/1382/1374 898/1381/1373
f 3094/3814/3806 3724/353/345 273/1382/1374
f 5317/2147/2139 63/3815/3807 3454/3816/3808
f 1203/2687/2679 461/3817/3809 3738/2688/2680
f 1042/3818/3810 2913/2139/2131 2407/2138/2130
f 1045/2976/2968 702/327/319 4986/2975/2967
f 4876/3819/3811 5751/3820/3812 2935/2326/2318
f 2453/3700/3692 507/3241/3233 4113/3821/3813
f 1044/584/576 3938/3822/3814 1959/1040/1032
f 113/3823/3815 2289/2891/2883 235/828/820
f 4095/3824/3816 1042/3818/3810 1168/518/510
f 1042/3818/3810 4095/3824/3816 2913/2139/2131
f 2824/3179/3171 3414/3019/3011 1719/506/498
f 3414/3019/3011 2824/3179/3171 4403/3637/3629
f 3721/3825/3817 3371/383/375 3006/382/374
f 901/1895/1887 1307/2539/2531 1624/1896/1888
f 3924/3259/3251 1048/3258/3250 418/3257/3249
f 5522/3826/3818 418/3257/3249 1048/3258/3250
f 4964/3827/3819 1049/3828/3820 3554/3829/3821
f 483/3830/3822 5052/3831/3823 2721/3832/3824
f 1050/3833/3825 2806/3834/3826 413/3835/3827
f 3034/1333/1325 4120/1332/1324 4215/3836/3828
f 2501/3837/3829 2534/3838/3830 1051/3839/3831
f 2532/3840/3832 5049/3841/3833 5007/3842/3834
f 4936/3843/3835 1894/3844/3836 5831/2011/2003
f 2904/1323/1315 3424/1322/1314 268/1658/1650
f 1570/3845/3837 4261/397/389 1053/3846/3838
f 3206/463/455 2232/3324/3316 3146/464/456
f 989/2708/2700 4769/2707/2699 1543/2105/2097
f 615/768/760 3509/3847/3839 441/769/761
f 4340/3848/3840 4294/145/137 1901/2018/2010
f 4291/3849/3841 4196/3850/3842 4294/145/137
f 160/841/833 2377/1575/1567 5546/3851/3843
f 5546/3851/3843 2228/3177/3169 4389/3176/3168
f 901/1895/1887 4879/3852/3844 1057/3516/3508
f 3604/2537/2529 1307/2539/2531 901/1895/1887
f 4327/3853/3845 3399/1566/1558 311/475/467
f 2145/3023/3015 3478/1746/1738 1197/3020/3012
f 519/575/567 1906/3801/3793 857/3406/3398
f 1030/3802/3794 857/3406/3398 1906/3801/3793
f 1989/3440/3432 4147/3854/3846 656/3855/3847
f 1989/3440/3432 412/3439/3431 4147/3854/3846
f 1778/2655/2647 1061/1683/1675 5542/3856/3848
f 4834/1685/1677 5542/3856/3848 1061/1683/1675
f 5717/3857/3849 3347/3562/3554 2102/3858/3850
f 1796/567/559 1813/2550/2542 3207/2549/2541
f 2300/3859/3851 1063/3860/3852 4813/3861/3853
f 1945/1717/1709 3753/1999/1991 2579/1715/1707
f 2524/2823/2815 1064/2825/2817 2443/3862/3854
f 3260/2826/2818 4143/3863/3855 359/3864/3856
f 1700/3168/3160 1065/3167/3159 487/3865/3857
f 4783/3866/3858 2769/3867/3859 5510/3868/3860
f 359/3864/3856 1744/3869/3861 2594/3870/3862
f 3094/3814/3806 2594/3870/3862 1744/3869/3861
f 2745/3871/3863 1377/961/953 3342/3872/3864
f 622/2717/2709 4169/3873/3865 2854/2715/2707
f 236/391/383 2013/3874/3866 3227/2675/2667
f 5298/393/385 5510/3868/3860 236/391/383
f 1105/669/661 5356/3875/3867 1069/3208/3200
f 2391/3876/3868 3438/2391/2383 3705/2392/2384
f 571/3877/3869 3547/3878/3870 696/2048/2040
f 3199/2947/2939 696/2048/2040 3547/3878/3870
f 1071/2252/2244 1771/3879/3871 1502/2016/2008
f 3008/2253/2245 4301/2255/2247 1767/3880/3872
f 2238/3403/3395 1577/3401/3393 3473/3404/3396
f 1073/1567/1559 4725/3881/3873 3399/1566/1558
f 1073/1567/1559 2200/1569/1561 2094/373/365
f 1418/3370/3362 5600/3882/3874 1248/1246/1238
f 5879/3883/3875 1472/1231/1223 2915/1233/1225
f 4735/3884/3876 4408/3885/3877 1075/3886/3878
f 3402/2878/2870 671/2877/2869 988/1580/1572
f 1505/3887/3879 3096/3888/3880 3082/2894/2886
f 1771/3879/3871 3728/3889/3881 1502/2016/2008
f 1077/62/54 274/545/537 4839/60/52
f 1780/2370/2362 1493/2369/2361 1497/3890/3882
f 3000/3349/3341 105/3350/3342 3609/3647/3639
f 560/3891/3883 894/3892/3884 1078/1176/1168
f 2241/1175/1167 2260/3408/3400 1078/1176/1168
f 662/2855/2847 277/2857/2849 1079/3893/3885
f 3061/1678/1670 2457/1677/1669 4597/3894/3886
f 199/825/817 5135/2262/2254 1080/15/7
f 1644/3895/3887 707/3896/3888 5656/3897/3889
f 1081/174/166 2692/3898/3890 3168/3899/3891
f 1081/174/166 2307/173/165 2692/3898/3890
f 3569/2177/2169 4705/2585/2577 1082/2582/2574
f 4130/2188/2180 4133/3773/3765 282/2189/2181
f 376/698/690 1770/3900/3892 676/3901/3893
f 3771/1213/1205 3770/2892/2884 3574/1211/1203
f 4654/1908/1900 1084/1345/1337 4240/123/115
f 4659/1802/1794 402/1917/1909 4239/3902/3894
f 1583/619/611 1085/621/613 814/3297/3289
f 814/3297/3289 1090/3903/3895 2893/3298/3290
f 5729/3904/3896 334/439/431 1086/2353/2345
f 3470/2346/2338 334/439/431 899/2347/2339
f 5710/3905/3897 496/3906/3898 5702/3907/3899
f 3735/2973/2965 1088/73/65 3776/72/64
f 4656/2414/2406 2734/2416/2408 529/571/563
f 2875/3908/3900 3028/3909/3901 3585/3910/3902
f 3048/2454/2446 4761/3911/3903 5640/3912/3904
f 1085/621/613 5387/3913/3905 814/3297/3289
f 2184/416/408 81/524/516 2778/2612/2604
f 2104/3914/3906 5622/3915/3907 1091/27/19
f 931/818/810 2838/3591/3583 1091/27/19
f 1092/1275/1267 1199/1004/996 485/1003/995
f 3067/2295/2287 4830/3916/3908 2023/2248/2240
f 3640/3358/3350 2097/76/68 5888/75/67
f 3238/3917/3909 3642/3918/3910 831/552/544
f 4935/3919/3911 2841/3920/3912 4307/3921/3913
f 4903/527/519 1094/490/482 380/1839/1831
f 2542/3922/3914 3031/3184/3176 88/3183/3175
f 1068/891/883 5330/3923/3915 1095/2676/2668
f 4023/2674/2666 1095/2676/2668 69/894/886
f 2080/2917/2909 154/3924/3916 1096/2915/2907
f 5259/3925/3917 1432/3231/3223 790/3233/3225
f 854/1043/1035 4068/3926/3918 1097/239/231
f 1097/239/231 2271/3396/3388 3710/3395/3387
f 2705/3485/3477 1117/3487/3479 1098/1444/1436
f 4214/1447/1439 1098/1444/1436 283/1448/1440
f 5658/717/709 2175/3927/3919 1099/2155/2147
f 462/2152/2144 1099/2155/2147 915/2153/2145
f 3286/3928/3920 1100/3929/3921 2948/3930/3922
f 3774/1505/1497 5479/3931/3923 4569/1506/1498
f 4425/467/459 2315/1815/1807 4942/3932/3924
f 4139/3933/3925 4942/3932/3924 4750/3077/3069
f 3963/3934/3926 1102/3935/3927 885/3471/3463
f 885/3471/3463 5036/3936/3928 1483/3461/3453
f 1103/3937/3929 3815/421/413 2919/423/415
f 4678/1254/1246 2388/3938/3930 2531/2734/2726
f 1104/1151/1143 4364/3939/3931 3370/1165/1157
f 1895/738/730 1950/3940/3932 2045/739/731
f 5356/3875/3867 1105/669/661 3940/3941/3933
f 345/3942/3934 1105/669/661 4074/668/660
f 3041/3943/3935 1882/3944/3936 1855/3945/3937
f 3527/3946/3938 2384/3947/3939 3948/3948/3940
f 1107/2843/2835 4942/3932/3924 2315/1815/1807
f 2478/2876/2868 2475/3949/3941 375/908/900
f 2806/3834/3826 1050/3833/3825 1437/3950/3942
f 5036/3936/3928 885/3471/3463 3134/3951/3943
f 5133/2385/2377 1109/2388/2380 522/2384/2376
f 1105/669/661 5159/3952/3944 1113/667/659
f 502/633/625 3185/328/320 3198/634/626
f 2966/3953/3945 1814/2308/2300 2970/2310/2302
f 2819/3954/3946 1111/3955/3947 62/2905/2897
f 3799/420/412 2575/3956/3948 62/2905/2897
f 812/3957/3949 1112/1731/1723 3858/3958/3950
f 1410/3291/3283 2372/3290/3282 2636/3959/3951
f 3176/3960/3952 1113/667/659 5159/3952/3944
f 1113/667/659 3043/1923/1915 5149/3047/3039
f 4518/2740/2732 3550/3684/3676 4194/3961/3953
f 1110/3962/3954 623/2309/2301 2541/3963/3955
f 2569/3757/3749 5610/3964/3956 1361/3965/3957
f 2329/787/779 4058/3966/3958 2421/788/780
f 4117/1394/1386 1116/3967/3959 278/1392/1384
f 1061/1683/1675 1778/2655/2647 4447/2658/2650
f 283/1448/1440 1098/1444/1436 1117/3487/3479
f 283/1448/1440 2553/2698/2690 5857/2697/2689
f 2229/3968/3960 1118/3969/3961 2629/2136/2128
f 2171/3475/3467 4528/3970/3962 420/3476/3468
f 1119/765/757 5771/3971/3963 1190/2336/2328
f 2437/3972/3964 3587/3973/3965 5033/3974/3966
f 3676/1770/1762 1120/1771/1763 2997/1768/1760
f 1121/3975/3967 3210/532/524 4920/3976/3968
f 4276/3463/3455 5505/3464/3456 149/2606/2598
f 3915/2212/2204 2098/2211/2203 1122/557/549
f 2793/556/548 472/2197/2189 1122/557/549
f 402/1917/1909 1123/639/631 4239/3902/3894
f 402/1917/1909 2331/3977/3969 1123/639/631
f 2083/3978/3970 5589/3979/3971 638/2786/2778
f 2083/3978/3970 638/2786/2778 441/769/761
f 4811/1874/1866 3646/3980/3972 3488/978/970
f 4813/3861/3853 5737/426/418 5742/3981/3973
f 3880/2216/2208 1666/2273/2265 3193/2275/2267
f 4402/2178/2170 5623/2217/2209 3880/2216/2208
f 1127/3982/3974 1455/3983/3975 4183/3984/3976
f 463/3985/3977 5647/3986/3978 3476/3987/3979
f 2818/2343/2335 3169/2340/2332 1128/2342/2334
f 4831/1501/1493 4814/744/736 4089/3988/3980
f 5757/2609/2601 1129/438/430 3538/3989/3981
f 5641/3990/3982 1455/3983/3975 1127/3982/3974
f 36/2387/2379 1130/3991/3983 1109/2388/2380
f 2484/3347/3339 36/2387/2379 2868/3992/3984
f 5406/3993/3985 5103/2542/2534 1131/2541/2533
f 245/750/742 2493/752/744 4106/1732/1724
f 1132/686/678 2554/16/8 3412/3994/3986
f 1672/2321/2313 4318/2320/2312 2209/2318/2310
f 1133/3503/3495 896/3502/3494 94/748/740
f 2086/3995/3987 1841/2573/2565 4431/3996/3988
f 1097/239/231 4075/3997/3989 2865/237/229
f 2035/550/542 838/3998/3990 2755/3999/3991
f 4319/3377/3369 1135/4000/3992 4321/4001/3993
f 3445/279/271 4649/281/273 4861/3034/3026
f 2086/3995/3987 1136/2329/2321 1841/2573/2565
f 143/489/481 2014/2330/2322 745/2332/2324
f 132/4002/3994 4318/2320/2312 1137/4003/3995
f 4520/4004/3996 2903/2322/2314 1132/686/678
f 2135/4005/3997 533/1303/1295 5158/1302/1294
f 2091/4006/3998 3425/1773/1765 2998/4007/3999
f 628/4008/4000 1800/833/825 1139/2124/2116
f 2452/4009/4001 628/4008/4000 5327/4010/4002
f 3885/3701/3693 2612/4011/4003 1140/1870/1862
f 5396/1869/1861 1140/1870/1862 3704/4012/4004
f 5605/4013/4005 5195/627/619 3383/4014/4006
f 2106/4015/4007 1137/4003/3995 4520/4004/3996
f 269/2368/2360 1780/2370/2362 517/2365/2357
f 1780/2370/2362 5360/2948/2940 4727/3416/3408
f 5410/3069/3061 2687/4016/4008 3741/3070/3062
f 5333/4017/4009 4823/4018/4010 5485/4019/4011
f 1144/4020/4012 1613/4021/4013 228/4022/4014
f 605/3629/3621 1692/1214/1206 1095/2676/2668
f 4489/4023/4015 1145/755/747 71/3373/3365
f 1724/3382/3374 2532/3840/3832 3626/3380/3372
f 848/199/191 220/3046/3038 1850/197/189
f 4066/3045/3037 5469/4024/4016 220/3046/3038
f 5731/4025/4017 2502/149/141 686/4026/4018
f 3954/4027/4019 2062/2614/2606 4438/2667/2659
f 2254/2746/2738 1158/257/249 190/991/983
f 2268/4028/4020 4946/992/984 190/991/983
f 736/4029/4021 4629/3074/3066 1149/164/156
f 741/378/370 4637/3090/3082 4631/4030/4022
f 3562/3229/3221 5359/1179/1171 3566/4031/4023
f 5210/4032/4024 1144/4020/4012 228/4022/4014
f 220/3046/3038 5469/4024/4016 1850/197/189
f 1146/1133/1125 1154/4033/4025 2611/4034/4026
f 387/4035/4027 3961/2035/2027 1152/2034/2026
f 1556/2663/2655 4399/2664/2656 2499/4036/4028
f 1153/1076/1068 2881/3215/3207 785/587/579
f 5111/589/581 1153/1076/1068 785/587/579
f 4455/4037/4029 4453/4038/4030 1154/4033/4025
f 979/272/264 4038/4039/4031 3872/4040/4032
f 3059/4041/4033 3065/4042/4034 2701/4043/4035
f 3069/1755/1747 118/4044/4036 1220/1753/1745
f 1156/258/250 1571/260/252 3935/1951/1943
f 5179/4045/4037 349/1047/1039 2688/1719/1711
f 3343/4046/4038 1157/1367/1359 2387/2419/2411
f 5057/2737/2729 1956/2736/2728 1872/2735/2727
f 2752/243/235 3792/1243/1235 3864/244/236
f 1148/934/926 5869/933/925 2268/4028/4020
f 1159/3624/3616 4003/4047/4039 2210/1285/1277
f 1220/1753/1745 118/4044/4036 2252/4048/4040
f 181/4049/4041 2290/682/674 5468/4050/4042
f 2287/4051/4043 2293/1507/1499 2796/3142/3134
f 3882/565/557 280/90/82 5472/4052/4044
f 5471/4053/4045 5447/4054/4046 5325/4055/4047
f 3315/945/937 2735/4056/4048 1162/946/938
f 181/4049/4041 2287/4051/4043 2290/682/674
f 1163/1932/1924 5415/1931/1923 121/631/623
f 121/631/623 4857/997/989 3818/996/988
f 3539/1876/1868 3407/1584/1576 2495/1877/1869
f 5573/4057/4049 2063/4058/4050 1165/4059/4051
f 3633/4060/4052 3379/299/291 3007/298/290
f 5399/2376/2368 2767/987/979 1560/1682/1674
f 2767/987/979 452/3418/3410 3850/988/980
f 5318/4061/4053 4213/2939/2931 3601/2941/2933
f 3664/4062/4054 4213/2939/2931 5318/4061/4053
f 2671/967/959 5557/2140/2132 2163/4063/4055
f 5557/2140/2132 1892/520/512 2160/519/511
f 449/4064/4056 4396/4065/4057 1169/2114/2106
f 2492/1775/1767 5070/4066/4058 4383/1776/1768
f 1170/4067/4059 479/2222/2214 1915/601/593
f 1170/4067/4059 1974/4068/4060 3350/4069/4061
f 4525/504/496 2283/4070/4062 3514/2482/2474
f 3514/2482/2474 1191/1826/1818 546/1825/1817
f 1172/503/495 2283/4070/4062 4525/504/496
f 4884/3536/3528 907/4071/4063 911/4072/4064
f 1830/982/974 2206/981/973 620/115/107
f 2460/4073/4065 625/2727/2719 1535/4074/4066
f 1174/203/195 4322/3643/3635 1592/204/196
f 3071/1204/1196 1861/3641/3633 233/4075/4067
f 2057/822/814 1175/1859/1851 385/823/815
f 1175/1859/1851 3692/1858/1850 3622/3302/3294
f 1809/4076/4068 1176/4077/4069 2131/132/124
f 434/133/125 2131/132/124 4952/2983/2975
f 1177/4078/4070 1277/4079/4071 1100/3929/3921
f 1177/4078/4070 3295/4080/4072 3355/4081/4073
f 1765/4082/4074 668/2873/2865 304/2872/2864
f 2756/4083/4075 2497/4084/4076 1769/4085/4077
f 153/802/794 27/801/793 5739/4086/4078
f 1787/4087/4079 5739/4086/4078 27/801/793
f 1180/1952/1944 161/4088/4080 3729/1966/1958
f 1180/1952/1944 3269/847/839 161/4088/4080
f 1640/4089/4081 4254/4090/4082 2005/1453/1445
f 4617/1414/1406 4620/4091/4083 281/1415/1407
f 3092/2548/2540 3089/4092/4084 379/4093/4085
f 566/196/188 5832/4094/4086 3089/4092/4084
f 2420/4095/4087 1183/2417/2409 527/2404/2396
f 1007/2448/2440 4601/2450/2442 1667/4096/4088
f 4660/732/724 1184/734/726 159/4097/4089
f 3306/2926/2918 159/4097/4089 1184/734/726
f 407/2236/2228 117/1930/1922 3907/1929/1921
f 482/708/700 407/2236/2228 1189/706/698
f 284/2694/2686 157/2780/2772 1186/1428/1420
f 284/2694/2686 3739/4098/4090 5043/4099/4091
f 4926/4100/4092 1187/651/643 649/4101/4093
f 1187/651/643 253/4102/4094 649/4101/4093
f 351/1232/1224 5807/1261/1253 4022/4103/4095
f 351/1232/1224 5746/4104/4096 1412/3289/3281
f 2002/4105/4097 407/2236/2228 3079/4106/4098
f 2002/4105/4097 5416/2514/2506 5563/2513/2505
f 1190/2336/2328 5771/3971/3963 4188/4107/4099
f 2485/2338/2330 4189/784/776 762/783/775
f 1191/1826/1818 2477/222/214 546/1825/1817
f 91/1828/1820 4149/4108/4100 3750/4109/4101
f 440/2062/2054 1192/3022/3014 5099/4110/4102
f 5123/2063/2055 3942/1589/1581 321/436/428
f 5685/3526/3518 5572/3265/3257 1195/1885/1877
f 1541/3189/3181 1194/4111/4103 454/3190/3182
f 3756/683/675 3053/579/571 3267/2858/2850
f 1753/4112/4104 5251/4113/4105 5253/4114/4106
f 1193/4115/4107 5251/4113/4105 1753/4112/4104
f 1197/3020/3012 1988/1627/1619 3879/4116/4108
f 2051/2064/2056 4734/4117/4109 3876/4118/4110
f 2981/3469/3461 1198/3470/3462 1722/3468/3460
f 3641/995/987 190/991/983 178/990/982
f 401/3316/3308 1199/1004/996 561/1272/1264
f 561/1272/1264 1704/4119/4111 3415/1273/1265
f 303/1513/1505 140/4120/4112 1200/4121/4113
f 3003/4122/4114 3497/4123/4115 761/4124/4116
f 1201/902/894 5425/4125/4117 4248/903/895
f 1298/4126/4118 3404/4127/4119 2990/4128/4120
f 2994/4129/4121 2990/4128/4120 3404/4127/4119
f 1203/2687/2679 4524/4130/4122 461/3817/3809
f 5130/573/565 608/572/564 4925/814/806
f 1204/4131/4123 2902/4132/4124 4258/4133/4125
f 1204/4131/4123 180/4134/4126 313/4135/4127
f 3245/819/811 3242/821/813 652/4136/4128
f 4853/4137/4129 652/4136/4128 4008/4138/4130
f 258/2485/2477 1206/3311/3303 2324/1312/1304
f 2143/1675/1667 4370/2484/2476 5296/4139/4131
f 3563/4140/4132 3535/2215/2207 1208/4141/4133
f 1390/4142/4134 1236/4143/4135 1208/4141/4133
f 1341/690/682 306/2728/2720 5120/4144/4136
f 5120/4144/4136 306/2728/2720 5101/97/89
f 1210/1836/1828 3744/4145/4137 2118/4146/4138
f 131/4147/4139 4283/4148/4140 3892/2807/2799
f 788/1063/1055 1211/3082/3074 3714/3084/3076
f 980/3244/3236 2719/310/302 788/1063/1055
f 4501/4149/4141 1212/4150/4142 808/370/362
f 808/370/362 3498/4151/4143 2557/4152/4144
f 1436/859/851 2009/861/853 2713/4153/4145
f 4279/4154/4146 5094/4155/4147 5089/4156/4148
f 1214/2932/2924 2047/956/948 1239/2933/2925
f 4642/4157/4149 3485/4158/4150 1214/2932/2924
f 1215/4159/4151 4966/4160/4152 706/4161/4153
f 706/4161/4153 300/795/787 3524/4162/4154
f 5533/4163/4155 1212/4150/4142 1979/3558/3550
f 1979/3558/3550 3589/3547/3539 5533/4163/4155
f 910/715/707 1217/4164/4156 4607/713/705
f 5152/108/100 137/3534/3526 1217/4164/4156
f 395/1889/1881 5246/4165/4157 4960/1890/1882
f 4415/4166/4158 5780/4167/4159 1226/1183/1175
f 3481/4168/4160 4642/4157/4149 5444/4169/4161
f 183/4170/4162 4645/2921/2913 1730/150/142
f 46/2444/2436 3679/4171/4163 874/3446/3438
f 3679/4171/4163 4000/4172/4164 874/3446/3438
f 1221/3279/3271 3814/3275/3267 807/4173/4165
f 1272/1008/1000 2292/4174/4166 1225/3052/3044
f 4279/4154/4146 4080/4175/4167 5094/4155/4147
f 2434/4176/4168 368/862/854 1218/4177/4169
f 938/61/53 1223/4178/4170 5481/4179/4171
f 1776/3601/3593 3863/4180/4172 960/3602/3594
f 3849/1783/1775 3842/4181/4173 460/4182/4174
f 4024/4183/4175 2122/4184/4176 460/4182/4174
f 2292/4174/4166 134/4185/4177 1225/3052/3044
f 1225/3052/3044 134/4185/4177 2976/3051/3043
f 1476/4186/4178 1811/2527/2519 3231/4187/4179
f 3231/4187/4179 1811/2527/2519 2434/4176/4168
f 876/4188/4180 4615/4189/4181 3846/4190/4182
f 2724/4191/4183 2723/4192/4184 2007/4193/4185
f 1534/4194/4186 548/4195/4187 3150/1182/1174
f 3150/1182/1174 5025/4196/4188 1226/1183/1175
f 1885/2052/2044 5440/4197/4189 1229/1556/1548
f 18/71/63 5441/70/62 3120/793/785
f 170/4198/4190 5789/4199/4191 3854/4200/4192
f 4264/4201/4193 3525/267/259 4118/1021/1013
f 2849/4202/4194 1231/4203/4195 2852/2829/2821
f 4136/4204/4196 3644/570/562 701/581/573
f 3080/4205/4197 3802/3247/3239 4796/2519/2511
f 4732/4206/4198 1022/537/529 557/536/528
f 4305/4207/4199 529/571/563 1233/4208/4200
f 4521/2411/2403 4278/1158/1150 4007/4209/4201
f 1234/4210/4202 380/1839/1831 1235/4211/4203
f 1234/4210/4202 4903/527/519 380/1839/1831
f 5056/4212/4204 5090/4213/4205 5570/921/913
f 4017/4214/4206 1817/4215/4207 5090/4213/4205
f 1390/4142/4134 4404/2413/2405 1236/4143/4135
f 3520/2862/2854 661/1124/1116 93/4216/4208
f 2503/4217/4209 1051/3839/3831 3943/4218/4210
f 4818/4219/4211 4821/4220/4212 3677/4221/4213
f 1235/4211/4203 1742/1840/1832 4908/1824/1816
f 1817/4215/4207 1235/4211/4203 5090/4213/4205
f 1269/971/963 1239/2933/2925 114/972/964
f 3785/4222/4214 3300/4223/4215 4100/958/950
f 3048/2454/2446 2461/312/304 4623/314/306
f 5822/4224/4216 4150/2888/2880 2176/4225/4217
f 3023/152/144 3152/154/146 146/695/687
f 4247/4226/4218 1688/4227/4219 2247/1900/1892
f 5218/82/74 2240/4228/4220 3844/83/75
f 4694/2331/2323 1243/461/453 745/2332/2324
f 5785/462/454 5826/4229/4221 2392/4230/4222
f 5542/3856/3848 4834/1685/1677 1985/4231/4223
f 5542/3856/3848 3307/2224/2216 5516/4232/4224
f 4694/2331/2323 3124/2341/2333 1245/4233/4225
f 511/4234/4226 2392/4230/4222 5826/4229/4221
f 1246/4235/4227 2585/4236/4228 1255/3764/3756
f 3716/4237/4229 1773/2173/2165 1014/2176/2168
f 1244/4238/4230 883/3467/3459 4909/2225/2217
f 883/3467/3459 3111/721/713 3310/720/712
f 3489/4239/4231 242/256/248 1418/3370/3362
f 3489/4239/4231 3493/4240/4232 242/256/248
f 1249/1127/1119 1286/1129/1121 1897/4241/4233
f 2365/2315/2307 2363/3506/3498 1662/3505/3497
f 1395/2046/2038 5802/4242/4234 1250/2848/2840
f 3039/2849/2841 1250/2848/2840 1919/3026/3018
f 4804/2463/2455 3502/129/121 77/2461/2453
f 77/2461/2453 3502/129/121 2061/3617/3609
f 1826/1420/1412 3339/4243/4235 2427/4244/4236
f 4181/3790/3782 1025/1406/1398 1474/3791/3783
f 1253/1849/1841 2795/3303/3295 109/562/554
f 4412/3301/3293 2795/3303/3295 1253/1849/1841
f 1166/1680/1672 4468/2637/2629 1254/1681/1673
f 1612/4245/4237 1985/4231/4223 4834/1685/1677
f 276/128/120 1255/3764/3756 1251/3763/3755
f 1255/3764/3756 2489/3755/3747 2357/515/507
f 1259/1085/1077 2147/1057/1049 1256/1796/1788
f 5265/4246/4238 1256/1796/1788 5309/4247/4239
f 17/2711/2703 616/2712/2704 1607/1005/997
f 17/2711/2703 2157/2098/2090 450/3679/3671
f 4566/4248/4240 2827/1112/1104 2788/1111/1103
f 1977/1134/1126 1146/1133/1125 26/4249/4241
f 2147/1057/1049 1259/1085/1077 3870/1058/1050
f 5559/4250/4242 3303/1061/1053 5558/1060/1052
f 423/1941/1933 540/1940/1932 2900/4251/4243
f 423/1941/1933 2900/4251/4243 2088/1993/1985
f 5392/728/720 52/742/734 4919/741/733
f 2967/2601/2593 3522/2602/2594 2203/4252/4244
f 2611/4034/4026 1154/4033/4025 1262/1137/1129
f 26/4249/4241 2609/4253/4245 1977/1134/1126
f 1263/4254/4246 512/1558/1550 4186/4255/4247
f 5725/2352/2344 2026/2354/2346 3565/4256/4248
f 5490/2603/2595 3522/2602/2594 393/4257/4249
f 5512/4258/4250 1264/4259/4251 2730/2345/2337
f 2727/2158/2150 4183/3984/3976 1455/3983/3975
f 1974/4068/4060 1265/1352/1344 3350/4069/4061
f 479/2222/2214 2770/269/261 1230/602/594
f 1266/2478/2470 545/4260/4252 410/4261/4253
f 1266/2478/2470 5303/4262/4254 5302/4263/4255
f 1267/2306/2298 2766/1354/1346 267/1351/1343
f 4593/699/691 3105/1012/1004 4595/4264/4256
f 3439/48/40 1268/661/653 4477/49/41
f 4429/4265/4257 3597/665/657 5862/4266/4258
f 2932/4267/4259 689/2931/2923 3374/2922/2914
f 1970/970/962 4227/4268/4260 2932/4267/4259
f 1270/1793/1785 1379/34/26 2516/1792/1784
f 1270/1793/1785 4488/1795/1787 140/4120/4112
f 3375/2798/2790 1271/2799/2791 4889/2796/2788
f 1964/957/949 1970/970/962 114/972/964
f 3814/3275/3267 2667/4269/4261 2540/4270/4262
f 3712/4271/4263 3814/3275/3267 1221/3279/3271
f 2888/3712/3704 5017/303/295 1273/4272/4264
f 4160/811/803 3093/4273/4265 3879/4116/4108
f 645/2806/2798 1274/2805/2797 1862/1835/1827
f 3378/4274/4266 2650/583/575 2653/4275/4267
f 1275/2839/2831 4206/4276/4268 2562/2840/2832
f 732/3091/3083 435/377/369 4231/4277/4269
f 1276/3314/3306 705/3313/3305 809/2040/2032
f 1276/3314/3306 809/2040/2032 1889/4278/4270
f 594/1504/1496 4569/1506/1498 1277/4079/4071
f 3355/4081/4073 3295/4080/4072 2558/3221/3213
f 3391/4279/4271 1278/2623/2615 272/1377/1369
f 5675/2072/2064 3108/217/209 2231/216/208
f 5494/3366/3358 498/2293/2285 1279/2272/2264
f 498/2293/2285 3393/3797/3789 2907/4280/4272
f 4572/4281/4273 2602/3788/3780 5598/4282/4274
f 4572/4281/4273 5598/4282/4274 4082/4283/4275
f 1577/3401/3393 2238/3403/3395 1626/3399/3391
f 3757/2859/2851 1282/870/862 2201/4284/4276
f 1282/870/862 775/4285/4277 935/871/863
f 1283/2231/2223 250/4286/4278 1486/2232/2224
f 2914/1633/1625 4242/3566/3558 673/1631/1623
f 1284/3545/3537 3192/1269/1261 744/1271/1263
f 3394/4287/4279 4837/4288/4280 4687/3102/3094
f 392/875/867 1285/1878/1870 362/873/865
f 4052/4289/4281 392/875/867 4049/4290/4282
f 1286/1129/1121 552/2504/2496 1897/4241/4233
f 247/1253/1245 3074/1255/1247 2873/4291/4283
f 1842/4292/4284 5486/1903/1895 1287/79/71
f 1288/46/38 2202/1948/1940 675/47/39
f 2572/1604/1596 325/764/756 3216/2607/2599
f 1287/79/71 5067/78/70 1842/4292/4284
f 5485/4019/4011 4823/4018/4010 1143/4293/4285
f 1290/2314/2306 2892/1128/1120 2365/2315/2307
f 4687/3102/3094 744/1271/1263 3394/4287/4279
f 488/2256/2248 2253/4294/4286 5836/4295/4287
f 2253/4294/4286 488/2256/2248 5752/2258/2250
f 1292/2161/2153 1041/2160/2152 63/3815/3807
f 1984/1806/1798 1292/2161/2153 5775/4296/4288
f 3180/2442/2434 1820/2441/2433 1293/3293/3285
f 3180/2442/2434 1293/3293/3285 3177/3295/3287
f 965/1807/1799 4833/4297/4289 3998/3671/3663
f 5030/4298/4290 2663/1808/1800 965/1807/1799
f 1433/4299/4291 955/4300/4292 2249/4301/4293
f 2256/4302/4294 5313/4303/4295 3619/4304/4296
f 577/2185/2177 2839/2583/2575 4201/2186/2178
f 3877/184/176 4201/2186/2178 2839/2583/2575
f 1297/1586/1578 3352/1585/1577 2358/4305/4297
f 3862/3017/3009 2747/3002/2994 2358/4305/4297
f 289/4306/4298 1298/4126/4118 2990/4128/4120
f 5669/4307/4299 1298/4126/4118 289/4306/4298
f 725/3039/3031 1758/4308/4300 5587/4309/4301
f 4726/4310/4302 1986/3040/3032 1578/2834/2826
f 2378/1851/1843 1300/1853/1845 5321/881/873
f 2801/897/889 2798/1009/1001 2976/3051/3043
f 1301/4311/4303 3362/4312/4304 3122/4313/4305
f 1299/1387/1379 3362/4312/4304 2168/1388/1380
f 1308/2817/2809 3437/2819/2811 1302/2816/2808
f 1305/4314/4306 2350/4315/4307 58/4316/4308
f 1241/2901/2893 3615/4317/4309 5211/4318/4310
f 4843/2900/2892 1241/2901/2893 5211/4318/4310
f 1304/854/846 358/1752/1744 3721/3825/3817
f 2481/4319/4311 396/4320/4312 1624/1896/1888
f 58/4316/4308 2895/4321/4313 1305/4314/4306
f 5206/1519/1511 2895/4321/4313 1397/4322/4314
f 2707/3033/3025 4391/4323/4315 2034/4324/4316
f 1589/3035/3027 4648/280/272 2956/1174/1166
f 2282/4325/4317 1307/2539/2531 1591/4326/4318
f 3721/3825/3817 2481/4319/4311 1304/854/846
f 58/4316/4308 2350/4315/4307 1308/2817/2809
f 58/4316/4308 5727/4327/4319 2895/4321/4313
f 3507/4328/4320 4745/1635/1627 5583/4329/4321
f 1901/2018/2010 331/2017/2009 1759/65/57
f 259/4330/4322 2348/3009/3001 1310/2672/2664
f 4712/1154/1146 1310/2672/2664 4023/2674/2666
f 2946/4331/4323 107/3434/3426 4799/319/311
f 107/3434/3426 4760/3442/3434 4799/319/311
f 2681/3661/3653 2132/4332/4324 4723/2560/2552
f 962/403/395 2381/1017/1009 1855/3945/3937
f 376/698/690 3546/4333/4325 3251/1821/1813
f 376/698/690 676/3901/3893 3178/4334/4326
f 444/4335/4327 1314/104/96 439/4336/4328
f 4892/3631/3623 835/549/541 1314/104/96
f 766/3164/3156 4342/3165/3157 1315/4337/4329
f 5860/4338/4330 2992/4339/4331 2182/4340/4332
f 1316/4341/4333 3731/1385/1377 2866/4342/4334
f 1318/4343/4335 2399/4344/4336 606/355/347
f 5433/3610/3602 2517/2240/2232 1317/351/343
f 1315/4337/4329 1317/351/343 4230/4345/4337
f 1318/4343/4335 1316/4341/4333 2399/4344/4336
f 1318/4343/4335 273/1382/1374 1316/4341/4333
f 3992/1959/1951 4878/4346/4338 2207/1960/1952
f 1312/4347/4339 4878/4346/4338 3992/1959/1951
f 3585/3910/3902 4217/2999/2991 1320/1325/1317
f 1320/1325/1317 5183/1324/1316 3585/3910/3902
f 1321/1595/1587 1323/1609/1601 2989/1611/1603
f 3354/4348/4340 735/1593/1585 1321/1595/1587
f 5764/4349/4341 1322/2219/2211 4126/2221/2213
f 1321/1595/1587 3763/4350/4342 1323/1609/1601
f 3766/701/693 158/3072/3064 1323/1609/1601
f 3605/4351/4343 1010/2526/2518 1324/4352/4344
f 802/4353/4345 2174/1884/1876 1903/4354/4346
f 2512/4355/4347 3826/4356/4348 489/1036/1028
f 3829/4357/4349 489/1036/1028 3826/4356/4348
f 757/1413/1405 5254/1803/1795 1326/3483/3475
f 2652/1467/1459 1326/3483/3475 3389/3138/3130
f 3852/718/710 1327/4358/4350 400/719/711
f 2684/337/329 5581/336/328 4336/4359/4351
f 2151/1805/1797 3208/3140/3132 3205/4360/4352
f 4611/3482/3474 1473/4361/4353 2306/3484/3476
f 1329/1537/1529 778/1237/1229 244/3199/3191
f 2192/1146/1138 3761/1148/1140 2020/851/843
f 1330/4362/4354 3568/4363/4355 4420/4364/4356
f 2144/4365/4357 5208/4366/4358 4423/664/656
f 2029/1347/1339 122/2130/2122 1331/4367/4359
f 4756/4368/4360 1328/4369/4361 371/4370/4362
f 1725/1662/1654 3143/26/18 4436/1663/1655
f 2930/1984/1976 3141/347/339 130/4371/4363
f 2768/4372/4364 1182/2552/2544 2597/2551/2543
f 3430/4373/4365 2768/4372/4364 2600/4374/4366
f 3187/4375/4367 4583/4376/4368 1334/4377/4369
f 2759/4378/4370 5072/4379/4371 3182/4380/4372
f 960/3602/3594 1335/2567/2559 2511/3600/3592
f 4533/3656/3648 960/3602/3594 3860/3655/3647
f 2799/4381/4373 1667/4096/4088 5405/940/932
f 4140/3744/3736 4233/2748/2740 5300/2750/2742
f 3179/1498/1490 1921/1665/1657 4195/4382/4374
f 5072/4379/4371 3179/1498/1490 3182/4380/4372
f 598/806/798 685/805/797 1338/2647/2639
f 1338/2647/2639 495/4383/4375 2265/2645/2637
f 4132/4384/4376 2060/3330/3322 3784/3329/3321
f 120/1035/1027 5527/1034/1026 4132/4384/4376
f 95/837/829 1340/4385/4377 2637/838/830
f 4556/4386/4378 2640/497/489 1368/2069/2061
f 4954/4387/4379 3873/4388/4380 3490/4389/4381
f 306/2728/2720 3490/4389/4381 3873/4388/4380
f 1342/529/521 4730/1264/1256 248/1263/1255
f 5409/4390/4382 1491/2661/2653 5078/2660/2652
f 3443/4391/4383 1343/4392/4384 554/2501/2493
f 245/750/742 1346/2969/2961 3409/2512/2504
f 1344/3740/3732 998/3739/3731 1002/1293/1285
f 1002/1293/1285 3024/4393/4385 2153/2452/2444
f 1345/2511/2503 551/2500/2492 554/2501/2493
f 3630/4394/4386 554/2501/2493 1343/4392/4384
f 558/4395/4387 1345/2511/2503 4358/2524/2516
f 554/2501/2493 1763/4396/4388 1345/2511/2503
f 5076/4397/4389 1347/4398/4390 1946/116/108
f 4114/1832/1824 1350/1833/1825 1347/4398/4390
f 36/2387/2379 184/2386/2378 1348/4399/4391
f 4585/4400/4392 4169/3873/3865 184/2386/2378
f 558/4395/4387 1349/2510/2502 1345/2511/2503
f 832/3343/3335 3748/2498/2490 2299/2523/2515
f 750/4401/4393 1350/1833/1825 2110/2625/2617
f 750/4401/4393 1347/4398/4390 1350/1833/1825
f 3042/4402/4394 1351/4403/4395 4870/4404/4396
f 3042/4402/4394 1160/580/572 4343/4405/4397
f 5366/4406/4398 5364/4407/4399 1303/172/164
f 5366/4406/4398 5358/4408/4400 5364/4407/4399
f 3360/653/645 394/4409/4401 1353/654/646
f 394/4409/4401 2172/1888/1880 3717/2525/2517
f 1354/898/890 2618/4410/4402 3817/3549/3541
f 1354/898/890 2059/4411/4403 2621/4412/4404
f 34/4413/4405 583/1639/1631 1355/1638/1630
f 2940/4414/4406 964/2898/2890 5231/2899/2891
f 776/3192/3184 1808/1887/1879 4690/4415/4407
f 4603/4416/4408 4690/4415/4407 4692/2760/2752
f 1012/2244/2236 1291/2243/2235 1932/4417/4409
f 1932/4417/4409 1361/3965/3957 1012/2244/2236
f 4331/1657/1649 5674/1656/1648 5231/2899/2891
f 34/4413/4405 1355/1638/1630 5231/2899/2891
f 741/378/370 4631/4030/4022 1360/999/991
f 1360/999/991 2821/376/368 741/378/370
f 2570/2881/2873 2177/3758/3750 484/2242/2234
f 1932/4417/4409 484/2242/2234 3004/4418/4410
f 4588/2402/2394 1362/2401/2393 786/2400/2392
f 2164/4419/4411 88/3183/3175 2567/3182/3174
f 503/816/808 2926/4420/4412 4925/814/806
f 2929/812/804 5130/573/565 5132/2303/2295
f 310/4421/4413 2178/4422/4414 1422/4423/4415
f 2555/1541/1533 2116/4424/4416 3672/1539/1531
f 4983/4425/4417 1366/1942/1934 1122/557/549
f 3780/1992/1984 3946/1939/1931 423/1941/1933
f 712/2997/2989 4508/3785/3777 2704/1672/1664
f 3255/4426/4418 2140/2998/2990 712/2997/2989
f 1368/2069/2061 3662/1546/1538 4556/4386/4378
f 5693/2471/2463 3936/3586/3578 3927/3585/3577
f 1369/2716/2708 4910/2714/2706 1872/2735/2727
f 1067/963/955 617/965/957 1369/2716/2708
f 3689/3704/3696 982/304/296 604/3713/3705
f 604/3713/3705 3155/2165/2157 3685/2164/2156
f 641/1028/1020 717/4427/4419 1371/4428/4420
f 4267/427/419 3571/2795/2787 465/428/420
f 1372/3685/3677 4915/158/150 1114/160/152
f 2987/329/321 1110/3962/3954 3659/4429/4421
f 1373/2145/2137 4859/4430/4422 4021/4431/4423
f 365/4432/4424 1373/2145/2137 2389/2144/2136
f 3970/4433/4425 1374/4434/4426 428/388/380
f 4612/4435/4427 829/4436/4428 3567/4437/4429
f 1375/878/870 2748/4438/4430 3845/876/868
f 365/4432/4424 4859/4430/4422 1373/2145/2137
f 4134/4439/4431 3873/4388/4380 4954/4387/4379
f 3981/4440/4432 3154/4441/4433 4134/4439/4431
f 270/964/956 3342/3872/3864 1377/961/953
f 3248/1369/1361 1377/961/953 5786/1370/1362
f 3637/2296/2288 1378/998/990 499/4442/4434
f 1752/2307/2299 4185/2300/2292 2518/2299/2291
f 1379/34/26 1270/1793/1785 140/4120/4112
f 2850/35/27 1379/34/26 140/4120/4112
f 970/25/17 1380/1985/1977 3143/26/18
f 2599/3667/3659 2772/259/251 1156/258/250
f 1381/1920/1912 3232/2005/1997 196/4443/4435
f 4040/4444/4436 5765/4445/4437 2723/4192/4184
f 5545/2592/2584 1382/2591/2583 3045/4446/4438
f 2702/2076/2068 5781/4447/4439 5767/2589/2581
f 3128/3792/3784 4596/658/650 554/2501/2493
f 3125/659/651 4596/658/650 3128/3792/3784
f 5080/4448/4440 1384/3126/3118 1440/43/35
f 2955/44/36 1440/43/35 1384/3126/3118
f 291/4449/4441 1385/2426/2418 4271/2428/2420
f 3939/1461/1453 2473/1160/1152 840/1225/1217
f 2687/4016/4008 5410/3069/3061 2872/4450/4442
f 3618/4451/4443 900/590/582 3317/4452/4444
f 5723/4453/4445 1387/2654/2646 5840/2653/2645
f 2742/3371/3363 2741/4454/4446 1885/2052/2044
f 2909/4455/4447 1388/2561/2553 850/323/315
f 5452/4456/4448 3433/2559/2551 4456/404/396
f 1389/976/968 723/4457/4449 4209/974/966
f 5864/4458/4450 2565/3032/3024 723/4457/4449
f 664/2860/2852 4404/2413/2405 1390/4142/4134
f 477/1159/1151 4278/1158/1150 3535/2215/2207
f 3102/614/606 1391/1355/1347 5037/1357/1349
f 3334/2822/2814 4087/285/277 2442/2821/2813
f 1388/2561/2553 4097/2558/2550 1392/2562/2554
f 50/401/393 4968/4459/4451 4360/402/394
f 1393/4460/4452 3460/975/967 4209/974/966
f 1125/425/417 4600/1856/1848 2311/979/971
f 4591/2813/2805 4864/1475/1467 4768/2811/2803
f 4864/1475/1467 1400/1477/1469 3380/4461/4453
f 990/4462/4454 2625/2597/2589 1395/2046/2038
f 3418/4463/4455 4519/1664/1656 4624/4464/4456
f 542/1603/1595 2924/1601/1593 1396/1600/1592
f 5283/3606/3598 1396/1600/1592 3916/3733/3725
f 2446/4465/4457 2198/4466/4458 2018/4467/4459
f 5345/2820/2812 2700/616/608 253/4102/4094
f 1018/4468/4460 1398/4469/4461 1959/1040/1032
f 742/3094/3086 1398/4469/4461 1018/4468/4460
f 4718/4470/4462 4332/292/284 2627/291/283
f 4605/3693/3685 3984/2363/2355 3101/2364/2356
f 3380/4461/4453 1400/1477/1469 294/4471/4463
f 1400/1477/1469 399/1907/1899 294/4471/4463
f 110/4472/4464 3773/4473/4465 5241/622/614
f 3314/566/558 3483/569/561 3776/72/64
f 3040/4474/4466 398/4475/4467 1402/1912/1904
f 1913/1915/1907 4652/4476/4468 2763/3305/3297
f 5751/3820/3812 4876/3819/3811 3848/4477/4469
f 59/288/280 4251/290/282 2520/4478/4470
f 752/1926/1918 2677/3111/3103 3896/4479/4471
f 1018/4468/4460 3941/4480/4472 2677/3111/3103
f 734/1846/1838 4078/3071/3063 13/1904/1896
f 2728/4481/4473 4100/958/950 3300/4223/4215
f 1406/3576/3568 3636/879/871 2995/880/872
f 5412/3579/3571 2547/4482/4474 2551/4483/4475
f 2677/3111/3103 3941/4480/4472 3896/4479/4471
f 746/4484/4476 3938/3822/3814 3896/4479/4471
f 3062/4485/4477 252/1987/1979 1768/4486/4478
f 3062/4485/4477 1798/468/460 252/1987/1979
f 2704/1672/1664 4508/3785/3777 1023/1673/1665
f 4508/3785/3777 567/2286/2278 1023/1673/1665
f 3864/244/236 1410/3291/3283 2636/3959/3951
f 2353/1244/1236 4563/1245/1237 3864/244/236
f 1050/3833/3825 1411/4487/4479 1108/4488/4480
f 1050/3833/3825 4973/4489/4481 4120/1332/1324
f 351/1232/1224 1412/3289/3281 2915/1233/1225
f 1412/3289/3281 1410/3291/3283 1074/1247/1239
f 1413/3092/3084 3123/3766/3758 1015/3767/3759
f 1015/3767/3759 3325/4490/4482 1413/3092/3084
f 4913/2747/2739 213/3743/3735 627/2068/2060
f 1416/3595/3587 298/1489/1481 213/3743/3735
f 1102/3935/3927 3963/3934/3926 1415/773/765
f 5200/4491/4483 413/3835/3827 2806/3834/3826
f 4913/2747/2739 1416/3595/3587 213/3743/3735
f 5495/4492/4484 4912/1492/1484 5287/4493/4485
f 3457/4494/4486 4524/4130/4122 1417/4495/4487
f 3457/4494/4486 4640/1810/1802 4752/2148/2140
f 1418/3370/3362 126/3368/3360 842/3367/3359
f 1418/3370/3362 842/3367/3359 5600/3882/3874
f 5181/1241/1233 3545/4496/4488 5466/4497/4489
f 2011/4498/4490 913/4499/4491 3545/4496/4488
f 3966/4500/4492 3857/4501/4493 77/2461/2453
f 3857/4501/4493 5584/1617/1609 2259/1616/1608
f 2114/1598/1590 296/917/909 2189/1599/1591
f 4467/4502/4494 296/917/909 711/4503/4495
f 1422/4423/4415 4965/209/201 2835/4504/4496
f 3428/4505/4497 262/2547/2539 2805/1073/1065
f 345/3942/3934 4074/668/660 4072/1705/1697
f 2115/3048/3040 5844/4506/4498 4077/4507/4499
f 987/2085/2077 1853/3714/3706 1424/3716/3708
f 2591/2088/2080 987/2085/2077 3400/2087/2079
f 1425/2266/2258 3898/2629/2621 593/1328/1320
f 5172/1069/1061 3107/4508/4500 1425/2266/2258
f 1981/4509/4501 1428/4510/4502 1677/4511/4503
f 5529/4512/4504 4742/2237/2229 5518/485/477
f 1427/1520/1512 730/182/174 3877/184/176
f 4568/4513/4505 4567/3043/3035 5798/2767/2759
f 478/4514/4506 4883/4515/4507 922/2768/2760
f 3323/3042/3034 478/4514/4506 3196/4516/4508
f 1430/331/323 5313/4303/4295 2256/4302/4294
f 2124/2420/2412 3099/4517/4509 1439/2421/2413
f 1431/4518/4510 292/498/490 2640/497/489
f 523/1462/1454 292/498/490 1431/4518/4510
f 1968/4519/4511 2754/4520/4512 1432/3231/3223
f 1432/3231/3223 2504/4521/4513 1434/3232/3224
f 1295/1067/1059 3416/4522/4514 2291/4523/4515
f 5313/4303/4295 1430/331/323 2294/2636/2628
f 3471/4524/4516 1434/3232/3224 4733/4525/4517
f 147/3235/3227 1434/3232/3224 685/805/797
f 1435/1395/1387 4749/736/728 4449/735/727
f 4753/4526/4518 4749/736/728 3920/4527/4519
f 1436/859/851 2364/4528/4520 1774/860/852
f 364/1872/1864 1213/1424/1416 2362/4529/4521
f 1437/3950/3942 1050/3833/3825 1108/4488/4480
f 4295/3473/3465 4292/3457/3449 880/3459/3451
f 31/4530/4522 619/4531/4523 1438/4532/4524
f 1438/4532/4524 740/4533/4525 4681/4534/4526
f 4125/1065/1057 1489/200/192 1439/2421/2413
f 1439/2421/2413 3099/4517/4509 2256/4302/4294
f 129/4535/4527 5080/4448/4440 1440/43/35
f 4730/1264/1256 1342/529/521 3648/4536/4528
f 2452/4009/4001 1441/2751/2743 1851/2116/2108
f 1452/2753/2745 1851/2116/2108 1441/2751/2743
f 1442/4537/4529 699/4538/4530 3952/4539/4531
f 3458/1711/1703 3097/1763/1755 2349/1762/1754
f 1443/2724/2716 3274/2723/2715 4856/1573/1565
f 619/4531/4523 31/4530/4522 1443/2724/2716
f 3163/2023/2015 4661/4540/4532 1447/2024/2016
f 4740/4541/4533 3486/4542/4534 430/1371/1363
f 1445/4543/4535 5719/4544/4536 5141/4545/4537
f 1448/796/788 2605/4546/4538 3530/797/789
f 852/3389/3381 5528/3391/3383 1446/3392/3384
f 5459/1383/1375 3996/59/51 898/1381/1373
f 4660/732/724 159/4097/4089 1447/2024/2016
f 4284/836/828 3796/1465/1457 5064/1464/1456
f 5143/1410/1402 2605/4546/4538 2326/254/246
f 2326/254/246 2777/253/245 5143/1410/1402
f 2815/2970/2962 1112/1731/1723 1449/2971/2963
f 2636/3959/3951 1112/1731/1723 812/3957/3949
f 2947/3450/3442 2945/1022/1014 501/137/129
f 5531/4547/4539 3653/138/130 3900/4548/4540
f 2194/4549/4541 1451/2374/2366 3663/4550/4542
f 3663/4550/4542 1451/2374/2366 133/2373/2365
f 935/871/863 775/4285/4277 1452/2753/2745
f 1452/2753/2745 3057/2752/2744 4228/4551/4543
f 1450/4552/4544 1453/4553/4545 3900/4548/4540
f 3990/2325/2317 1453/4553/4545 1450/4552/4544
f 683/1338/1330 62/2905/2897 1454/405/397
f 2404/1016/1008 62/2905/2897 2575/3956/3948
f 1455/3983/3975 3030/2159/2151 2727/2158/2150
f 1963/4554/4546 3030/2159/2151 1455/3983/3975
f 3118/517/509 2003/4555/4547 555/4556/4548
f 4638/953/945 2003/4555/4547 4904/4557/4549
f 1457/4558/4550 950/3137/3129 756/3136/3128
f 4871/4559/4551 1458/32/24 4865/4560/4552
f 519/575/567 2139/3405/3397 3725/4561/4553
f 5881/4562/4554 1463/4563/4555 4204/2473/2465
f 3743/4564/4556 1463/4563/4555 1475/4565/4557
f 764/2992/2984 4088/3174/3166 770/1433/1425
f 4088/3174/3166 5656/3897/3889 707/3896/3888
f 1461/2880/2872 4904/4557/4549 2003/4555/4547
f 2923/1581/1573 135/951/943 3338/2879/2871
f 251/3054/3046 1462/4566/4558 920/3055/3047
f 1403/2360/2352 4109/169/161 2644/2361/2353
f 3743/4564/4556 543/4567/4559 1463/4563/4555
f 1463/4563/4555 543/4567/4559 2148/4568/4560
f 2152/1342/1334 3320/1344/1336 5733/1305/1297
f 4223/4569/4561 360/2084/2076 3670/2086/2078
f 2614/1751/1743 2319/2956/2948 5386/1749/1741
f 3181/20/12 1466/4570/4562 2352/1710/1702
f 4828/2957/2949 862/4571/4563 3812/2958/2950
f 2279/4572/4564 2530/3095/3087 1467/4573/4565
f 4898/4574/4566 5484/2427/2419 3939/1461/1453
f 2323/4575/4567 3969/4576/4568 5677/4577/4569
f 750/4401/4393 2110/2625/2617 5677/4577/4569
f 5616/4578/4570 680/3542/3534 1470/4579/4571
f 683/1338/1330 2466/265/257 3932/4580/4572
f 3894/4581/4573 1296/231/223 1471/4582/4574
f 3202/4583/4575 2839/2583/2575 1296/231/223
f 1472/1231/1223 836/1260/1252 351/1232/1224
f 2414/4584/4576 4702/3346/3338 836/1260/1252
f 5242/3493/3485 5347/3492/3484 2138/454/446
f 4611/3482/3474 5724/638/630 5347/3492/3484
f 3266/3789/3781 1474/3791/3783 1025/1406/1398
f 4498/232/224 1296/231/223 3894/4581/4573
f 1475/4565/4557 1463/4563/4555 5881/4562/4554
f 4542/249/241 3017/1544/1536 3020/250/242
f 1476/4186/4178 1994/2528/2520 1811/2527/2519
f 564/2543/2535 1476/4186/4178 1078/1176/1168
f 2397/2995/2987 2246/1797/1789 4208/1785/1777
f 5122/4585/4577 2395/1041/1033 973/3675/3667
f 1478/4586/4578 5391/4587/4579 1482/4588/4580
f 1226/1183/1175 5025/4196/4188 4897/2529/2521
f 1877/1882/1874 3830/4589/4581 4555/1880/1872
f 5482/4590/4582 3600/1804/1796 87/3411/3403
f 4628/4591/4583 859/3410/3402 3516/3171/3163
f 2701/4043/4035 1481/1287/1279 3059/4041/4033
f 2700/616/608 649/4101/4093 253/4102/4094
f 1226/1183/1175 1478/4586/4578 1482/4588/4580
f 3231/4187/4179 4415/4166/4158 1226/1183/1175
f 885/3471/3463 1483/3461/3453 263/3472/3464
f 3369/135/127 1483/3461/3453 5304/3460/3452
f 313/4135/4127 2902/4132/4124 1204/4131/4123
f 1487/4592/4584 4956/4593/4585 180/4134/4126
f 1485/4594/4586 3469/4595/4587 3117/55/47
f 2845/4596/4588 2288/1648/1640 410/4261/4253
f 481/1300/1292 4890/2230/2222 1486/2232/2224
f 3119/1115/1107 5152/108/100 3044/110/102
f 1487/4592/4584 4418/4597/4589 4956/4593/4585
f 1484/3134/3126 4421/202/194 1387/2654/2646
f 1488/1989/1981 422/4598/4590 4260/170/162
f 2811/1986/1978 4873/171/163 4840/4599/4591
f 1487/4592/4584 180/4134/4126 1489/200/192
f 3287/3613/3605 4599/2447/2439 3621/2422/2414
f 1335/2567/2559 1490/2568/2560 2828/1088/1080
f 3303/1061/1053 572/4600/4592 5240/4601/4593
f 5412/3579/3571 2533/4602/4594 2547/4482/4474
f 5412/3579/3571 5409/4390/4382 2533/4602/4594
f 4379/4603/4595 4869/4604/4596 1569/4605/4597
f 1492/1551/1543 354/1739/1731 4854/4606/4598
f 4854/4606/4598 2312/1552/1544 1492/1551/1543
f 274/545/537 4602/3041/3033 4728/4607/4599
f 1077/62/54 4602/3041/3033 274/545/537
f 1494/4608/4600 141/3412/3404 1423/641/633
f 3370/1165/1157 5876/4609/4601 2244/1166/1158
f 3177/3295/3287 4822/4610/4602 1495/4611/4603
f 3180/2442/2434 2859/384/376 2508/2443/2435
f 806/3271/3263 3926/3272/3264 4513/4612/4604
f 4513/4612/4604 1769/4085/4077 806/3271/3263
f 1077/62/54 1497/3890/3882 1493/2369/2361
f 5481/4179/4171 1223/4178/4170 3783/4613/4605
f 1332/3723/3715 1498/4614/4606 3145/3724/3716
f 1498/4614/4606 4436/1663/1655 130/4371/4363
f 871/2199/2191 476/2198/2190 1499/2210/2202
f 2506/4615/4607 4758/3445/3437 107/3434/3426
f 5142/4616/4608 2164/4419/4411 5140/444/436
f 2166/2284/2276 5144/4617/4609 1301/4311/4303
f 1501/4618/4610 1111/3955/3947 2819/3954/3946
f 352/324/316 1111/3955/3947 2212/325/317
f 3336/4619/4611 4424/4620/4612 3337/4621/4613
f 3096/3888/3880 4424/4620/4612 3336/4619/4611
f 1124/2765/2757 35/2764/2756 1503/2776/2768
f 35/2764/2756 4999/4622/4614 1503/2776/2768
f 3482/4623/4615 3109/4624/4616 1504/94/86
f 3480/4625/4617 3482/4623/4615 2703/3479/3471
f 5191/2013/2005 1707/2012/2004 5314/4626/4618
f 3729/1966/1958 1506/2758/2750 1717/1953/1945
f 2866/4342/4334 3731/1385/1377 1629/4627/4619
f 2368/3099/3091 2369/2281/2273 1507/844/836
f 771/3178/3170 1507/844/836 4389/3176/3168
f 1508/1982/1974 54/3668/3660 4482/2867/2859
f 3401/3682/3674 4032/2029/2021 928/2028/2020
f 2974/4628/4620 893/4629/4621 2744/1295/1287
f 173/3540/3532 1738/3539/3531 1509/3266/3258
f 3548/1883/1875 177/4630/4622 2586/4631/4623
f 5260/893/885 5263/4632/4624 1510/2497/2489
f 5260/893/885 1510/2497/2489 5856/4633/4625
f 672/782/774 1511/4634/4626 3321/1265/1257
f 2922/530/522 2794/2882/2874 2570/2881/2873
f 630/1737/1729 5153/4635/4627 1512/4636/4628
f 177/4630/4622 3548/1883/1875 3167/4637/4629
f 1513/635/627 1045/2976/2968 555/4556/4548
f 3183/4638/4630 4951/2516/2508 1513/635/627
f 3445/279/271 1514/3414/3406 4648/280/272
f 4009/4639/4631 2262/3407/3399 2241/1175/1167
f 2609/4253/4245 26/4249/4241 3365/4640/4632
f 3089/4092/4084 5832/4094/4086 1262/1137/1129
f 4488/1795/1787 2487/2536/2528 1516/2533/2525
f 1200/4121/4113 1516/2533/2525 3003/4122/4114
f 2832/4641/4633 1517/4642/4634 2283/4070/4062
f 5678/4643/4635 2676/4644/4636 2674/3541/3533
f 5350/4645/4637 5562/4646/4638 3341/4647/4639
f 5350/4645/4637 2128/931/923 3407/1584/1576
f 4149/4108/4100 91/1828/1820 4241/4648/4640
f 3640/3358/3350 3579/4649/4641 3584/3356/3348
f 125/87/79 3976/3721/3713 3197/3729/3721
f 1547/4650/4642 1520/2579/2571 3555/2581/2573
f 5629/2081/2073 2889/4651/4643 1547/4650/4642
f 1521/1701/1693 123/1163/1155 1034/1702/1694
f 860/1164/1156 123/1163/1155 5666/640/632
f 5014/4652/4644 839/3361/3353 4401/3360/3352
f 3718/1554/1546 5014/4652/4644 2823/4653/4645
f 5147/4654/4646 1525/3333/3325 1523/1393/1385
f 4253/4655/4647 1523/1393/1385 278/1392/1384
f 2902/4132/4124 755/3133/3125 1524/248/240
f 755/3133/3125 2746/3128/3120 1524/248/240
f 1523/1393/1385 1525/3333/3325 1530/4656/4648
f 4255/2133/2125 458/395/387 2071/2131/2123
f 1877/1882/1874 3223/4657/4649 1526/1927/1919
f 5394/727/719 1394/726/718 4782/1472/1464
f 2465/418/410 3200/3299/3291 4505/419/411
f 2465/418/410 243/2611/2603 3200/3299/3291
f 2996/3212/3204 427/2008/2000 784/1356/1348
f 5158/1302/1294 5163/2006/1998 427/2008/2000
f 3553/343/335 3551/342/334 1529/948/940
f 4523/4658/4650 1739/1528/1520 3913/2769/2761
f 4945/4659/4651 2071/2131/2123 458/395/387
f 1266/2478/2470 5302/4263/4255 3889/4660/4652
f 5815/4661/4653 5819/4662/4654 5816/4663/4655
f 1529/948/940 307/949/941 1531/2518/2510
f 3277/2521/2513 4796/2519/2511 1531/2518/2510
f 5850/3419/3411 1532/4664/4656 857/3406/3398
f 857/3406/3398 1532/4664/4656 1458/32/24
f 1533/54/46 1523/1393/1385 1530/4656/4648
f 5302/4263/4255 1530/4656/4648 3889/4660/4652
f 5100/4665/4657 548/4195/4187 1534/4194/4186
f 3760/2349/2341 2710/4666/4658 3515/3160/3152
f 1376/2726/2718 1535/4074/4066 625/2727/2719
f 3154/4441/4433 3873/4388/4380 4134/4439/4431
f 4339/2097/2089 450/3679/3671 2157/2098/2090
f 3734/4667/4659 2556/4668/4660 4776/4669/4661
f 408/4670/4662 1537/3096/3088 1401/4671/4663
f 4417/3097/3089 1537/3096/3088 408/4670/4662
f 467/775/767 5476/774/766 1019/3774/3766
f 1019/3774/3766 2427/4244/4236 1252/3775/3767
f 2548/1030/1022 1822/1029/1021 1539/2207/2199
f 198/2770/2762 5029/4672/4664 1539/2207/2199
f 5288/4673/4665 5284/1139/1131 3835/4674/4666
f 3833/4675/4667 5282/2100/2092 1536/3678/3670
f 663/3188/3180 1194/4111/4103 5506/4676/4668
f 5503/4677/4669 5500/3187/3179 663/3188/3180
f 5029/4672/4664 198/2770/2762 1542/3018/3010
f 5127/1033/1025 4817/1032/1024 3806/2773/2765
f 4179/4678/4670 3509/3847/3839 615/768/760
f 3400/2087/2079 4179/4678/4670 615/768/760
f 1544/3779/3771 1021/3777/3769 4948/3778/3770
f 3772/1696/1688 4203/4679/4671 344/1694/1686
f 2761/2771/2763 633/229/221 1545/2772/2764
f 633/229/221 792/1248/1240 3762/1250/1242
f 93/4216/4208 1546/2851/2843 3520/2862/2854
f 3520/2862/2854 1546/2851/2843 2905/2863/2855
f 4550/3520/3512 1547/4650/4642 576/1488/1480
f 3555/2581/2573 4785/1928/1920 1547/4650/4642
f 5587/4309/4301 2675/547/539 1548/1967/1959
f 3410/4680/4672 3172/4681/4673 5590/4682/4674
f 97/4683/4675 3304/4684/4676 2751/4685/4677
f 97/4683/4675 2429/4686/4678 3304/4684/4676
f 2045/739/731 5071/4687/4679 275/740/732
f 5071/4687/4679 3747/1402/1394 275/740/732
f 97/4683/4675 2751/4685/4677 1551/505/497
f 2429/4686/4678 97/4683/4675 4361/865/857
f 3012/4688/4680 756/3136/3128 556/4689/4681
f 3012/4688/4680 1457/4558/4550 756/3136/3128
f 1553/275/267 5469/4024/4016 4066/3045/3037
f 5175/4690/4682 979/272/264 1151/4691/4683
f 4366/540/532 3839/539/531 1554/4692/4684
f 4243/4693/4685 5346/906/898 4917/4694/4686
f 4254/4090/4082 1640/4089/4081 2318/4695/4687
f 156/2808/2800 4914/4696/4688 5341/4697/4689
f 1556/2663/2655 2499/4036/4028 3959/4698/4690
f 5297/4699/4691 3381/4700/4692 3377/4701/4693
f 2444/4702/4694 1119/765/757 4703/1949/1941
f 4150/2888/2880 5822/4224/4216 781/2887/2879
f 5425/4125/4117 171/834/826 4248/903/895
f 1561/4703/4695 171/834/826 1800/833/825
f 3299/4704/4696 1559/2044/2036 2963/2043/2035
f 720/3024/3016 2855/2054/2046 3769/2056/2048
f 1560/1682/1674 1254/1681/1673 341/31/23
f 5344/30/22 5595/2377/2369 341/31/23
f 171/834/826 1561/4703/4695 1558/4705/4697
f 4243/4693/4685 4366/540/532 1554/4692/4684
f 1360/999/991 5698/4706/4698 1562/1670/1662
f 5706/1668/1660 1562/1670/1662 5698/4706/4698
f 1563/2001/1993 520/2380/2372 587/374/366
f 5064/1464/1456 1866/731/723 4284/836/828
f 515/1772/1764 4047/4707/4699 533/1303/1295
f 2302/4708/4700 5299/4709/4701 5820/4710/4702
f 2863/2951/2943 2836/4711/4703 5669/4307/4299
f 3874/3555/3547 2025/535/527 917/3554/3546
f 2037/4712/4704 1789/101/93 1567/100/92
f 1567/100/92 4221/849/841 846/3321/3313
f 5660/4713/4705 2619/4714/4706 3895/4715/4707
f 4238/2348/2340 1573/4716/4708 2615/4717/4709
f 1569/4605/4597 4869/4604/4596 2789/632/624
f 3206/463/455 2515/4718/4710 1053/3846/3838
f 3857/4501/4493 2515/4718/4710 327/1613/1605
f 412/3439/3431 5696/4719/4711 2772/259/251
f 4781/1950/1942 5696/4719/4711 412/3439/3431
f 1572/2073/2065 2261/4720/4712 769/511/503
f 769/511/503 1549/513/505 2327/913/905
f 4238/2348/2340 513/276/268 1573/4716/4708
f 2472/2350/2342 513/276/268 724/4721/4713
f 1117/3487/3479 1574/3486/3478 890/4722/4714
f 5124/4723/4715 3627/4724/4716 1574/3486/3478
f 4526/4725/4717 4964/3827/3819 3558/4726/4718
f 2721/3832/3824 2718/4727/4719 3558/4726/4718
f 4482/2867/2859 2053/3669/3661 4266/4728/4720
f 4269/1484/1476 5166/1720/1712 665/1481/1473
f 3014/4729/4721 4356/4730/4722 1577/3401/3393
f 3895/4715/4707 1577/3401/3393 57/3400/3392
f 4484/2833/2825 3170/4731/4723 3933/4732/4724
f 1986/3040/3032 269/2368/2360 3170/4731/4723
f 2952/2865/2857 1579/4733/4725 665/1481/1473
f 1579/4733/4725 1576/4734/4726 665/1481/1473
f 3507/4328/4320 5583/4329/4321 4331/1657/1649
f 2527/4735/4727 3507/4328/4320 1610/4736/4728
f 4357/4737/4729 1581/4738/4730 1949/4739/4731
f 1577/3401/3393 1588/4740/4732 3014/4729/4721
f 2173/3454/3446 1582/4741/4733 4057/3455/3447
f 5275/4742/4734 1582/4741/4733 3280/4743/4735
f 4888/1628/1620 1583/619/611 424/1629/1621
f 2914/1633/1625 424/1629/1621 1899/4744/4736
f 2294/2636/2628 1584/330/322 66/2333/2325
f 1028/155/147 3368/3421/3413 4635/156/148
f 5307/2785/2777 471/2774/2766 3429/3681/3673
f 5129/2784/2776 471/2774/2766 5307/2785/2777
f 3683/4745/4737 1026/93/85 1586/4746/4738
f 1586/4746/4738 4643/3574/3566 2367/4747/4739
f 3280/4743/4735 1582/4741/4733 3333/4748/4740
f 167/2167/2159 3280/4743/4735 60/4749/4741
f 3016/4750/4742 3014/4729/4721 1588/4740/4732
f 5376/4751/4743 1581/4738/4730 3895/4715/4707
f 1589/3035/3027 2956/1174/1166 724/4721/4713
f 724/4721/4713 513/276/268 1589/3035/3027
f 621/4752/4744 1590/3604/3596 940/2467/2459
f 1962/2239/2231 4103/2470/2462 2721/3832/3824
f 1591/4326/4318 3408/856/848 2282/4325/4317
f 1687/4753/4745 5161/2538/2530 144/4754/4746
f 1582/4741/4733 5443/4755/4747 1592/204/196
f 1592/204/196 3333/4748/4740 1582/4741/4733
f 397/4756/4748 1405/3068/3060 5467/3067/3059
f 900/590/582 397/4756/4748 5467/3067/3059
f 1594/779/771 1598/2187/2179 2356/1095/1087
f 2469/777/769 1594/779/771 2356/1095/1087
f 1595/2929/2921 4307/3921/3913 4311/2930/2922
f 3215/3203/3195 971/3205/3197 3309/458/450
f 11/386/378 5550/4757/4749 4997/671/663
f 5549/4758/4750 3533/674/666 4847/673/665
f 4183/3984/3976 1597/3386/3378 1127/3982/3974
f 1127/3982/3974 3476/3987/3979 5641/3990/3982
f 492/4759/4751 39/2274/2266 1598/2187/2179
f 4201/2186/2178 492/4759/4751 1598/2187/2179
f 511/4234/4226 1245/4233/4225 2392/4230/4222
f 4557/4760/4752 3175/4761/4753 3173/4762/4754
f 1122/557/549 472/2197/2189 3915/2212/2204
f 472/2197/2189 873/2196/2188 3911/3437/3429
f 867/3427/3419 1601/4763/4755 3201/4764/4756
f 867/3427/3419 5097/1523/1515 5112/4765/4757
f 1257/1693/1685 1602/800/792 1000/3735/3727
f 1607/1005/997 1257/1693/1685 2403/1006/998
f 2578/4766/4758 4291/3849/3841 4294/145/137
f 5773/4767/4759 4043/4768/4760 1055/3013/3005
f 1604/1071/1063 5184/2287/2279 5709/4769/4761
f 3837/4770/4762 5172/1069/1061 1604/1071/1063
f 1605/2410/2402 2028/1456/1448 5504/1455/1447
f 1609/4771/4763 3052/2408/2400 3403/2407/2399
f 867/3427/3419 1606/4772/4764 1601/4763/4755
f 3038/2437/2429 5615/2438/2430 5116/4773/4765
f 1257/1693/1685 1607/1005/997 4384/2713/2705
f 4384/2713/2705 1607/1005/997 4282/4774/4766
f 3691/4775/4767 383/1850/1842 5245/3771/3763
f 1863/2022/2014 5245/3771/3763 383/1850/1842
f 4544/564/556 5866/4776/4768 1609/4771/4763
f 5504/1455/1447 5047/4777/4769 1846/4778/4770
f 2089/1653/1645 1610/4736/4728 1359/1654/1646
f 1610/4736/4728 2089/1653/1645 2527/4735/4727
f 2916/4779/4771 1775/4780/4772 5537/2033/2025
f 2916/4779/4771 5537/2033/2025 1613/4021/4013
f 596/1149/1141 1985/4231/4223 1612/4245/4237
f 596/1149/1141 1612/4245/4237 223/1150/1142
f 4927/3010/3002 1613/4021/4013 2842/3008/3000
f 4998/4781/4773 1613/4021/4013 1144/4020/4012
f 101/2304/2296 1614/1820/1812 767/2305/2297
f 1313/1819/1811 2371/4782/4774 1614/1820/1812
f 2908/3518/3510 5863/4783/4775 3811/4784/4776
f 456/4785/4777 3811/4784/4776 3789/4786/4778
f 238/3640/3632 136/3639/3631 1616/2205/2197
f 1822/1029/1021 4267/427/419 238/3640/3632
f 5516/4232/4224 1617/2657/2649 601/2656/2648
f 2171/3475/3467 3376/3474/3466 480/2226/2218
f 3484/4787/4779 1618/2544/2536 894/3892/3884
f 1078/1176/1168 894/3892/3884 1618/2544/2536
f 4153/4788/4780 1619/4789/4781 4241/4648/4640
f 247/1253/1245 2873/4291/4283 1620/1266/1258
f 1620/1266/1258 1625/4790/4782 4369/1267/1259
f 3927/3585/3577 2887/3584/3576 1621/939/931
f 4164/2405/2397 527/2404/2396 929/4791/4783
f 981/3708/3700 1622/1283/1275 2612/4011/4003
f 3791/470/462 981/3708/3700 5238/3709/3701
f 3116/3689/3681 3285/4792/4784 3392/3625/3617
f 4650/712/704 2505/711/703 83/4793/4785
f 3787/1898/1890 1624/1896/1888 1047/4794/4786
f 1047/4794/4786 1624/1896/1888 396/4320/4312
f 1286/1129/1121 2892/1128/1120 4980/4795/4787
f 2873/4291/4283 4980/4795/4787 1620/1266/1258
f 1626/3399/3391 1634/4796/4788 57/3400/3392
f 2974/4628/4620 4245/4797/4789 893/4629/4621
f 3982/3277/3269 328/1618/1610 1627/3278/3270
f 3010/4798/4790 4858/2869/2861 666/1353/1345
f 5734/4799/4791 1628/2827/2819 2852/2829/2821
f 5734/4799/4791 3318/1219/1211 1628/2827/2819
f 416/4800/4792 1629/4627/4619 4653/4801/4793
f 5268/4802/4794 161/4088/4080 3276/1669/1661
f 2972/4803/4795 4245/4797/4789 1630/4804/4796
f 1281/3495/3487 2974/4628/4620 2744/1295/1287
f 1632/3717/3709 2344/3719/3711 319/703/695
f 4408/3885/3877 2927/4805/4797 1075/3886/3878
f 743/4806/4798 3594/4807/4799 1633/4808/4800
f 743/4806/4798 4145/4809/4801 1537/3096/3088
f 4273/469/461 2613/471/463 1634/4796/4788
f 2972/4803/4795 1630/4804/4796 1281/3495/3487
f 2524/2823/2815 1635/293/285 3841/2824/2816
f 5039/3564/3556 1635/293/285 4332/292/284
f 229/4810/4802 3271/4811/4803 2689/1969/1961
f 229/4810/4802 2689/1969/1961 4503/1968/1960
f 1325/4812/4804 1637/4813/4805 3259/4814/4806
f 1637/4813/4805 2514/2261/2253 2476/4815/4807
f 3866/2425/2417 5021/4816/4808 4059/4817/4809
f 1639/2710/2702 3360/653/645 5028/652/644
f 1819/40/32 3364/2706/2698 4473/2103/2095
f 4670/4818/4810 1640/4089/4081 4486/4819/4811
f 2429/4686/4678 4620/4091/4083 4617/1414/1406
f 1637/4813/4805 2476/4815/4807 2647/2920/2912
f 3259/4814/4806 1637/4813/4805 2647/2920/2912
f 133/2373/2365 4016/1480/1472 1642/1099/1091
f 1642/1099/1091 3663/4550/4542 133/2373/2365
f 1643/161/153 1905/4820/4812 1010/2526/2518
f 5019/163/155 1905/4820/4812 1643/161/153
f 2471/685/677 2583/687/679 1644/3895/3887
f 1644/3895/3887 2583/687/679 707/3896/3888
f 1005/4821/4813 4817/1032/1024 1645/1031/1023
f 4057/3455/3447 4743/759/751 5305/3453/3445
f 4204/2473/2465 1646/643/635 866/2107/2099
f 2295/3426/3418 863/2378/2370 866/2107/2099
f 50/401/393 3860/3655/3647 4968/4459/4451
f 414/4822/4814 4866/3657/3649 50/401/393
f 1648/4823/4815 1846/4778/4770 5047/4777/4769
f 3386/2781/2773 2834/4824/4816 157/2780/2772
f 1649/500/492 2880/3326/3318 825/501/493
f 1649/500/492 3781/499/491 1654/1545/1537
f 1650/628/620 179/2990/2982 855/4825/4817
f 5195/627/619 179/2990/2982 1650/628/620
f 4342/3165/3157 1071/2252/2244 1651/892/884
f 1065/3167/3159 2769/3867/3859 487/3865/3857
f 406/2580/2572 1520/2579/2571 1652/4826/4818
f 544/885/877 5577/2477/2469 3292/4827/4819
f 1805/886/878 544/885/877 1802/4828/4820
f 1649/500/492 1654/1545/1537 2878/4829/4821
f 951/4830/4822 3743/4564/4556 1475/4565/4557
f 4437/4831/4823 1520/2579/2571 2889/4651/4643
f 2889/4651/4643 1520/2579/2571 1547/4650/4642
f 1883/4832/4824 3614/4833/4825 5787/4834/4826
f 5787/4834/4826 1878/188/180 1205/4835/4827
f 4398/4836/4828 1657/1334/1326 2499/4036/4028
f 3961/2035/2027 387/4035/4027 5380/4837/4829
f 1037/1310/1302 1658/1240/1232 4031/1311/1303
f 2921/4838/4830 1952/1602/1594 2924/1601/1593
f 1659/3800/3792 4958/2247/2239 4199/3061/3053
f 1659/3800/3792 3629/3799/3791 4958/2247/2239
f 5517/4839/4831 1123/639/631 297/433/425
f 4239/3902/3894 1123/639/631 5517/4839/4831
f 690/866/858 165/507/499 5178/4840/4832
f 1656/189/181 3614/4833/4825 4987/2934/2926
f 1507/844/836 3639/2280/2272 3121/843/835
f 4395/2316/2308 2496/1813/1805 504/2703/2695
f 3625/3175/3167 385/823/815 1175/1859/1851
f 1460/3163/3155 4202/937/929 3625/3175/3167
f 4110/2249/2241 1664/4841/4833 2773/2250/2242
f 2646/4842/4834 3746/2078/2070 5714/4843/4835
f 1665/840/832 2552/3280/3272 3764/4844/4836
f 3764/4844/4836 2183/1056/1048 5720/4845/4837
f 2355/1096/1088 39/2274/2266 2776/4846/4838
f 5405/940/932 1667/4096/4088 530/941/933
f 2420/4095/4087 1667/4096/4088 1958/4847/4839
f 613/2702/2694 504/2703/2695 1668/3027/3019
f 914/372/364 613/2702/2694 1668/3027/3019
f 3893/3268/3260 1784/3269/3261 1669/1577/1569
f 1669/1577/1569 3126/1576/1568 174/541/533
f 4616/1454/1446 288/3592/3584 1670/210/202
f 4965/209/201 4613/4848/4840 1670/210/202
f 279/1421/1413 1823/1419/1411 1671/263/255
f 1671/263/255 3384/262/254 5580/4849/4841
f 4630/4850/4842 1132/686/678 2903/2322/2314
f 2554/16/8 1132/686/678 4630/4850/4842
f 1673/2913/2905 682/2912/2904 2725/2911/2903
f 196/4443/4435 1327/4358/4350 3852/718/710
f 3480/4625/4617 2136/4851/4843 5756/4852/4844
f 3480/4625/4617 2703/3479/3471 4706/4853/4845
f 2775/181/173 1675/4854/4846 3083/179/171
f 3723/4855/4847 1675/4854/4846 1428/4510/4502
f 1177/4078/4070 1100/3929/3921 1676/4856/4848
f 3286/3928/3920 3283/1502/1494 1100/3929/3921
f 1675/4854/4846 1677/4511/4503 1428/4510/4502
f 2775/181/173 5529/4512/4504 1675/4854/4846
f 1541/3189/3181 1678/3191/3183 5500/3187/3179
f 775/4285/4277 1678/3191/3183 1452/2753/2745
f 5684/2632/2624 4831/1501/1493 301/810/802
f 301/810/802 4092/749/741 1684/4857/4849
f 2115/3048/3040 1680/4858/4850 1685/3049/3041
f 1113/667/659 5149/3047/3039 404/4859/4851
f 2718/4727/4719 4347/4860/4852 1681/1289/1281
f 4977/3734/3726 1575/2238/2230 4335/4861/4853
f 813/362/354 3398/4862/4854 1682/3292/3284
f 3862/3017/3009 1693/4863/4855 1745/4864/4856
f 3904/4865/4857 1683/2961/2953 320/81/73
f 1683/2961/2953 2268/4028/4020 320/81/73
f 4092/749/741 3204/3504/3496 1684/4857/4849
f 5088/3219/3211 1911/2574/2566 2925/3220/3212
f 1685/3049/3041 4105/1936/1928 1020/1935/1927
f 1680/4858/4850 4105/1936/1928 1685/3049/3041
f 5555/3397/3389 357/1748/1740 1686/1106/1098
f 1686/1106/1098 5763/2563/2555 4386/2566/2558
f 1687/4753/4745 563/4866/4858 5161/2538/2530
f 844/857/849 3408/856/848 1983/3372/3364
f 5480/4867/4859 1688/4227/4219 4247/4226/4218
f 3904/4865/4857 320/81/73 3844/83/75
f 1689/3286/3278 3444/4868/4860 5051/3283/3275
f 3794/4869/4861 2234/3323/3315 824/4870/4862
f 1690/2982/2974 434/133/125 4952/2983/2975
f 4294/145/137 4196/3850/3842 3803/143/135
f 3739/4098/4090 855/4825/4817 5043/4099/4091
f 855/4825/4817 2561/1432/1424 5040/1431/1423
f 1692/1214/1206 1144/4020/4012 5210/4032/4024
f 605/3629/3621 1144/4020/4012 1692/1214/1206
f 3177/3295/3287 3398/4862/4854 813/362/354
f 2267/3781/3773 1021/3777/3769 1544/3779/3771
f 3419/4871/4863 1698/2680/2672 2825/2679/2671
f 991/4872/4864 5045/4873/4865 2169/4874/4866
f 1695/455/447 2786/4875/4867 892/456/448
f 2899/626/618 855/4825/4817 2786/4875/4867
f 3486/4542/4534 1696/1372/1364 430/1371/1363
f 3484/4787/4779 562/2534/2526 1618/2544/2536
f 1697/655/647 441/769/761 3509/3847/3839
f 5326/2789/2781 441/769/761 5322/2787/2779
f 607/2681/2673 1698/2680/2672 1694/4876/4868
f 5041/1726/1718 5045/4873/4865 991/4872/4864
f 1699/4877/4869 3387/3398/3390 2899/626/618
f 1337/4878/4870 4124/4879/4871 1699/4877/4869
f 2182/4340/4332 127/4880/4872 5860/4338/4330
f 5862/4266/4258 3597/665/657 127/4880/4872
f 433/4881/4873 3964/4882/4874 3346/4883/4875
f 3219/2067/2059 3419/4871/4863 2825/2679/2671
f 3224/4884/4876 3415/1273/1265 1704/4119/4111
f 5609/4885/4877 2736/595/587 215/198/190
f 1703/1215/1207 2162/895/887 69/894/886
f 69/894/886 1095/2676/2668 5330/3923/3915
f 1704/4119/4111 561/1272/1264 1199/1004/996
f 5613/4886/4878 1704/4119/4111 1199/1004/996
f 2180/3565/3557 2413/2617/2609 1705/4887/4879
f 4869/4604/4596 590/630/622 2789/632/624
f 4885/4888/4880 226/1934/1926 1706/620/612
f 1706/620/612 2791/417/409 2184/416/408
f 5314/4626/4618 1707/2012/2004 3337/4621/4613
f 1703/1215/1207 4514/4889/4881 2162/895/887
f 1556/2663/2655 5744/4890/4882 4397/1958/1950
f 3669/1331/1323 5805/1330/1322 2810/807/799
f 5690/2184/2176 2831/317/309 1709/2649/2641
f 3130/4891/4883 1714/2150/2142 2664/2149/2141
f 3617/4892/4884 1710/1168/1160 5594/4893/4885
f 5293/4894/4886 2791/417/409 1706/620/612
f 2705/3485/3477 1711/3488/3480 3147/3489/3481
f 3944/1427/1419 943/50/42 1711/3488/3480
f 3996/59/51 1712/2506/2498 610/57/49
f 2761/2771/2763 610/57/49 4984/3500/3492
f 4184/4895/4887 172/4896/4888 4592/4897/4889
f 1714/2150/2142 2010/2162/2154 5464/2151/2143
f 464/2670/2662 1714/2150/2142 3130/4891/4883
f 5528/3391/3383 3673/352/344 1715/354/346
f 553/2507/2499 3593/2508/2500 3312/3224/3216
f 3532/593/585 734/1846/1838 2065/594/586
f 2728/4481/4473 4078/3071/3063 734/1846/1838
f 4277/3456/3448 1717/1953/1945 879/2756/2748
f 879/2756/2748 2897/2757/2749 1794/2759/2751
f 912/4898/4890 1718/4899/4891 4549/3531/3523
f 912/4898/4890 2706/585/577 4026/308/300
f 25/3180/3172 2824/3179/3171 1719/506/498
f 2751/4685/4677 1549/513/505 25/3180/3172
f 589/2908/2900 5407/1866/1858 1720/2909/2901
f 5407/1866/1858 4645/2921/2913 4792/2923/2915
f 5369/4900/4892 4094/3441/3433 1721/1643/1635
f 4547/24/16 412/3439/3431 2772/259/251
f 1198/3470/3462 4197/930/922 1722/3468/3460
f 239/929/921 1722/3468/3460 4197/930/922
f 2133/4901/4893 5098/4902/4894 722/3030/3022
f 3172/4681/4673 4793/4903/4895 5590/4682/4674
f 2532/3840/3832 1724/3382/3374 5049/3841/3833
f 5049/3841/3833 5202/358/350 1990/4904/4896
f 5369/4900/4892 1721/1643/1635 5847/1644/1636
f 336/678/670 3418/4463/4455 4624/4464/4456
f 345/3942/3934 4072/1705/1697 2660/1704/1696
f 3940/3941/3933 2660/1704/1696 3708/3207/3199
f 5418/3381/3373 4806/1977/1969 4801/4905/4897
f 4806/1977/1969 5418/3381/3373 3626/3380/3372
f 5011/4906/4898 5535/1817/1809 1728/1816/1808
f 1728/1816/1808 4410/4907/4899 5011/4906/4898
f 1729/1313/1305 260/3195/3187 891/3490/3482
f 1402/1912/1904 4652/4476/4468 3040/4474/4466
f 2894/2682/2674 3559/2684/2676 607/2681/2673
f 4172/2036/2028 3559/2684/2676 1152/2034/2026
f 1732/4908/4900 3194/3345/3337 4646/3572/3564
f 4643/3574/3566 4646/3572/3564 2367/4747/4739
f 580/4909/4901 1733/2059/2051 3045/4446/4438
f 3189/2060/2052 1733/2059/2051 4918/776/768
f 457/120/112 1734/4910/4902 4025/113/105
f 2785/190/182 3778/1349/1341 3782/4911/4903
f 4890/2230/2222 2708/2531/2523 1283/2231/2223
f 4610/4912/4904 1741/3307/3299 4863/4913/4905
f 1736/4914/4906 1109/2388/2380 1130/3991/3983
f 1113/667/659 3176/3960/3952 3043/1923/1915
f 2785/190/182 1737/4915/4907 3778/1349/1341
f 5593/4916/4908 5591/3116/3108 3687/111/103
f 3449/4917/4909 1738/3539/3531 2674/3541/3533
f 3167/4637/4629 3453/4918/4910 5153/4635/4627
f 1739/1528/1520 4523/4658/4650 1529/948/940
f 1739/1528/1520 1529/948/940 4875/1525/1517
f 1741/3307/3299 1735/1299/1291 5230/1301/1293
f 1735/1299/1291 1741/3307/3299 2708/2531/2523
f 3653/138/130 4020/4919/4911 3322/139/131
f 1817/4215/4207 4017/4214/4206 2820/4920/4912
f 1744/3869/3861 359/3864/3856 4143/3863/3855
f 3720/2678/2670 1066/1758/1750 10/2677/2669
f 2267/3781/3773 75/3780/3772 1745/4864/4856
f 2882/126/118 3434/125/117 5038/3003/2995
f 4166/2218/2210 1746/4921/4913 1756/2743/2735
f 305/3568/3560 4126/2221/2213 5565/2220/2212
f 5395/4922/4914 5276/4923/4915 1747/2557/2549
f 5395/4922/4914 1747/2557/2549 2435/3499/3491
f 1748/4924/4916 4822/4610/4602 816/361/353
f 1748/4924/4916 1495/4611/4603 4822/4610/4602
f 894/3892/3884 5703/4925/4917 3484/4787/4779
f 894/3892/3884 560/3891/3883 2435/3499/3491
f 5732/1306/1298 2491/2359/2351 5514/4926/4918
f 1751/4927/4919 4377/4928/4920 3324/307/299
f 5342/4929/4921 5801/4930/4922 3467/1336/1328
f 4187/4931/4923 1752/2307/2299 5271/4932/4924
f 4641/2298/2290 2871/2297/2289 1752/2307/2299
f 802/4353/4345 1753/4112/4104 5253/4114/4106
f 1987/1718/1710 1754/2696/2688 895/4933/4925
f 70/2754/2746 2270/3501/3493 5151/4934/4926
f 111/4935/4927 1311/3444/3436 1755/4936/4928
f 5134/2685/2677 1755/4936/4928 2657/4937/4929
f 895/4933/4925 1757/2695/2687 346/4938/4930
f 895/4933/4925 5151/4934/4926 4229/4939/4931
f 4726/4310/4302 1578/2834/2826 3643/1389/1381
f 1299/1387/1379 3736/548/540 2675/547/539
f 1309/3728/3720 4006/4940/4932 5583/4329/4321
f 4006/4940/4932 1309/3728/3720 3596/4941/4933
f 4131/4942/4934 1760/4943/4935 1343/4392/4384
f 3630/4394/4386 1343/4392/4384 1760/4943/4935
f 1757/2695/2687 1761/1707/1699 4409/431/423
f 1757/2695/2687 895/4933/4925 4229/4939/4931
f 1762/3106/3098 2826/3105/3097 1243/461/453
f 2826/3105/3097 1762/3106/3098 2682/3103/3095
f 1346/2969/2961 1763/4396/4388 1760/4943/4935
f 1345/2511/2503 1763/4396/4388 1346/2969/2961
f 2463/3012/3004 3354/4348/4340 1321/1595/1587
f 322/64/56 2459/4944/4936 3354/4348/4340
f 1765/4082/4074 1178/4945/4937 4112/1550/1542
f 1178/4945/4937 2497/4084/4076 2756/4083/4075
f 959/3660/3652 1766/3659/3651 3114/3651/3643
f 4636/1809/1801 4752/2148/2140 4640/1810/1802
f 1767/3880/3872 5878/4946/4938 3008/2253/2245
f 5571/4947/4939 4964/3827/3819 1942/390/382
f 1768/4486/4478 1140/1870/1862 5190/466/458
f 2672/4948/4940 3885/3701/3693 1140/1870/1862
f 2497/4084/4076 2044/4949/4941 1769/4085/4077
f 3413/1518/1510 806/3271/3263 1769/4085/4077
f 1965/2890/2882 1770/3900/3892 4595/4264/4256
f 1770/3900/3892 376/698/690 1083/697/689
f 5569/4950/4942 4619/4951/4943 5878/4946/4938
f 5878/4946/4938 1767/3880/3872 5569/4950/4942
f 4271/2428/2420 5484/2427/2419 1772/1438/1430
f 4417/3097/3089 1467/4573/4565 2530/3095/3087
f 4435/4952/4944 1773/2173/2165 2582/1400/1392
f 2582/1400/1392 1773/2173/2165 2218/2172/2164
f 1774/860/852 2364/4528/4520 890/4722/4714
f 1574/3486/3478 3627/4724/4716 890/4722/4714
f 1611/3236/3228 5475/4953/4945 4308/3237/3229
f 3517/4954/4946 2034/4324/4316 5803/4955/4947
f 1776/3601/3593 1223/4178/4170 3863/4180/4172
f 1776/3601/3593 2883/1364/1356 1223/4178/4170
f 1777/2397/2389 151/1202/1194 3071/1204/1196
f 2316/2053/2045 1777/2397/2389 1779/792/784
f 4447/2658/2650 1778/2655/2647 3397/4956/4948
f 1617/2657/2649 2075/2228/2220 1778/2655/2647
f 3316/3253/3245 3390/3252/3244 20/1249/1241
f 3390/3252/3244 1777/2397/2389 2137/2396/2388
f 1142/2051/2043 693/2050/2042 1780/2370/2362
f 1497/3890/3882 1142/2051/2043 1780/2370/2362
f 1781/1975/1967 124/2096/2088 2305/1976/1968
f 4446/2094/2086 1783/2113/2105 2901/4957/4949
f 4029/3707/3699 2882/126/118 5836/4295/4287
f 4029/3707/3699 5836/4295/4287 2253/4294/4286
f 3085/2815/2807 647/648/640 4178/2814/2806
f 3085/2815/2807 4446/2094/2086 647/648/640
f 2951/1376/1368 3893/3268/3260 804/3263/3255
f 2951/1376/1368 3391/4279/4271 272/1377/1369
f 3855/4958/4950 1785/2838/2830 5567/4959/4951
f 1785/2838/2830 656/3855/3847 1060/680/672
f 1786/1778/1770 364/1872/1864 4811/1874/1866
f 364/1872/1864 1786/1778/1770 1213/1424/1416
f 614/107/99 1787/4087/4079 27/801/793
f 841/3364/3356 5736/2705/2697 4773/4960/4952
f 1788/4961/4953 4512/3498/3490 947/3497/3489
f 947/3497/3489 1749/3496/3488 1791/3620/3612
f 2425/2070/2062 1789/101/93 2037/4712/4704
f 5874/914/906 2426/1416/1408 443/4962/4954
f 678/4963/4955 1790/790/782 4689/1251/1243
f 4045/4964/4956 2359/794/786 5440/4197/4189
f 1788/4961/4953 947/3497/3489 3740/4965/4957
f 146/695/687 3749/694/686 3740/4965/4957
f 4767/656/648 1792/4966/4958 3521/4967/4959
f 1054/4968/4960 1639/2710/2702 3244/2709/2701
f 3481/4168/4160 183/4170/4162 1793/2906/2898
f 183/4170/4162 1730/150/142 4921/2683/2675
f 879/2756/2748 1794/2759/2751 2856/58/50
f 3733/1386/1378 898/1381/1373 5889/1384/1376
f 2942/3626/3618 2439/3635/3627 2433/3627/3619
f 3797/4969/4961 1796/567/559 2055/4970/4962
f 5157/4971/4963 1796/567/559 3797/4969/4961
f 1797/1490/1482 2301/2465/2457 2933/2464/2456
f 5300/2750/2742 3159/2749/2741 295/1479/1471
f 4791/117/109 4142/2902/2894 737/3076/3068
f 5365/4972/4964 4794/4973/4965 4873/171/163
f 4004/3696/3688 209/1790/1782 4002/3697/3689
f 4107/4974/4966 3241/4975/4967 2078/3692/3684
f 1561/4703/4695 2366/4976/4968 166/538/530
f 2473/1160/1152 575/3348/3340 1801/1224/1216
f 1801/1224/1216 575/3348/3340 834/1228/1220
f 1802/4828/4820 3292/4827/4819 3983/414/406
f 544/885/877 3292/4827/4819 1802/4828/4820
f 1662/3505/3497 1803/3507/3499 897/1197/1189
f 514/1195/1187 897/1197/1189 1803/3507/3499
f 5562/4646/4638 1804/4977/4969 5280/4978/4970
f 5350/4645/4637 1804/4977/4969 5562/4646/4638
f 1809/4076/4068 1805/886/878 2898/413/405
f 1805/886/878 5000/4979/4971 805/883/875
f 2964/4980/4972 1806/2587/2579 1960/2586/2578
f 4522/51/43 578/1226/1218 834/1228/1220
f 3407/1584/1576 2128/931/923 1807/1582/1574
f 4428/1587/1579 697/4981/4973 4444/2962/2954
f 2441/1886/1878 4688/4982/4974 1808/1887/1879
f 4445/1736/1728 4692/2760/2752 4688/4982/4974
f 2898/413/405 138/412/404 1809/4076/4068
f 1809/4076/4068 138/412/404 1176/4077/4069
f 1810/3267/3259 4513/4612/4604 3926/3272/3264
f 2886/2986/2978 1496/2985/2977 1810/3267/3259
f 2516/1792/1784 1811/2527/2519 1270/1793/1785
f 2516/1792/1784 2434/4176/4168 1811/2527/2519
f 1046/980/972 1812/2744/2736 1173/4983/4975
f 2460/4073/4065 3154/4441/4433 1173/4983/4975
f 5157/4971/4963 1813/2550/2542 1796/567/559
f 4177/194/186 566/196/188 1813/2550/2542
f 2511/3600/3592 1815/1365/1357 1776/3601/3593
f 1815/1365/1357 2511/3600/3592 2513/2458/2450
f 2518/2299/2291 996/2301/2293 5749/4984/4976
f 3653/138/130 1817/4215/4207 2820/4920/4912
f 1817/4215/4207 1742/1840/1832 1235/4211/4203
f 363/650/642 1818/3812/3804 1039/1777/1769
f 2305/1976/1968 1039/1777/1769 1818/3812/3804
f 3364/2706/2698 1819/40/32 451/3750/3742
f 1819/40/32 2195/3751/3743 451/3750/3742
f 1820/2441/2433 874/3446/3438 1293/3293/3285
f 5145/2445/2437 46/2444/2436 874/3446/3438
f 191/2616/2608 1821/1944/1936 996/2301/2293
f 996/2301/2293 1821/1944/1936 1816/1943/1935
f 1616/2205/2197 3681/2206/2198 1822/1029/1021
f 1822/1029/1021 238/3640/3632 1616/2205/2197
f 2521/4985/4977 1823/1419/1411 1538/4986/4978
f 1019/3774/3766 5476/774/766 2427/4244/4236
f 426/4987/4979 1824/606/598 19/605/597
f 1824/606/598 426/4987/4979 1381/1920/1912
f 1825/4988/4980 2231/216/208 1278/2623/2615
f 1825/4988/4980 1278/2623/2615 3956/2622/2614
f 3339/4243/4235 1826/1420/1412 4432/4989/4981
f 1826/1420/1412 279/1421/1413 4432/4989/4981
f 2780/4990/4982 2343/268/260 1827/4991/4983
f 3974/4992/4984 2780/4990/4982 1827/4991/4983
f 4879/3852/3844 901/1895/1887 1828/1897/1889
f 4632/3515/3507 163/3517/3509 2240/4228/4220
f 278/1392/1384 80/56/48 1829/4993/4985
f 1485/4594/4586 1829/4993/4985 3469/4595/4587
f 4992/4994/4986 2729/114/106 718/868/860
f 718/868/860 2729/114/106 748/3121/3113
f 3068/4995/4987 3452/4996/4988 5349/4997/4989
f 4313/38/30 5865/37/29 2494/4998/4990
f 1832/234/226 2525/1971/1963 2941/1973/1965
f 2376/4999/4991 3191/5000/4992 418/3257/3249
f 1867/3172/3164 300/795/787 2314/1516/1508
f 300/795/787 1867/3172/3164 1448/796/788
f 3770/2892/2884 1834/5001/4993 3574/1211/1203
f 2286/5002/4994 3574/1211/1203 1834/5001/4993
f 1835/612/604 4159/5003/4995 3195/610/602
f 5312/2993/2985 4159/5003/4995 5265/4246/4238
f 4774/5004/4996 1836/5005/4997 1289/5006/4998
f 5333/4017/4009 2685/5007/4999 5349/4997/4989
f 1462/4566/4558 251/3054/3046 1837/1757/1749
f 251/3054/3046 5244/3057/3049 5079/1278/1270
f 1835/612/604 3831/3786/3778 1838/5008/5000
f 1835/612/604 5265/4246/4238 4159/5003/4995
f 1836/5005/4997 1839/5009/5001 4054/5010/5002
f 4054/5010/5002 5487/5011/5003 2333/5012/5004
f 798/3254/3246 1840/2520/2512 694/1526/1518
f 917/3554/3546 694/1526/1518 3874/3555/3547
f 143/489/481 5659/2571/2563 1841/2573/2565
f 2014/2330/2322 143/489/481 5125/5013/5005
f 1845/5014/5006 4461/5015/5007 4982/5016/5008
f 4570/5017/5009 2687/4016/4008 4707/5018/5010
f 3034/1333/1325 4215/3836/3828 1843/1954/1946
f 5199/1955/1947 1843/1954/1946 4973/4489/4481
f 5457/1536/1528 1844/1538/1530 4778/2546/2538
f 310/4421/4413 3672/1539/1531 5462/5019/5011
f 4461/5015/5007 1845/5014/5006 3575/5020/5012
f 5492/5021/5013 5486/1903/1895 1842/4292/4284
f 1648/4823/4815 280/90/82 1846/4778/4770
f 280/90/82 3882/565/557 4544/564/556
f 3661/5022/5014 623/2309/2301 1847/5023/5015
f 1845/5014/5006 5492/5021/5013 1842/4292/4284
f 4982/5016/5008 5492/5021/5013 1845/5014/5006
f 4445/1736/1728 1849/2761/2753 4692/2760/2752
f 1849/2761/2753 353/5024/5016 3091/1727/1719
f 4455/4037/4029 1154/4033/4025 1146/1133/1125
f 4455/4037/4029 1146/1133/1125 2278/1135/1127
f 3241/4975/4967 1851/2116/2108 2078/3692/3684
f 1851/2116/2108 628/4008/4000 2452/4009/4001
f 934/1119/1111 3754/1121/1113 1852/2644/2636
f 4665/696/688 217/1102/1094 1852/2644/2636
f 1853/3714/3706 2273/5025/5017 2717/3722/3714
f 1857/1761/1753 2273/5025/5017 1853/3714/3706
f 1858/5026/5018 5619/5027/5019 1854/264/256
f 1470/4579/4571 1854/264/256 5619/5027/5019
f 2985/5028/5020 1312/4347/4339 4493/3664/3656
f 2082/5029/5021 4493/3664/3656 1312/4347/4339
f 233/4075/4067 5707/5030/5022 1856/85/77
f 1433/4299/4291 3416/4522/4514 955/4300/4292
f 5810/1750/1742 5386/1749/1741 571/3877/3869
f 5810/1750/1742 571/3877/3869 5806/5031/5023
f 1854/264/256 55/1075/1067 1858/5026/5018
f 1153/1076/1068 2673/5032/5024 2881/3215/3207
f 727/3383/3375 1859/2292/2284 491/2271/2263
f 1859/2292/2284 4048/2291/2283 491/2271/2263
f 1860/1218/1210 2118/4146/4138 5310/5033/5025
f 1860/1218/1210 5310/5033/5025 663/3188/3180
f 5707/5030/5022 233/4075/4067 1861/3641/3633
f 5289/1206/1198 1861/3641/3633 3606/1203/1195
f 4219/5034/5026 4151/5035/5027 3540/1902/1894
f 237/5036/5028 4062/681/673 1862/1835/1827
f 1274/2805/2797 3382/5037/5029 1862/1835/1827
f 1912/5038/5030 5770/830/822 715/1597/1589
f 5766/5039/5031 1055/3013/3005 715/1597/1589
f 1864/136/128 3369/135/127 5604/2646/2638
f 3373/2282/2274 1362/2401/2393 1864/136/128
f 4283/4148/4140 131/4147/4139 645/2806/2798
f 4283/4148/4140 645/2806/2798 1862/1835/1827
f 1866/731/723 5064/1464/1456 1563/2001/1993
f 1866/731/723 1563/2001/1993 3385/729/721
f 3516/3171/3163 1833/252/244 1867/3172/3164
f 1833/252/244 2326/254/246 1867/3172/3164
f 1868/2283/2275 786/2400/2392 3373/2282/2274
f 5813/922/914 2925/3220/3212 1911/2574/2566
f 833/3362/3354 1869/246/238 1524/248/240
f 2484/3347/3339 2868/3992/3984 4401/3360/3352
f 5074/5040/5032 803/5041/5033 389/5042/5034
f 4467/4502/4494 2189/1599/1591 296/917/909
f 4972/5043/5035 1579/4733/4725 2952/2865/2857
f 4878/4346/4338 1871/1962/1954 2207/1960/1952
f 5632/5044/5036 5228/1014/1006 3684/3130/3122
f 1157/1367/1359 1872/2735/2727 4910/2714/2706
f 1157/1367/1359 3343/4046/4038 1872/2735/2727
f 3216/2607/2599 5509/1606/1598 1873/2608/2600
f 5505/3464/3456 3213/533/525 149/2606/2598
f 1874/5045/5037 92/1359/1351 265/5046/5038
f 2341/1318/1310 261/1320/1312 3320/1344/1336
f 579/918/910 1875/2590/2582 580/4909/4901
f 579/918/910 3994/915/907 1875/2590/2582
f 1880/1109/1101 201/5047/5039 1876/1105/1097
f 201/5047/5039 2354/5048/5040 5555/3397/3389
f 1877/1882/1874 4785/1928/1920 139/5049/5041
f 1877/1882/1874 139/5049/5041 3830/4589/4581
f 3786/1348/1340 4575/1350/1342 4654/1908/1900
f 3242/821/813 5626/820/812 399/1907/1899
f 1740/5050/5042 2024/5051/5043 1879/80/72
f 1880/1109/1101 1876/1105/1097 3077/1104/1096
f 539/2455/2447 4744/2783/2775 5652/2782/2774
f 3027/492/484 3804/491/483 5722/5052/5044
f 3271/4811/4803 2251/445/437 1636/447/439
f 1882/3944/3936 3305/3665/3657 4493/3664/3656
f 3305/3665/3657 4590/525/517 81/524/516
f 1205/4835/4827 1883/4832/4824 5787/4834/4826
f 1883/4832/4824 1886/2830/2822 2179/510/502
f 1702/596/588 1092/1275/1267 1884/597/589
f 1092/1275/1267 5796/5053/5045 4830/3916/3908
f 843/1555/1547 1885/2052/2044 1229/1556/1548
f 1885/2052/2044 843/1555/1547 2742/3371/3363
f 1205/4835/4827 1886/2830/2822 1883/4832/4824
f 652/4136/4128 4853/4137/4129 3245/819/811
f 1887/3354/3346 762/783/775 881/3355/3347
f 762/783/775 1890/3155/3147 4474/5054/5046
f 1232/5055/5047 4697/3246/3238 1888/1789/1781
f 1973/5056/5048 1232/5055/5047 1888/1789/1781
f 1889/4278/4270 3995/5057/5049 1276/3314/3306
f 5754/410/402 1893/409/401 3995/5057/5049
f 762/783/775 1887/3354/3346 1890/3155/3147
f 837/3352/3344 1890/3155/3147 1887/3354/3346
f 5219/2638/2630 5872/5058/5050 5388/2639/2631
f 3370/1165/1157 5872/5058/5050 5876/4609/4601
f 4393/1788/1780 4050/2141/2133 459/3341/3333
f 459/3341/3333 1280/1787/1779 4393/1788/1780
f 1893/409/401 409/5059/5051 5119/5060/5052
f 1893/409/401 2069/5061/5053 409/5059/5051
f 4419/3213/3205 4036/5062/5054 5042/5063/5055
f 268/1658/1650 2906/5064/5056 3666/5065/5057
f 1895/738/730 275/740/732 223/1150/1142
f 4364/3939/3931 4466/2641/2633 1891/2640/2632
f 1896/1994/1986 2467/3300/3292 4882/1234/1226
f 4882/1234/1226 5650/5066/5058 1896/1994/1986
f 1897/4241/4233 2363/3506/3498 1249/1127/1119
f 1897/4241/4233 4644/1194/1186 231/1193/1185
f 1898/2502/2494 4644/1194/1186 5890/2503/2495
f 4647/2489/2481 2431/2488/2480 219/5067/5059
f 424/1629/1621 5695/5068/5060 1899/4744/4736
f 2817/3296/3288 1896/1994/1986 5692/1996/1988
f 1187/651/643 4926/4100/4092 1900/1288/1280
f 2978/283/275 5824/5069/5061 1155/5070/5062
f 1901/2018/2010 1759/65/57 322/64/56
f 1901/2018/2010 2463/3012/3004 4340/3848/3840
f 1503/2776/2768 1902/2777/2769 1124/2765/2757
f 5326/2789/2781 5323/2788/2780 3294/5071/5063
f 1324/4352/4344 1903/4354/4346 3605/4351/4343
f 1010/2526/2518 3759/5072/5064 1324/4352/4344
f 1904/2945/2937 5229/2942/2934 2959/2949/2941
f 5346/906/898 692/905/897 4917/4694/4686
f 3759/5072/5064 1903/4354/4346 1324/4352/4344
f 519/575/567 1059/2379/2371 1906/3801/3793
f 863/2378/2370 1906/3801/3793 1059/2379/2371
f 321/436/428 1129/438/430 5099/4110/4102
f 5099/4110/4102 1192/3022/3014 321/436/428
f 556/4689/4681 2490/2517/2509 5552/5073/5065
f 756/3136/3128 4157/5074/5066 556/4689/4681
f 1909/920/912 5056/4212/4204 5570/921/913
f 1133/3503/3495 5056/4212/4204 1909/920/912
f 1910/2496/2488 674/2014/2006 864/5075/5067
f 2490/2517/2509 1910/2496/2488 5552/5073/5065
f 896/3502/3494 1911/2574/2566 5088/3219/3211
f 1911/2574/2566 896/3502/3494 1909/920/912
f 715/1597/1589 4668/1596/1588 1912/5038/5030
f 194/3276/3268 326/1608/1600 2984/1607/1599
f 4862/3306/3298 1913/1915/1907 2763/3305/3297
f 1741/3307/3299 1913/1915/1907 4863/4913/4905
f 1381/1920/1912 4129/5076/5068 1914/2004/1996
f 4334/1980/1972 5747/1979/1971 3591/2134/2126
f 5201/1621/1613 1915/601/593 4427/2223/2215
f 4430/5077/5069 2059/4411/4403 1354/898/890
f 1916/5078/5070 3387/3398/3390 1699/4877/4869
f 72/629/621 3383/4014/4006 5195/627/619
f 3487/5079/5071 2353/1244/1236 1917/5080/5072
f 2268/4028/4020 190/991/983 4218/5081/5073
f 554/2501/2493 2573/646/638 3443/4391/4383
f 24/1974/1966 800/3260/3252 5165/5082/5074
f 1919/3026/3018 2855/2054/2046 720/3024/3016
f 1250/2848/2840 5802/4242/4234 1919/3026/3018
f 869/1207/1199 1920/5083/5075 1595/2929/2921
f 869/1207/1199 3166/3202/3194 5846/3201/3193
f 5606/1497/1489 3383/4014/4006 1921/1665/1657
f 1916/5078/5070 1699/4877/4869 4124/4879/4871
f 2946/4331/4323 1922/2575/2567 107/3434/3426
f 341/31/23 4933/2190/2182 574/318/310
f 1923/1223/1215 1196/240/232 3544/5084/5076
f 3407/1584/1576 3539/1876/1868 1164/5085/5077
f 1924/5086/5078 4124/4879/4871 1337/4878/4870
f 2991/2129/2121 1924/5086/5078 1928/1666/1658
f 512/1558/1550 3561/5087/5079 1925/1559/1551
f 5808/5088/5080 3561/5087/5079 3590/1714/1706
f 3737/302/294 1926/301/293 61/1626/1618
f 1930/2312/2304 4657/577/569 448/2313/2305
f 1241/2901/2893 1927/5089/5081 3615/4317/4309
f 1933/1103/1095 4150/2888/2880 2986/1101/1093
f 2308/1667/1659 1928/1666/1658 1337/4878/4870
f 1928/1666/1658 1924/5086/5078 1337/4878/4870
f 958/3636/3628 1929/514/506 188/2745/2737
f 188/2745/2737 1929/514/506 4341/98/90
f 61/1626/1618 1926/301/293 1930/2312/2304
f 4160/811/803 61/1626/1618 2929/812/804
f 3565/4256/4248 512/1558/1550 1263/4254/4246
f 3561/5087/5079 512/1558/1550 3565/4256/4248
f 1291/2243/2235 1357/2260/2252 1932/4417/4409
f 3655/2277/2269 484/2242/2234 1932/4417/4409
f 1933/1103/1095 217/1102/1094 4867/2642/2634
f 4150/2888/2880 1933/1103/1095 3615/4317/4309
f 1934/2383/2375 992/1579/1571 2608/1441/1433
f 992/1579/1571 1934/2383/2375 3132/3718/3710
f 1935/1074/1066 3066/1184/1176 55/1075/1067
f 4506/5090/5082 4503/1968/1960 33/1970/1962
f 4506/5090/5082 1936/1186/1178 4503/1968/1960
f 1548/1967/1959 3410/4680/4672 5587/4309/4301
f 1937/178/170 763/3161/3153 3131/2030/2022
f 1937/178/170 2619/4714/4706 763/3161/3153
f 1938/5091/5083 1223/4178/4170 938/61/53
f 1723/1045/1037 5093/1044/1036 938/61/53
f 1939/1187/1179 1935/1074/1066 4156/5092/5084
f 1936/1186/1178 4506/5090/5082 1939/1187/1179
f 153/802/794 1179/381/373 1940/804/796
f 153/802/794 1940/804/796 1003/3741/3733
f 660/679/671 1941/2847/2839 1275/2839/2831
f 2066/1661/1653 1941/2847/2839 660/679/671
f 538/2451/2443 2257/5093/5085 2539/5094/5086
f 3965/5095/5087 1947/5096/5088 3970/4433/4425
f 1943/1262/1254 4790/5097/5089 3135/5098/5090
f 1943/1262/1254 2161/5099/5091 4790/5097/5089
f 850/323/315 1944/266/258 3348/321/313
f 1944/266/258 4156/5092/5084 4362/3385/3377
f 3753/1999/1991 1945/1717/1709 1063/3860/3852
f 5737/426/418 3590/1714/1706 698/424/416
f 1946/116/108 1347/4398/4390 750/4401/4393
f 1946/116/108 3969/4576/4568 748/3121/3113
f 1374/4434/4426 3970/4433/4425 1947/5096/5088
f 2546/3339/3331 4614/3338/3330 3234/5100/5092
f 3916/3733/3725 998/3739/3731 1948/3738/3730
f 4335/4861/4853 5363/5101/5093 4977/3734/3726
f 4357/4737/4729 1949/4739/4731 5488/5102/5094
f 4364/3939/3931 1104/1151/1143 1950/3940/3932
f 2939/1938/1930 4686/2476/2468 1104/1151/1143
f 3236/175/167 3033/5103/5095 1951/1691/1683
f 3033/5103/5095 4696/1007/999 2403/1006/998
f 998/3739/3731 1952/1602/1594 2921/4838/4830
f 3916/3733/3725 1952/1602/1594 998/3739/3731
f 3234/5100/5092 1953/5104/5096 677/5105/5097
f 3965/5095/5087 1953/5104/5096 3234/5100/5092
f 1773/2173/2165 3716/4237/4229 1954/2174/2166
f 2357/515/507 1246/4235/4227 1255/3764/3756
f 4464/5106/5098 148/5107/5099 1955/5108/5100
f 4787/103/95 1955/5108/5100 148/5107/5099
f 1956/2736/2728 622/2717/2709 1369/2716/2708
f 622/2717/2709 1956/2736/2728 3264/3135/3127
f 3168/3899/3891 1957/5109/5101 1081/174/166
f 1955/5108/5100 1081/174/166 1957/5109/5101
f 2420/4095/4087 1958/4847/4839 4905/3615/3607
f 4599/2447/2439 3287/3613/3605 4905/3615/3607
f 1959/1040/1032 3941/4480/4472 1018/4468/4460
f 1959/1040/1032 3938/3822/3814 746/4484/4476
f 4014/415/407 2791/417/409 1960/2586/2578
f 1960/2586/2578 5228/1014/1006 3133/1013/1005
f 4858/2869/2861 1961/826/818 666/1353/1345
f 1961/826/818 267/1351/1343 666/1353/1345
f 4301/2255/2247 4230/4345/4337 2781/5110/5102
f 1049/3828/3820 2781/5110/5102 3554/3829/3821
f 314/2157/2149 1963/4554/4546 463/3985/3977
f 1963/4554/4546 3538/3989/3981 3030/2159/2151
f 3532/593/585 186/592/584 1964/957/949
f 1964/957/949 186/592/584 1970/970/962
f 1965/2890/2882 5541/1011/1003 5811/2889/2881
f 235/828/820 2289/2891/2883 1965/2890/2882
f 1966/3363/3355 3730/1172/1164 840/1225/1217
f 3727/5111/5103 1966/3363/3355 2957/5112/5104
f 1967/1167/1159 2960/5113/5105 1960/2586/2578
f 1967/1167/1159 43/1169/1161 2960/5113/5105
f 2754/4520/4512 1968/4519/4511 1096/2915/2907
f 5259/3925/3917 3286/3928/3920 2948/3930/3922
f 4738/5114/5106 4457/3036/3028 2510/3038/3030
f 532/1733/1725 1969/2430/2422 588/1734/1726
f 3777/1062/1054 2698/716/708 3978/1735/1727
f 1271/2799/2791 1970/970/962 4889/2796/2788
f 1970/970/962 1271/2799/2791 4224/2910/2902
f 1542/3018/3010 1971/5115/5107 5029/4672/4664
f 4259/2794/2786 717/4427/4419 4820/2792/2784
f 3033/5103/5095 3828/5116/5108 4696/1007/999
f 3819/5117/5109 4787/103/95 949/102/94
f 1022/537/529 4732/4206/4198 1973/5056/5048
f 3246/5118/5110 3297/3783/3775 4443/3782/3774
f 3010/4798/4790 666/1353/1345 5316/2868/2860
f 5194/1623/1615 5450/1622/1614 1627/3278/3270
f 1673/2913/2905 1975/2154/2146 682/2912/2904
f 5648/1018/1010 1978/5119/5111 3817/3549/3541
f 78/357/349 3972/5120/5112 939/1743/1735
f 78/357/349 338/356/348 5024/165/157
f 3975/5121/5113 2278/1135/1127 1977/1134/1126
f 1977/1134/1126 4566/4248/4240 2654/5122/5114
f 682/2912/2904 1975/2154/2146 1978/5119/5111
f 4789/1020/1012 2215/1921/1913 682/2912/2904
f 3474/3559/3551 1979/3558/3550 1216/3556/3548
f 4501/4149/4141 1979/3558/3550 1212/4150/4142
f 211/2432/2424 1980/1091/1083 3249/1090/1082
f 5027/2440/2432 211/2432/2424 535/2439/2431
f 1981/4509/4501 1677/4511/4503 5518/485/477
f 16/5123/5115 923/5124/5116 1981/4509/4501
f 889/5125/5117 3452/4996/4988 3068/4995/4987
f 5331/5126/5118 5325/4055/4047 5447/4054/4046
f 1687/4753/4745 1983/3372/3364 563/4866/4858
f 4180/753/745 4959/2128/2120 2571/754/746
f 3809/5127/5119 5775/4296/4288 372/3650/3642
f 965/1807/1799 3809/5127/5119 4746/5128/5120
f 1985/4231/4223 596/1149/1141 1244/4238/4230
f 4909/2225/2217 3307/2224/2216 1244/4238/4230
f 4726/4310/4302 725/3039/3031 4728/4607/4599
f 274/545/537 4728/4607/4599 725/3039/3031
f 1987/1718/1710 895/4933/4925 346/4938/4930
f 1987/1718/1710 5034/5129/5121 2688/1719/1711
f 1988/1627/1619 61/1626/1618 4160/811/803
f 1988/1627/1619 4160/811/803 3879/4116/4108
f 1989/3440/3432 5758/5130/5122 4779/1048/1040
f 872/5131/5123 1989/3440/3432 2732/845/837
f 1990/4904/4896 1237/1754/1746 3677/4221/4213
f 1237/1754/1746 1993/282/274 3072/284/276
f 5233/2137/2129 106/5132/5124 1991/1198/1190
f 5233/2137/2129 1991/1198/1190 5841/3147/3139
f 131/4147/4139 3722/5133/5125 645/2806/2798
f 131/4147/4139 1210/1836/1828 3557/5134/5126
f 1993/282/274 1237/1754/1746 1990/4904/4896
f 4483/360/352 1990/4904/4896 5202/358/350
f 1476/4186/4178 564/2543/2535 1994/2528/2520
f 4306/1794/1786 564/2543/2535 2487/2536/2528
f 1995/3698/3690 302/1509/1501 2266/274/266
f 5353/3144/3136 2796/3142/3134 5624/3145/3137
f 797/5135/5127 3390/3252/3244 1996/3239/3231
f 797/5135/5127 1996/3239/3231 246/3225/3217
f 119/1995/1987 5653/2233/2225 5679/1997/1989
f 119/1995/1987 1896/1994/1986 5650/5066/5058
f 631/2180/2172 469/183/175 1998/2766/2758
f 631/2180/2172 1998/2766/2758 2641/3569/3561
f 379/4093/4085 1999/2802/2794 3092/2548/2540
f 4780/5136/5128 4176/5137/5129 2046/1837/1829
f 3079/4106/4098 2000/1933/1925 2002/4105/4097
f 1185/5138/5130 5415/1931/1923 2000/1933/1925
f 124/2096/2088 2001/2115/2107 2492/1775/1767
f 124/2096/2088 1781/1975/1967 2901/4957/4949
f 2002/4105/4097 1189/706/698 407/2236/2228
f 1189/706/698 2002/4105/4097 2938/707/699
f 3118/517/509 1456/516/508 2003/4555/4547
f 2003/4555/4547 1456/516/508 1461/2880/2872
f 1323/1609/1601 2004/1619/1611 807/4173/4165
f 807/4173/4165 3982/3277/3269 1221/3279/3271
f 281/1415/1407 2005/1453/1445 361/1766/1758
f 4620/4091/4083 2005/1453/1445 281/1415/1407
f 4795/5139/5131 2063/4058/4050 5573/4057/4049
f 2008/1530/1522 308/1529/1521 4808/5140/5132
f 196/4443/4435 5765/4445/4437 4040/4444/4436
f 3852/718/710 5765/4445/4437 196/4443/4435
f 2008/1530/1522 4805/5141/5133 5573/4057/4049
f 2006/2938/2930 5266/295/287 3682/2818/2810
f 3928/3230/3222 164/1891/1883 2009/861/853
f 789/1180/1172 3073/662/654 5155/1178/1170
f 2010/2162/2154 1714/2150/2142 464/2670/2662
f 464/2670/2662 3685/2164/2156 4826/2163/2155
f 5181/1241/1233 2011/4498/4490 3545/4496/4488
f 5738/5142/5134 1419/3811/3803 5131/422/414
f 3140/5143/5135 3671/5144/5136 122/2130/2122
f 122/2130/2122 3671/5144/5136 4611/3482/3474
f 1068/891/883 3227/2675/2667 2013/3874/3866
f 5510/3868/3860 2769/3867/3859 1068/891/883
f 2670/5145/5137 2014/2330/2322 5125/5013/5005
f 3124/2341/2333 2670/5145/5137 1128/2342/2334
f 1881/5146/5138 2017/1823/1815 2015/5147/5139
f 3139/446/438 4851/528/520 506/588/580
f 249/852/844 2016/2980/2972 3999/1131/1123
f 2394/5148/5140 249/852/844 2020/851/843
f 2015/5147/5139 2017/1823/1815 3651/5149/5141
f 3651/5149/5141 2017/1823/1815 3656/1822/1814
f 2198/4466/4458 5203/5150/5142 2018/4467/4459
f 1397/4322/4314 1302/2816/2808 5345/2820/2812
f 249/852/844 2394/5148/5140 2016/2980/2972
f 5466/4497/4489 3545/4496/4488 2394/5148/5140
f 2020/851/843 4070/1540/1532 244/3199/3191
f 244/3199/3191 4850/3198/3190 2020/851/843
f 338/356/348 5701/848/840 2021/5151/5143
f 5748/1001/993 2631/1000/992 3552/166/158
f 512/1558/1550 2022/1557/1549 4186/4255/4247
f 3160/3388/3380 851/3387/3379 2022/1557/1549
f 4830/3916/3908 5796/5053/5045 2023/2248/2240
f 2023/2248/2240 5796/5053/5045 4414/5152/5144
f 3046/5153/5145 4053/5154/5146 5332/5155/5147
f 5332/5155/5147 4053/5154/5146 2333/5012/5004
f 2863/2951/2943 917/3554/3546 2025/535/527
f 1565/1798/1790 2025/535/527 3246/5118/5110
f 514/1195/1187 2026/2354/2346 1086/2353/2345
f 1803/3507/3499 4507/2355/2347 514/1195/1187
f 1879/80/72 2027/1963/1955 1740/5050/5042
f 1445/4543/4535 2030/5156/5148 5719/4544/4536
f 290/1471/1463 2028/1456/1448 1605/2410/2402
f 3335/1470/1462 2031/3745/3737 290/1471/1463
f 2029/1347/1339 4536/5157/5149 5673/1801/1793
f 1331/4367/4359 4536/5157/5149 2029/1347/1339
f 5719/4544/4536 2030/5156/5148 5721/5158/5150
f 4317/5159/5151 4315/36/28 4313/38/30
f 2031/3745/3737 1008/1430/1422 2028/1456/1448
f 2028/1456/1448 290/1471/1463 2031/3745/3737
f 2032/3044/3036 727/3383/3375 2736/595/587
f 727/3383/3375 2032/3044/3036 1859/2292/2284
f 2034/4324/4316 4391/4323/4315 791/348/340
f 2034/4324/4316 5100/4665/4657 5803/4955/4947
f 1134/5160/5152 838/3998/3990 2035/550/542
f 1093/3359/3351 1134/5160/5152 2035/550/542
f 2036/3543/3535 4549/3531/3523 1718/4899/4891
f 4549/3531/3523 5619/5027/5019 1858/5026/5018
f 2425/2070/2062 2037/4712/4704 5148/2071/2063
f 2037/4712/4704 1567/100/92 4893/5161/5153
f 5621/1515/1507 2038/1514/1506 2044/4949/4941
f 2044/4949/4941 3413/1518/1510 1769/4085/4077
f 567/2286/2278 4508/3785/3777 3411/3784/3776
f 3836/5162/5154 2805/1073/1065 5743/5163/5155
f 5400/5164/5156 2040/255/247 2254/2746/2738
f 242/256/248 2040/255/247 5400/5164/5156
f 5682/5165/5157 2064/1499/1491 2314/1516/1508
f 152/5166/5158 5682/5165/5157 4064/434/426
f 1499/2210/2202 1600/2209/2201 2042/3436/3428
f 4758/3445/3437 2509/5167/5159 1499/2210/2202
f 5792/2874/2866 2043/1500/1492 304/2872/2864
f 5621/1515/1507 2044/4949/4941 2043/1500/1492
f 1765/4082/4074 304/2872/2864 2044/4949/4941
f 304/2872/2864 2043/1500/1492 2044/4949/4941
f 1950/3940/3932 2797/2474/2466 2045/739/731
f 4060/3065/3057 853/3393/3385 5672/900/892
f 657/2841/2833 2046/1837/1829 5463/5168/5160
f 3430/4373/4365 2046/1837/1829 2768/4372/4364
f 5507/5169/5161 681/1725/1717 995/5170/5162
f 1793/2906/2898 681/1725/1717 3481/4168/4160
f 269/2368/2360 517/2365/2357 2048/2835/2827
f 3170/4731/4723 269/2368/2360 3933/4732/4724
f 2049/2800/2792 3207/2549/2541 1999/2802/2794
f 4671/1844/1836 4674/5171/5163 4780/5136/5128
f 2847/5172/5164 2050/2276/2268 3902/5173/5165
f 4543/2259/2251 2050/2276/2268 1357/2260/2252
f 2051/2064/2056 719/1624/1616 1035/2065/2057
f 3093/4273/4265 719/1624/1616 2051/2064/2056
f 2052/5174/5166 5752/2258/2250 906/2290/2282
f 3902/5173/5165 2050/2276/2268 3905/5175/5167
f 963/1485/1477 4266/4728/4720 2053/3669/3661
f 963/1485/1477 2053/3669/3661 2599/3667/3659
f 907/4071/4063 4884/3536/3528 5608/3538/3530
f 2055/4970/4962 3526/624/616 3797/4969/4961
f 3314/566/558 3773/4473/4465 110/4472/4464
f 3971/1361/1353 4487/3384/3376 2056/1713/1705
f 849/772/764 2056/1713/1705 5199/1955/1947
f 642/1857/1849 2057/822/814 2060/3330/3322
f 2060/3330/3322 2057/822/814 826/824/816
f 972/1081/1073 2058/1189/1181 978/1191/1183
f 4211/3680/3672 4776/4669/4661 2556/4668/4660
f 4430/5077/5069 1915/601/593 2059/4411/4403
f 4371/603/595 2059/4411/4403 1915/601/593
f 2764/973/965 2360/366/358 3375/2798/2790
f 821/3315/3307 2480/3308/3300 2764/973/965
f 5524/2648/2640 945/219/211 2061/3617/3609
f 945/219/211 2896/2460/2452 2061/3617/3609
f 4439/2665/2657 147/3235/3227 1708/2666/2658
f 3542/369/361 2879/3234/3226 147/3235/3227
f 2063/4058/4050 3261/5176/5168 1165/4059/4051
f 3601/2941/2933 175/2940/2932 3261/5176/5168
f 5063/5177/5169 2064/1499/1491 5273/3151/3143
f 5682/5165/5157 152/5166/5158 2064/1499/1491
f 4496/561/553 2588/2797/2789 109/562/554
f 2691/1848/1840 109/562/554 5447/4054/4046
f 990/4462/4454 1395/2046/2038 2066/1661/1653
f 1941/2847/2839 2066/1661/1653 1395/2046/2038
f 733/3063/3055 729/3062/3054 2068/896/888
f 4766/5178/5170 1099/2155/2147 4333/5179/5171
f 2069/5061/5053 3851/5180/5172 5014/4652/4644
f 2077/5181/5173 4663/5182/5174 3851/5180/5172
f 3846/4190/4182 1227/1023/1015 403/5183/5175
f 2822/341/333 3459/340/332 4698/5184/5176
f 3417/3335/3327 2071/2131/2123 4945/4659/4651
f 930/3587/3579 2071/2131/2123 3417/3335/3327
f 934/1119/1111 5287/4493/4485 4912/1492/1484
f 5287/4493/4485 934/1119/1111 3707/2643/2635
f 869/1207/1199 3162/1209/1201 2073/5185/5177
f 1991/1198/1190 4262/3149/3141 5256/5186/5178
f 2069/5061/5053 1893/409/401 2074/1937/1929
f 2069/5061/5053 2077/5181/5173 3851/5180/5172
f 4253/4655/4647 278/1392/1384 2075/2228/2220
f 3397/4956/4948 278/1392/1384 4447/2658/2650
f 4462/2020/2012 1603/5187/5179 2076/2021/2013
f 4043/4768/4760 1603/5187/5179 2578/4766/4758
f 2077/5181/5173 2074/1937/1929 4663/5182/5174
f 2077/5181/5173 2069/5061/5053 2074/1937/1929
f 2078/3692/3684 4870/4404/4396 166/538/530
f 2078/3692/3684 166/538/530 2366/4976/4968
f 4130/2188/2180 4709/5188/5180 4133/3773/3765
f 467/775/767 3189/2060/2052 4918/776/768
f 2080/2917/2909 4300/5189/5181 685/805/797
f 1434/3232/3224 3471/4524/4516 685/805/797
f 1236/4143/4135 2081/2861/2853 1208/4141/4133
f 5421/5190/5182 4225/5191/5183 2905/2863/2855
f 2082/5029/5021 962/403/395 4493/3664/3656
f 3433/2559/2551 5452/4456/4448 4723/2560/2552
f 5589/3979/3971 2083/3978/3970 1902/2777/2769
f 1902/2777/2769 2083/3978/3970 3294/5071/5063
f 1208/4141/4133 2084/1126/1118 3563/4140/4132
f 5564/5192/5184 1208/4141/4133 5715/5193/5185
f 333/1647/1639 2085/1991/1983 961/3658/3650
f 2085/1991/1983 333/1647/1639 3780/1992/1984
f 2086/3995/3987 4431/3996/3988 94/748/740
f 94/748/740 1136/2329/2321 2086/3995/3987
f 439/4336/4328 2087/3598/3590 5880/5194/5186
f 2087/3598/3590 3328/2593/2585 5545/2592/2584
f 2085/1991/1983 2088/1993/1985 961/3658/3650
f 3114/3651/3643 4685/221/213 468/220/212
f 2089/1653/1645 2739/66/58 335/68/60
f 2089/1653/1645 335/68/60 5638/5195/5187
f 3425/1773/1765 2091/4006/3998 4396/4065/4057
f 4396/4065/4057 2590/5196/5188 1169/2114/2106
f 2354/5048/5040 201/5047/5039 2092/3394/3386
f 4481/1108/1100 201/5047/5039 1880/1109/1101
f 4725/3881/3873 2094/373/365 4272/375/367
f 2094/373/365 4725/3881/3873 1073/1567/1559
f 4437/4831/4823 1655/2083/2075 2095/723/715
f 2093/725/717 4994/724/716 4991/798/790
f 2099/2251/2243 4565/2082/2074 486/5197/5189
f 2097/76/68 4976/5198/5190 5885/77/69
f 3642/3918/3910 4976/5198/5190 2097/76/68
f 2098/2211/2203 5511/2213/2205 4163/2480/2472
f 5809/5199/5191 4983/4425/4417 1122/557/549
f 2095/723/715 2099/2251/2243 2096/5200/5192
f 486/5197/5189 2096/5200/5192 2099/2251/2243
f 3849/1783/1775 460/4182/4174 2100/693/685
f 5497/2142/2134 3472/691/683 2100/693/685
f 5146/5201/5193 4847/673/665 2101/5202/5194
f 5315/5203/5195 3462/5204/5196 3466/5205/5197
f 3347/3562/3554 1062/1690/1682 2102/3858/3850
f 4957/5206/5198 1062/1690/1682 1515/1689/1681
f 2103/5207/5199 2101/5202/5194 83/4793/4785
f 2505/711/703 2103/5207/5199 83/4793/4785
f 2104/3914/3906 156/2808/2800 646/2810/2802
f 4754/3590/3582 2840/1450/1442 2838/3591/3583
f 5843/5208/5200 2105/2047/2039 2456/2598/2590
f 3226/2055/2047 74/2042/2034 1559/2044/2036
f 2106/4015/4007 132/4002/3994 1137/4003/3995
f 2106/4015/4007 5195/627/619 5605/4013/4005
f 3902/5173/5165 2107/213/205 5204/5209/5201
f 2107/213/205 1342/529/521 5204/5209/5201
f 132/4002/3994 2108/5210/5202 2802/1496/1488
f 2108/5210/5202 132/4002/3994 2106/4015/4007
f 1342/529/521 2107/213/205 3035/2659/2651
f 3648/4536/4528 1342/529/521 3035/2659/2651
f 592/1830/1822 5677/4577/4569 2110/2625/2617
f 2802/1496/1488 2110/2625/2617 5223/1495/1487
f 777/1913/1905 260/3195/3187 2111/1914/1906
f 260/3195/3187 1729/1313/1305 4652/4476/4468
f 4892/3631/3623 2112/2061/2053 5779/3632/3624
f 5880/5194/5186 2087/3598/3590 4896/3599/3591
f 987/2085/2077 2113/1760/1752 1853/3714/3706
f 2113/1760/1752 987/2085/2077 360/2084/2076
f 4748/5211/5203 2114/1598/1590 2521/4985/4977
f 2114/1598/1590 4748/5211/5203 296/917/909
f 3755/5212/5204 3021/5213/5205 4368/5214/5206
f 404/4859/4851 5149/3047/3039 2115/3048/3040
f 404/4859/4851 2115/3048/3040 4077/4507/4499
f 3672/1539/1531 2116/4424/4416 5462/5019/5011
f 1365/191/183 2116/4424/4416 5016/192/184
f 2848/1818/1810 5525/5215/5207 2117/3088/3080
f 4368/5214/5206 2121/5216/5208 3518/5217/5209
f 3722/5133/5125 131/4147/4139 3557/5134/5126
f 1860/1218/1210 1992/1217/1209 3557/5134/5126
f 4290/278/270 22/277/269 2119/3710/3702
f 22/277/269 4238/2348/2340 4232/3702/3694
f 5286/5218/5210 2120/2449/2441 3752/1478/1470
f 2124/2420/2412 4599/2447/2439 2120/2449/2441
f 2121/5216/5208 2117/3088/3080 3518/5217/5209
f 5442/5219/5211 1728/1816/1808 2117/3088/3080
f 5497/2142/2134 2122/4184/4176 3465/23/15
f 4015/5220/5212 4165/5221/5213 1375/878/870
f 403/5183/5175 1227/1023/1015 2947/3450/3442
f 3459/340/332 403/5183/5175 4698/5184/5176
f 5286/5218/5210 2124/2420/2412 2120/2449/2441
f 5075/332/324 3099/4517/4509 2124/2420/2412
f 1536/3678/3670 2125/3677/3669 967/5222/5214
f 2342/86/78 2126/1068/1060 5186/2845/2837
f 3845/876/868 4104/335/327 3822/877/869
f 5428/3796/3788 2933/2464/2456 2127/3425/3417
f 2127/3425/3417 4559/3424/3416 5428/3796/3788
f 2128/931/923 2804/2960/2952 697/4981/4973
f 2128/931/923 697/4981/4973 1807/1582/1574
f 2123/5223/5215 4698/5184/5176 403/5183/5175
f 2123/5223/5215 501/137/129 4698/5184/5176
f 4047/4707/4699 515/1772/1764 5820/4710/4702
f 5156/5224/5216 3029/5225/5217 5163/2006/1998
f 2378/1851/1843 1809/4076/4068 3691/4775/4767
f 3691/4775/4767 1608/1852/1844 2378/1851/1843
f 2681/3661/3653 569/3663/3655 2132/4332/4324
f 4097/2558/2550 4360/402/394 2133/4901/4893
f 1392/2562/2554 4097/2558/2550 2133/4901/4893
f 2133/4901/4893 722/3030/3022 1392/2562/2554
f 618/911/903 2134/5226/5218 98/909/901
f 4324/2718/2710 466/2722/2714 4192/2721/2713
f 2998/4007/3999 4383/1776/1768 4387/5227/5219
f 1138/5228/5220 3136/2434/2426 3331/286/278
f 4706/4853/4845 2703/3479/3471 1674/3481/3473
f 3390/3252/3244 2137/2396/2388 20/1249/1241
f 969/2191/2183 20/1249/1241 5168/2195/2187
f 888/5229/5221 5726/625/617 2138/454/446
f 5347/3492/3484 888/5229/5221 2138/454/446
f 857/3406/3398 1458/32/24 2139/3405/3397
f 3725/4561/4553 2139/3405/3397 1458/32/24
f 3255/4426/4418 339/1326/1318 2140/2998/2990
f 1320/1325/1317 2140/2998/2990 339/1326/1318
f 2141/2871/2863 2535/705/697 2537/2852/2844
f 5759/2235/2227 407/2236/2228 5427/5230/5222
f 5118/2415/2407 795/1435/1427 2142/1434/1426
f 291/4449/4441 4271/2428/2420 4937/5231/5223
f 709/2996/2988 2140/2998/2990 2143/1675/1667
f 2143/1675/1667 1409/1674/1666 709/2996/2988
f 5298/393/385 4783/3866/3858 5510/3868/3860
f 5862/4266/4258 487/3865/3857 4429/4265/4257
f 440/2062/2054 2145/3023/3015 1192/3022/3014
f 2145/3023/3015 3399/1566/1558 3478/1746/1738
f 5530/3513/3505 2409/3511/3503 3805/5232/5224
f 3805/5232/5224 447/2089/2081 4450/146/138
f 5309/4247/4239 1256/1796/1788 2147/1057/1049
f 5309/4247/4239 2147/1057/1049 241/2578/2570
f 1463/4563/4555 3190/5233/5225 90/5234/5226
f 2566/5235/5227 3190/5233/5225 442/474/466
f 473/1242/1234 2019/2201/2193 2149/2203/2195
f 4031/1311/1303 1658/1240/1232 473/1242/1234
f 3272/846/838 4212/2057/2049 2150/1671/1663
f 2150/1671/1663 1562/1670/1662 3272/846/838
f 3344/5236/5228 1326/3483/3475 5254/1803/1795
f 3344/5236/5228 5783/5237/5229 1326/3483/3475
f 2737/5238/5230 5800/5239/5231 5733/1305/1297
f 2737/5238/5230 2904/1323/1315 5800/5239/5231
f 2153/2452/2444 1344/3740/3732 1002/1293/1285
f 2153/2452/2444 538/2451/2443 2539/5094/5086
f 2154/2117/2109 1452/2753/2745 3500/3597/3589
f 3511/578/570 1160/580/572 3042/4402/4394
f 2153/2452/2444 2539/5094/5086 1344/3740/3732
f 2539/5094/5086 4977/3734/3726 1344/3740/3732
f 4281/1812/1804 2156/5240/5232 905/1590/1582
f 3923/1196/1188 3002/3509/3501 3919/3521/3513
f 4696/1007/999 2157/2098/2090 1607/1005/997
f 1607/1005/997 2157/2098/2090 17/2711/2703
f 714/2027/2019 5085/1981/1973 2158/3011/3003
f 296/917/909 5198/2979/2971 711/4503/4495
f 905/1590/1582 2159/3510/3502 3910/1588/1580
f 3919/3521/3513 905/1590/1582 2156/5240/5232
f 3273/3794/3786 2160/519/511 1024/521/513
f 5557/2140/2132 2160/519/511 2163/4063/4055
f 129/4535/4527 1440/43/35 2161/5099/5091
f 3494/42/34 2161/5099/5091 1440/43/35
f 1707/2012/2004 2162/895/887 4514/4889/4881
f 5257/2495/2487 1510/2497/2489 5263/4632/4624
f 1027/968/960 2163/4063/4055 185/3793/3785
f 2671/967/959 2163/4063/4055 1027/968/960
f 1362/2401/2393 4588/2402/2394 2164/4419/4411
f 2166/2284/2276 1864/136/128 1362/2401/2393
f 5597/5241/5233 2165/238/230 2865/237/229
f 1519/5242/5234 2438/5243/5235 3976/3721/3713
f 2166/2284/2276 1362/2401/2393 2164/4419/4411
f 2166/2284/2276 2164/4419/4411 5142/4616/4608
f 5067/78/70 1879/80/72 2024/5051/5043
f 5332/5155/5147 2333/5012/5004 2335/5244/5236
f 1301/4311/4303 5144/4617/4609 2168/1388/1380
f 1301/4311/4303 2168/1388/1380 3362/4312/4304
f 350/1724/1716 2169/4874/4866 3219/2067/2059
f 2169/4874/4866 350/1724/1716 991/4872/4864
f 5222/5245/5237 2170/45/37 679/5246/5238
f 5365/4972/4964 4791/117/109 4794/4973/4965
f 5578/338/330 3186/1404/1396 67/1403/1395
f 3186/1404/1396 5578/338/330 2684/337/329
f 2944/3749/3741 559/3752/3744 2172/1888/1880
f 177/4630/4622 2172/1888/1880 559/3752/3744
f 878/3447/3439 2173/3454/3446 5305/3453/3445
f 4115/3448/3440 3222/205/197 878/3447/3439
f 2586/4631/4623 2174/1884/1876 3548/1883/1875
f 2586/4631/4623 5001/3753/3745 3603/5247/5239
f 2175/3927/3919 4724/722/714 1099/2155/2147
f 4721/1909/1901 886/1911/1903 67/1403/1395
f 1241/2901/2893 4469/2886/2878 4666/2885/2877
f 1241/2901/2893 4666/2885/2877 1927/5089/5081
f 2569/3757/3749 1361/3965/3957 2177/3758/3750
f 1361/3965/3957 1932/4417/4409 3004/4418/4410
f 2178/4422/4414 4965/209/201 1422/4423/4415
f 5462/5019/5011 2116/4424/4416 3505/5248/5240
f 2179/510/502 5521/509/501 690/866/858
f 1883/4832/4824 2179/510/502 3447/5249/5241
f 1280/1787/1779 3831/3786/3778 1024/521/513
f 3831/3786/3778 3273/3794/3786 1024/521/513
f 1700/3168/3160 2182/4340/4332 2992/4339/4331
f 487/3865/3857 2182/4340/4332 1700/3168/3160
f 2186/5250/5242 174/541/533 2183/1056/1048
f 3126/1576/1568 2183/1056/1048 174/541/533
f 1085/621/613 2184/416/408 5387/3913/3905
f 1085/621/613 1706/620/612 2184/416/408
f 2185/3528/3520 676/3901/3893 1770/3900/3892
f 908/1078/1070 676/3901/3893 2185/3528/3520
f 500/1055/1047 2186/5250/5242 2183/1056/1048
f 5340/316/308 5523/2668/2660 464/2670/2662
f 489/1036/1028 2187/938/930 2512/4355/4347
f 2187/938/930 1460/3163/3155 707/3896/3888
f 1108/4488/4480 1411/4487/4479 4398/4836/4828
f 4398/4836/4828 4120/1332/1324 1657/1334/1326
f 2189/1599/1591 4972/5043/5035 1421/1050/1042
f 1421/1050/1042 1671/263/255 2189/1599/1591
f 2596/2831/2823 2190/484/476 4138/609/601
f 2190/484/476 651/5251/5243 2997/1768/1760
f 2191/3429/3421 3005/692/684 3472/691/683
f 865/3422/3414 2191/3429/3421 3468/2335/2327
f 1076/5252/5244 2193/5253/5245 674/2014/2006
f 674/2014/2006 2193/5253/5245 864/5075/5067
f 2310/5254/5246 222/850/842 1004/1145/1137
f 5547/3318/3310 823/1147/1139 2310/5254/5246
f 5536/5255/5247 2194/4549/4541 3663/4550/4542
f 2500/5256/5248 2100/693/685 3461/3431/3423
f 5795/39/31 3262/41/33 1010/2526/2518
f 5001/3753/3745 1010/2526/2518 3605/4351/4343
f 81/524/516 2184/416/408 2196/5257/5249
f 2196/5257/5249 195/1015/1007 81/524/516
f 1451/2374/2366 2194/4549/4541 5574/3423/3415
f 4016/1480/1472 1451/2374/2366 5574/3423/3415
f 3106/5258/5250 2198/4466/4458 1391/1355/1347
f 2996/3212/3204 1391/1355/1347 2198/4466/4458
f 2199/2895/2887 3567/4437/4429 4205/2893/2885
f 5878/4946/4938 4622/5259/5251 5023/5260/5252
f 2200/1569/1561 1563/2001/1993 587/374/366
f 587/374/366 2094/373/365 2200/1569/1561
f 3757/2859/2851 2201/4284/4276 3378/4274/4266
f 4027/5261/5253 3378/4274/4266 2201/4284/4276
f 2202/1948/1940 3216/2607/2599 325/764/756
f 2202/1948/1940 325/764/756 411/763/755
f 3522/2602/2594 2580/2604/2596 2203/4252/4244
f 2203/4252/4244 584/2599/2591 2967/2601/2593
f 2204/2327/2319 516/1094/1086 3711/1093/1085
f 3711/1093/1085 2698/716/708 3987/309/301
f 2203/4252/4244 2580/2604/2596 584/2599/2591
f 1046/980/972 1173/4983/4975 2206/981/973
f 1173/4983/4975 3154/4441/4433 3981/4440/4432
f 414/4822/4814 50/401/393 3690/5262/5254
f 3684/3130/3122 414/4822/4814 5635/5263/5255
f 2208/3691/3683 2214/3690/3682 1623/3621/3613
f 1623/3621/3613 3281/3638/3630 2208/3691/3683
f 4630/4850/4842 2209/2318/2310 2554/16/8
f 1009/3746/3738 2209/2318/2310 5357/2317/2309
f 4963/5264/5256 974/618/610 2214/3690/3682
f 4372/5265/5257 974/618/610 4963/5264/5256
f 1017/829/821 4137/5266/5258 5245/3771/3763
f 326/1608/1600 2540/4270/4262 1017/829/821
f 1501/4618/4610 2212/325/317 1111/3955/3947
f 2212/325/317 4504/5267/5259 3779/326/318
f 2217/1390/1382 3967/1362/1354 2213/1391/1383
f 3963/3934/3926 3122/4313/4305 3362/4312/4304
f 2216/709/701 2214/3690/3682 948/3688/3680
f 974/618/610 948/3688/3680 2214/3690/3682
f 876/4188/4180 4454/5268/5260 4615/4189/4181
f 4454/5268/5260 2780/4990/4982 3974/4992/4984
f 5839/5269/5261 4442/3622/3614 2216/709/701
f 3151/1222/1214 1616/2205/2197 136/3639/3631
f 3643/1389/1381 1578/2834/2826 2217/1390/1382
f 2217/1390/1382 1578/2834/2826 3967/1362/1354
f 5217/5270/5262 953/2729/2721 5215/5271/5263
f 3581/3649/3641 4192/2721/2713 3576/2720/2712
f 2219/218/210 1056/1052/1044 2231/216/208
f 5713/2279/2271 2225/5272/5264 3103/5273/5265
f 2220/5274/5266 2877/5275/5267 2574/223/215
f 2220/5274/5266 2223/5276/5268 2877/5275/5267
f 3394/4287/4279 494/5277/5269 4837/4288/4280
f 4837/4288/4280 4841/3100/3092 3801/3186/3178
f 466/2722/2714 4324/2718/2710 4056/1378/1370
f 466/2722/2714 2582/1400/1392 3576/2720/2712
f 1191/1826/1818 2223/5276/5268 2220/5274/5266
f 91/1828/1820 3750/4109/4101 1191/1826/1818
f 2224/2227/2219 4253/4655/4647 2075/2228/2220
f 3376/3474/3466 420/3476/3468 2224/2227/2219
f 5713/2279/2271 774/1130/1122 2225/5272/5264
f 774/1130/1122 2221/3185/3177 2225/5272/5264
f 5027/2440/2432 455/2121/2113 1980/1091/1083
f 211/2432/2424 5027/2440/2432 1980/1091/1083
f 420/3476/3468 4253/4655/4647 2224/2227/2219
f 2229/3968/3960 420/3476/3468 4528/3970/3962
f 3103/5273/5265 2225/5272/5264 5854/5278/5270
f 2225/5272/5264 2221/3185/3177 3801/3186/3178
f 2229/3968/3960 828/3332/3324 2227/3334/3326
f 2229/3968/3960 4253/4655/4647 420/3476/3468
f 3918/947/939 56/5279/5271 3315/945/937
f 1554/4692/4684 56/5279/5271 2233/907/899
f 272/1377/1369 2231/216/208 203/1053/1045
f 272/1377/1369 1278/2623/2615 2231/216/208
f 2232/3324/3316 4573/3287/3279 1689/3286/3278
f 3206/463/455 1053/3846/3838 2232/3324/3316
f 3918/947/939 2233/907/899 56/5279/5271
f 694/1526/1518 3816/2943/2935 2230/1527/1519
f 2234/3323/3315 2232/3324/3316 1689/3286/3278
f 5051/3283/3275 5055/5280/5272 1689/3286/3278
f 4234/3025/3017 3039/2849/2841 1919/3026/3018
f 4231/4277/4269 4206/4276/4268 1275/2839/2831
f 2629/2136/2128 3588/2135/2127 2236/5281/5273
f 5174/3336/3328 5171/3594/3586 930/3587/3579
f 2955/44/36 868/1784/1776 2237/5282/5274
f 2237/5282/5274 2500/5256/5248 4737/5283/5275
f 1626/3399/3391 2238/3403/3395 255/5284/5276
f 4675/3402/3394 4071/5285/5277 2238/3403/3395
f 3709/5286/5278 1261/5287/5279 5883/5288/5280
f 2240/4228/4220 163/3517/3509 2243/5289/5281
f 4881/5290/5282 2247/1900/1892 1688/4227/4219
f 858/5291/5283 4009/4639/4631 2241/1175/1167
f 86/1173/1165 858/5291/5283 2241/1175/1167
f 5285/1205/1197 206/1742/1734 2242/1741/1733
f 5187/5292/5284 4363/2635/2627 44/2634/2626
f 2972/4803/4795 1626/3399/3391 2379/5293/5285
f 255/5284/5276 2379/5293/5285 1626/3399/3391
f 4881/5290/5282 2243/5289/5281 2247/1900/1892
f 4879/3852/3844 1828/1897/1889 4941/5294/5286
f 141/3412/3404 1494/4608/4600 2244/1166/1158
f 5087/1152/1144 2861/3050/3042 3693/1153/1145
f 4363/2635/2627 2245/5295/5287 5285/1205/1197
f 4127/5296/5288 3619/4304/4296 5187/5292/5284
f 1838/5008/5000 2246/1797/1789 1256/1796/1788
f 2602/3788/3780 1838/5008/5000 3831/3786/3778
f 2247/1900/1892 4941/5294/5286 1828/1897/1889
f 3787/1898/1890 2247/1900/1892 1828/1897/1889
f 1159/3624/3616 2252/4048/4040 118/4044/4036
f 3466/5205/5197 5105/5297/5289 4079/5298/5290
f 2245/5295/5287 595/5299/5291 2249/4301/4293
f 2249/4301/4293 595/5299/5291 1433/4299/4291
f 668/2873/2865 2250/2875/2867 297/433/425
f 4112/1550/1542 668/2873/2865 1765/4082/4074
f 1881/5146/5138 2015/5147/5139 2251/445/437
f 3804/491/483 2251/445/437 5722/5052/5044
f 5105/5297/5289 2248/186/178 4079/5298/5290
f 2248/186/178 3510/212/204 4079/5298/5290
f 1291/2243/2235 2253/4294/4286 4543/2259/2251
f 1291/2243/2235 4029/3707/3699 2253/4294/4286
f 5891/994/986 373/993/985 2774/5300/5292
f 2256/4302/4294 4125/1065/1057 1439/2421/2413
f 44/2634/2626 4127/5296/5288 5187/5292/5284
f 4962/208/200 2539/5094/5086 2257/5093/5085
f 3970/4433/4425 428/388/380 1942/390/382
f 4952/2983/2975 2258/3270/3262 4476/2984/2976
f 1176/4077/4069 138/412/404 2258/3270/3262
f 2259/1616/1608 2712/1615/1607 1570/3845/3837
f 1570/3845/3837 1053/3846/3838 2515/4718/4710
f 2260/3408/3400 560/3891/3883 1078/1176/1168
f 5395/4922/4914 2435/3499/3491 560/3891/3883
f 2261/4720/4712 1572/2073/2065 98/909/901
f 5445/544/536 98/909/901 2134/5226/5218
f 5276/4923/4915 2260/3408/3400 2262/3407/3399
f 227/153/145 5366/4406/4398 1303/172/164
f 2311/979/971 2263/1875/1867 1125/425/417
f 1125/425/417 5740/5301/5293 5737/426/418
f 887/2356/2348 2264/1774/1766 453/2111/2103
f 2264/1774/1766 3425/1773/1765 4396/4065/4057
f 2265/2645/2637 598/806/798 1338/2647/2639
f 4298/1329/1321 3669/1331/1323 4084/5302/5294
f 2266/274/266 5631/5303/5295 979/272/264
f 5175/4690/4682 2266/274/266 979/272/264
f 3398/4862/4854 1021/3777/3769 2267/3781/3773
f 2267/3781/3773 1745/4864/4856 1693/4863/4855
f 3493/4240/4232 3491/5304/5296 2268/4028/4020
f 2268/4028/4020 3491/5304/5296 1148/934/926
f 3163/2023/2015 4740/4541/4533 4661/4540/4532
f 4810/1375/1367 3823/5305/5297 1444/1373/1365
f 4229/4939/4931 1761/1707/1699 1757/2695/2687
f 4229/4939/4931 610/57/49 1761/1707/1699
f 2271/3396/3388 2272/89/81 357/1748/1740
f 5555/3397/3389 2271/3396/3388 357/1748/1740
f 1097/239/231 2165/238/230 2272/89/81
f 2272/89/81 2271/3396/3388 1097/239/231
f 5806/5031/5023 3214/2565/2557 446/2564/2556
f 357/1748/1740 2274/88/80 446/2564/2556
f 2928/5306/5298 2273/5025/5017 446/2564/2556
f 2273/5025/5017 2928/5306/5298 3188/5307/5299
f 5407/1866/1858 589/2908/2900 2275/1867/1859
f 2275/1867/1859 589/2908/2900 2360/366/358
f 4468/2637/2629 2276/5308/5300 1254/1681/1673
f 4933/2190/2182 1254/1681/1673 4930/2577/2569
f 2277/2572/2564 2234/3323/3315 3794/4869/4861
f 94/748/740 4431/3996/3988 3794/4869/4861
f 2278/1135/1127 1258/1274/1266 3415/1273/1265
f 215/198/190 4455/4037/4029 2278/1135/1127
f 2279/4572/4564 1467/4573/4565 4898/4574/4566
f 840/1225/1217 4788/5309/5301 531/1460/1452
f 2280/271/263 1262/1137/1129 1154/4033/4025
f 4453/4038/4030 4038/4039/4031 1154/4033/4025
f 1751/4927/4919 3324/307/299 2281/2903/2895
f 5801/4930/4922 3325/4490/4482 3467/1336/1328
f 2282/4325/4317 1304/854/846 5227/5310/5302
f 1304/854/846 4546/858/850 5367/855/847
f 911/4072/4064 2283/4070/4062 1517/4642/4634
f 5053/649/641 1900/1288/1280 5824/5069/5061
f 5824/5069/5061 1900/1288/1280 1155/5070/5062
f 3758/1210/1202 2286/5002/4994 5104/5311/5303
f 2988/700/692 3758/1210/1202 3766/701/693
f 3909/1510/1502 1162/946/938 4093/3141/3133
f 1162/946/938 2735/4056/4048 5269/5312/5304
f 2288/1648/1640 1485/4594/4586 3117/55/47
f 1485/4594/4586 2288/1648/1640 4117/1394/1386
f 113/3823/3815 5104/5311/5303 2289/2891/2883
f 1834/5001/4993 3770/2892/2884 2289/2891/2883
f 5269/5312/5304 2735/4056/4048 2290/682/674
f 2290/682/674 1160/580/572 3756/683/675
f 3416/4522/4514 1433/4299/4291 2291/4523/4515
f 595/5299/5291 2291/4523/4515 1433/4299/4291
f 1221/3279/3271 2292/4174/4166 1272/1008/1000
f 1221/3279/3271 1627/3278/3270 5450/1622/1614
f 2293/1507/1499 2287/4051/4043 181/4049/4041
f 2293/1507/1499 181/4049/4041 5468/4050/4042
f 2291/4523/4515 2294/2636/2628 4499/333/325
f 2294/2636/2628 66/2333/2325 4499/333/325
f 1646/643/635 4586/2106/2098 2295/3426/3418
f 1646/643/635 2295/3426/3418 866/2107/2099
f 2296/684/676 657/2841/2833 5463/5168/5160
f 2293/1507/1499 5468/4050/4042 381/5313/5305
f 354/1739/1731 753/1740/1732 2297/5314/5306
f 354/1739/1731 2297/5314/5306 2242/1741/1733
f 599/2182/2174 968/2651/2643 2298/3673/3665
f 4167/3618/3610 4085/1397/1389 5524/2648/2640
f 2299/2523/2515 558/4395/4387 4358/2524/2516
f 2299/2523/2515 3748/2498/2490 558/4395/4387
f 1063/3860/3852 2300/3859/3851 84/1511/1503
f 84/1511/1503 2850/35/27 4669/1512/1504
f 2072/3596/3588 2301/2465/2457 298/1489/1481
f 298/1489/1481 2301/2465/2457 1797/1490/1482
f 2264/1774/1766 2302/4708/4700 515/1772/1764
f 515/1772/1764 2302/4708/4700 5820/4710/4702
f 2351/345/337 924/3582/3574 5694/346/338
f 2307/173/165 924/3582/3574 5762/5315/5307
f 2304/3058/3050 4629/3074/3066 4639/3073/3065
f 4199/3061/3053 5295/599/591 4146/598/590
f 24/1974/1966 2305/1976/1968 624/3261/3253
f 624/3261/3253 2305/1976/1968 1818/3812/3804
f 1328/4369/4361 4756/4368/4360 2306/3484/3476
f 5783/5237/5229 2306/3484/3476 1326/3483/3475
f 1951/1691/1683 2303/5316/5308 2307/173/165
f 924/3582/3574 2307/173/165 2303/5316/5308
f 2308/1667/1659 1337/4878/4870 1699/4877/4869
f 1699/4877/4869 2899/626/618 5726/625/617
f 4052/4289/4281 2309/5317/5309 2067/1879/1871
f 5431/5318/5310 4052/4289/4281 4049/4290/4282
f 2192/1146/1138 222/850/842 2310/5254/5246
f 823/1147/1139 2192/1146/1138 2310/5254/5246
f 5859/5319/5311 5861/1449/1441 283/1448/1440
f 5859/5319/5311 2374/5320/5312 384/5321/5313
f 2312/1552/1544 2316/2053/2045 437/791/783
f 151/1202/1194 2312/1552/1544 4854/4606/4598
f 5828/5322/5314 5834/5323/5315 1091/27/19
f 5825/5324/5316 2967/2601/2593 3288/5325/5317
f 3624/3170/3162 1867/3172/3164 2314/1516/1508
f 2064/1499/1491 768/452/444 2314/1516/1508
f 5193/493/485 375/908/900 2315/1815/1807
f 2315/1815/1807 375/908/900 1107/2843/2835
f 2312/1552/1544 151/1202/1194 2316/2053/2045
f 151/1202/1194 1777/2397/2389 2316/2053/2045
f 3836/5162/5154 5741/5326/5318 2317/5327/5319
f 2313/5328/5320 5828/5322/5314 3288/5325/5317
f 2318/4695/4687 1640/4089/4081 4670/4818/4810
f 4670/4818/4810 4853/4137/4129 4008/4138/4130
f 2614/1751/1743 4223/4569/4561 2319/2956/2948
f 2319/2956/2948 2352/1710/1702 1466/4570/4562
f 5074/5040/5032 2320/5329/5321 803/5041/5033
f 803/5041/5033 5601/3274/3266 3695/3273/3265
f 109/562/554 2588/2797/2789 5447/4054/4046
f 734/1846/1838 5449/1845/1837 2065/594/586
f 3695/3273/3265 3698/5330/5322 803/5041/5033
f 389/5042/5034 803/5041/5033 3698/5330/5322
f 4392/5331/5323 748/3121/3113 3969/4576/4568
f 718/868/860 748/3121/3113 2325/869/861
f 819/1308/1300 2324/1312/1304 1206/3311/3303
f 819/1308/1300 1037/1310/1302 2324/1312/1304
f 4392/5331/5323 2325/869/861 748/3121/3113
f 1469/3122/3114 3019/3117/3109 2323/4575/4567
f 1448/796/788 5699/5332/5324 2605/4546/4538
f 1448/796/788 1867/3172/3164 5699/5332/5324
f 2327/913/905 1572/2073/2065 769/511/503
f 1572/2073/2065 2327/913/905 4900/912/904
f 3738/2688/2680 604/3713/3705 2328/815/807
f 2328/815/807 604/3713/3705 2888/3712/3704
f 1361/3965/3957 5610/3964/3956 1012/2244/2236
f 2812/786/778 1012/2244/2236 5610/3964/3956
f 2330/3417/3409 4352/3806/3798 1034/1702/1694
f 123/1163/1155 2330/3417/3409 1034/1702/1694
f 2331/3977/3969 402/1917/1909 5676/5333/5325
f 2331/3977/3969 12/3139/3131 5273/3151/3143
f 2103/5207/5199 1036/5334/5326 2332/5335/5327
f 2101/5202/5194 2103/5207/5199 5146/5201/5193
f 2335/5244/5236 3575/5020/5012 4475/5336/5328
f 1845/5014/5006 4475/5336/5328 3575/5020/5012
f 2334/2468/2460 4103/2470/2462 254/2241/2233
f 4280/5337/5329 5433/3610/3602 943/50/42
f 5332/5155/5147 2335/5244/5236 5614/5338/5330
f 2335/5244/5236 4475/5336/5328 5614/5338/5330
f 5676/5333/5325 3257/5339/5331 2331/3977/3969
f 5673/1801/1793 4536/5157/5149 3257/5339/5331
f 2337/2836/2828 2995/880/872 655/2846/2838
f 2977/2169/2161 3878/5340/5332 2337/2836/2828
f 561/1272/1264 2338/2532/2524 2708/2531/2523
f 2338/2532/2524 561/1272/1264 921/2530/2522
f 2334/2468/2460 2339/3611/3603 5185/2469/2461
f 2339/3611/3603 2334/2468/2460 254/2241/2233
f 1696/1372/1364 4086/5341/5333 2340/5342/5334
f 3749/694/686 1696/1372/1364 2340/5342/5334
f 1874/5045/5037 265/5046/5038 2341/1318/1310
f 2341/1318/1310 4346/1339/1331 3351/3608/3600
f 2342/86/78 2337/2836/2828 167/2167/2159
f 2342/86/78 167/2167/2159 5784/84/76
f 2770/269/261 2343/268/260 1230/602/594
f 5789/4199/4191 4371/603/595 1230/602/594
f 2344/3719/3711 521/704/696 319/703/695
f 521/704/696 2344/3719/3711 4589/3726/3718
f 2345/2896/2888 2347/5343/5335 678/4963/4955
f 678/4963/4955 5252/758/750 2345/2896/2888
f 2346/261/253 1671/263/255 2949/1051/1043
f 695/5344/5336 2346/261/253 2949/1051/1043
f 2347/5343/5335 2345/2896/2888 5586/3670/3662
f 5716/140/132 5586/3670/3662 2937/141/133
f 2348/3009/3001 713/176/168 4927/3010/3002
f 5657/177/169 713/176/168 2348/3009/3001
f 1442/4537/4529 2349/1762/1754 699/4538/4530
f 699/4538/4530 2349/1762/1754 877/5345/5337
f 2008/1530/1522 2350/4315/4307 1305/4314/4306
f 3682/2818/2810 2008/1530/1522 5573/4057/4049
f 928/2028/2020 5768/3583/3575 2351/345/337
f 3141/347/339 2930/1984/1976 4011/5346/5338
f 2319/2956/2948 4223/4569/4561 2352/1710/1702
f 2352/1710/1702 1465/1764/1756 4490/1709/1701
f 1248/1246/1238 4563/1245/1237 2353/1244/1236
f 1418/3370/3362 1248/1246/1238 3489/4239/4231
f 854/1043/1035 2354/5048/5040 2092/3394/3386
f 3710/3395/3387 854/1043/1035 1097/239/231
f 212/1097/1089 2355/1096/1088 105/3350/3342
f 1598/2187/2179 39/2274/2266 2356/1095/1087
f 2355/1096/1088 2356/1095/1087 39/2274/2266
f 5217/5270/5262 3076/2730/2722 953/2729/2721
f 3716/4237/4229 3076/2730/2722 5217/5270/5262
f 1242/5347/5339 5477/5348/5340 2358/4305/4297
f 2358/4305/4297 5477/5348/5340 1682/3292/3284
f 678/4963/4955 2347/5343/5335 2359/794/786
f 2359/794/786 4045/4964/4956 678/4963/4955
f 589/2908/2900 4224/2910/2902 2360/366/358
f 1271/2799/2791 2360/366/358 4224/2910/2902
f 2361/1521/1513 5206/1519/1511 1427/1520/1512
f 2361/1521/1513 2008/1530/1522 1305/4314/4306
f 4289/5349/5341 1436/859/851 5735/5350/5342
f 5735/5350/5342 1436/859/851 2713/4153/4145
f 2363/3506/3498 1897/4241/4233 231/1193/1185
f 231/1193/1185 1803/3507/3499 2363/3506/3498
f 4320/1423/1415 2364/4528/4520 1213/1424/1416
f 1213/1424/1416 4289/5349/5341 2362/4529/4521
f 1249/1127/1119 2363/3506/3498 2365/2315/2307
f 2365/2315/2307 2892/1128/1120 1249/1127/1119
f 1800/833/825 2366/4976/4968 1561/4703/4695
f 2078/3692/3684 2366/4976/4968 4107/4974/4966
f 2367/4747/4739 4646/3572/3564 3686/3573/3565
f 3683/4745/4737 925/3480/3472 1026/93/85
f 2228/3177/3169 2368/3099/3091 771/3178/3170
f 2368/3099/3091 1507/844/836 771/3178/3170
f 4695/3098/3090 2369/2281/2273 2368/3099/3091
f 2369/2281/2273 1290/2314/2306 3639/2280/2272
f 772/543/535 2370/983/975 4403/3637/3629
f 3581/3649/3641 958/3636/3628 2370/983/975
f 767/2305/2297 1614/1820/1812 2371/4782/4774
f 1450/4552/4544 767/2305/2297 2371/4782/4774
f 1188/1730/1722 1449/2971/2963 5234/5351/5343
f 5234/5351/5343 351/1232/1224 4022/4103/4095
f 2373/1578/1570 1784/3269/3261 203/1053/1045
f 4168/5352/5344 5546/3851/3843 2377/1575/1567
f 1393/4460/4452 384/5321/5313 2374/5320/5312
f 810/2965/2957 4770/1854/1846 4953/5353/5345
f 3840/5354/5346 2375/3756/3748 4128/5355/5347
f 3038/2437/2429 5101/97/89 4128/5355/5347
f 5522/3826/3818 5520/1440/1432 1032/1439/1431
f 3037/611/603 1032/1439/1431 3831/3786/3778
f 2377/1575/1567 2382/5356/5348 5855/5357/5349
f 4168/5352/5344 2377/1575/1567 5855/5357/5349
f 2378/1851/1843 5321/881/873 805/883/875
f 805/883/875 2418/5358/5350 2378/1851/1843
f 893/4629/4621 4245/4797/4789 5794/5359/5351
f 2380/3432/3424 3212/2928/2920 4250/1208/1200
f 2380/3432/3424 1595/2929/2921 3212/2928/2920
f 2381/1017/1009 2404/1016/1008 1106/5360/5352
f 3799/420/412 2384/3947/3939 3800/5361/5353
f 1665/840/832 2382/5356/5348 2377/1575/1567
f 1665/840/832 3764/4844/4836 5720/4845/4837
f 1678/3191/3183 454/3190/3182 2383/5362/5354
f 3042/4402/4394 2383/5362/5354 454/3190/3182
f 3527/3946/3938 3041/3943/3935 2384/3947/3939
f 3041/3943/3935 1106/5360/5352 2384/3947/3939
f 2389/2144/2136 4024/4183/4175 1224/5363/5355
f 1224/5363/5355 4024/4183/4175 460/4182/4174
f 2386/3560/3552 1537/3096/3088 342/1687/1679
f 5241/622/614 1401/4671/4663 1537/3096/3088
f 2387/2419/2411 527/2404/2396 1183/2417/2409
f 527/2404/2396 5432/2406/2398 929/4791/4783
f 2531/2734/2726 2388/3938/3930 2912/2732/2724
f 2390/5364/5356 5283/3606/3598 4091/3605/3597
f 1491/2661/2653 2389/2144/2136 1224/5363/5355
f 5412/3579/3571 365/4432/4424 2389/2144/2136
f 4091/3605/3597 2388/3938/3930 5401/5365/5357
f 5401/5365/5357 2388/3938/3930 1103/3937/3929
f 4046/5366/5358 3438/2391/2383 2391/3876/3868
f 4584/3206/3198 780/985/977 3708/3207/3199
f 1599/1524/1516 867/3427/3419 3201/4764/4756
f 3441/1535/1527 1599/1524/1516 3201/4764/4756
f 2559/5367/5359 534/5368/5360 3504/2436/2428
f 5642/5369/5361 2563/5370/5362 4041/1612/1604
f 4850/3198/3190 2394/5148/5140 2020/851/843
f 2019/2201/2193 473/1242/1234 2394/5148/5140
f 2395/1041/1033 4208/1785/1777 4073/1042/1034
f 1477/5371/5363 2395/1041/1033 366/1086/1078
f 4459/3110/3102 747/3109/3101 4460/5372/5364
f 3602/3114/3106 5319/3115/3107 4460/5372/5364
f 366/1086/1078 2397/2995/2987 1477/5371/5363
f 1256/1796/1788 2397/2995/2987 366/1086/1078
f 5579/2691/2683 4359/2692/2684 609/2689/2681
f 4412/3301/3293 4359/2692/2684 3622/3302/3294
f 5701/848/840 606/355/347 2399/4344/4336
f 1629/4627/4619 1040/5373/5365 2866/4342/4334
f 18/71/63 5716/140/132 2400/2041/2033
f 5119/5060/5052 3989/69/61 18/71/63
f 2401/3616/3608 3287/3613/3605 944/3614/3606
f 5057/2737/2729 1872/2735/2727 3343/4046/4038
f 640/3524/3516 497/2289/2281 2402/2791/2783
f 640/3524/3516 4997/671/663 926/670/662
f 2450/3550/3542 3699/5374/5366 3696/5375/5367
f 1951/1691/1683 2403/1006/998 1257/1693/1685
f 2403/1006/998 1951/1691/1683 3033/5103/5095
f 62/2905/2897 2404/1016/1008 1454/405/397
f 1454/405/397 2404/1016/1008 962/403/395
f 2405/3226/3218 797/5135/5127 246/3225/3217
f 4689/1251/1243 5252/758/750 678/4963/4955
f 3674/5376/5368 2406/872/864 935/871/863
f 3678/5377/5369 2190/484/476 2596/2831/2823
f 4050/2141/2133 5236/3340/3332 459/3341/3333
f 5236/3340/3332 2410/3342/3334 459/3341/3333
f 2408/1083/1075 2411/106/98 4285/105/97
f 1531/2518/2510 2411/106/98 3277/2521/2513
f 3805/5232/5224 2409/3511/3503 447/2089/2081
f 1593/2090/2082 447/2089/2081 2409/3511/3503
f 5236/3340/3332 3451/554/546 2410/3342/3334
f 2410/3342/3334 831/552/544 3945/551/543
f 2411/106/98 307/949/941 614/107/99
f 1531/2518/2510 307/949/941 2411/106/98
f 5877/5378/5370 3327/5379/5371 842/3367/3359
f 842/3367/3359 5628/3369/3361 5877/5378/5370
f 1705/4887/4879 2413/2617/2609 4857/997/989
f 4187/4931/4923 4857/997/989 5620/2619/2611
f 836/1260/1252 1472/1231/1223 2414/4584/4576
f 2414/4584/4576 1472/1231/1223 2412/5380/5372
f 3827/1698/1690 2415/2288/2280 4200/1699/1691
f 3827/1698/1690 874/3446/3438 3832/385/377
f 5221/3765/3757 2489/3755/3747 2416/3754/3746
f 4128/5355/5347 5101/97/89 1011/96/88
f 5223/1495/1487 28/1494/1486 4672/5381/5373
f 4494/1493/1485 2422/1534/1526 28/1494/1486
f 2378/1851/1843 2418/5358/5350 1809/4076/4068
f 1805/886/878 1809/4076/4068 5000/4979/4971
f 5106/5382/5374 5109/5383/5375 2419/2954/2946
f 1539/2207/2199 3681/2206/2198 2858/430/422
f 1667/4096/4088 2420/4095/4087 530/941/933
f 530/941/933 2420/4095/4087 527/2404/2396
f 149/2606/2598 4920/3976/3968 1115/781/773
f 4920/3976/3968 149/2606/2598 1121/3975/3967
f 28/1494/1486 2422/1534/1526 4672/5381/5373
f 2920/2319/2311 2209/2318/2310 2417/5384/5376
f 707/3896/3888 3988/5385/5377 2187/938/930
f 3412/3994/3986 4961/5386/5378 707/3896/3888
f 4729/3193/3185 3521/4967/4959 1792/4966/4958
f 1356/5387/5379 35/2764/2756 3521/4967/4959
f 2425/2070/2062 5797/5388/5380 1789/101/93
f 3104/2074/2066 1572/2073/2065 4900/912/904
f 5777/99/91 1789/101/93 2426/1416/1408
f 2426/1416/1408 1789/101/93 443/4962/4954
f 1538/4986/4978 1823/1419/1411 2427/4244/4236
f 1823/1419/1411 1826/1420/1412 2427/4244/4236
f 395/1889/1881 2428/1894/1886 5246/4165/4157
f 1226/1183/1175 2430/5389/5381 3148/1181/1173
f 2918/5390/5382 4620/4091/4083 2429/4686/4678
f 4361/865/857 4673/1417/1409 2429/4686/4678
f 40/5391/5383 5780/4167/4159 1222/5392/5384
f 5780/4167/4159 5246/4165/4157 3821/5393/5385
f 1389/976/968 3460/975/967 2431/2488/2480
f 5180/2491/2483 287/5394/5386 5864/4458/4450
f 2432/5395/5387 2426/1416/1408 5874/914/906
f 2432/5395/5387 3304/4684/4676 2429/4686/4678
f 2433/3627/3619 956/5396/5388 1795/1141/1133
f 2433/3627/3619 1795/1141/1133 3665/1143/1135
f 1218/4177/4169 1222/5392/5384 2434/4176/4168
f 4415/4166/4158 1222/5392/5384 5780/4167/4159
f 568/2556/2548 3875/3619/3611 2435/3499/3491
f 5703/4925/4917 894/3892/3884 2435/3499/3491
f 5776/3645/3637 2436/3646/3638 2439/3635/3627
f 2436/3646/3638 3607/5397/5389 956/5396/5388
f 2437/3972/3964 5771/3971/3963 3587/3973/3965
f 2440/1946/1938 2437/3972/3964 5033/3974/3966
f 3197/3729/3721 3976/3721/3713 2438/5243/5235
f 989/2708/2700 2438/5243/5235 3364/2706/2698
f 956/5396/5388 2433/3627/3619 2439/3635/3627
f 2439/3635/3627 2436/3646/3638 956/5396/5388
f 2440/1946/1938 5771/3971/3963 2437/3972/3964
f 411/763/755 2440/1946/1938 2202/1948/1940
f 5153/4635/4627 177/4630/4622 3167/4637/4629
f 5153/4635/4627 2172/1888/1880 177/4630/4622
f 2442/2821/2813 253/4102/4094 1187/651/643
f 5345/2820/2812 253/4102/4094 2446/4465/4457
f 2443/3862/3854 1064/2825/2817 359/3864/3856
f 5426/1744/1736 359/3864/3856 3357/1756/1748
f 2176/4225/4217 5408/5398/5390 2444/4702/4694
f 5033/3974/3966 3587/3973/3965 2444/4702/4694
f 5115/3196/3188 2445/3194/3186 2606/5399/5391
f 2445/3194/3186 5115/3196/3188 891/3490/3482
f 253/4102/4094 2442/2821/2813 2446/4465/4457
f 4087/285/277 2446/4465/4457 2442/2821/2813
f 2450/3550/3542 5474/5400/5392 3699/5374/5366
f 2450/3550/3542 4978/5401/5393 5474/5400/5392
f 2448/2146/2138 63/3815/3807 5317/2147/2139
f 1292/2161/2153 63/3815/3807 5775/4296/4288
f 5357/2317/2309 2920/2319/2311 309/1533/1525
f 3165/5402/5394 2782/689/681 2451/1522/1514
f 2447/950/942 1185/5138/5130 2450/3550/3542
f 2789/632/624 2447/950/942 2450/3550/3542
f 2449/5403/5395 2451/1522/1514 3441/1535/1527
f 3165/5402/5394 2451/1522/1514 2449/5403/5395
f 5272/5404/5396 2453/3700/3692 4113/3821/3813
f 2453/3700/3692 980/3244/3236 3577/3699/3691
f 751/3124/3116 2455/3157/3149 870/3433/3425
f 2455/3157/3149 4474/5054/5046 1890/3155/3147
f 3145/3724/3716 4323/380/372 2456/2598/2590
f 4325/675/667 2458/677/669 2456/2598/2590
f 2456/2598/2590 2458/677/669 5843/5208/5200
f 74/2042/2034 2458/677/669 2963/2043/2035
f 752/1926/1918 1764/1594/1586 2459/4944/4936
f 3275/63/55 3230/3108/3100 752/1926/1918
f 1812/2744/2736 2460/4073/4065 1173/4983/4975
f 1812/2744/2736 625/2727/2719 2460/4073/4065
f 4413/313/305 2461/312/304 5772/5405/5397
f 5448/5406/5398 2464/5407/5399 2461/312/304
f 2462/1722/1714 5589/3979/3971 1902/2777/2769
f 2462/1722/1714 1701/2039/2031 5589/3979/3971
f 322/64/56 3354/4348/4340 2463/3012/3004
f 322/64/56 2463/3012/3004 1901/2018/2010
f 2464/5407/5399 5769/5408/5400 2461/312/304
f 2465/418/410 352/324/316 588/1734/1726
f 2465/418/410 588/1734/1726 243/2611/2603
f 1854/264/256 1470/4579/4571 2466/265/257
f 2466/265/257 1470/4579/4571 3932/4580/4572
f 1090/3903/3895 2184/416/408 2778/2612/2604
f 1090/3903/3895 2778/2612/2604 5814/5409/5401
f 200/1925/1917 2935/2326/2318 4989/3243/3235
f 5319/3115/3107 3602/3114/3106 200/1925/1917
f 2356/1095/1087 212/1097/1089 2469/777/769
f 212/1097/1089 4539/3351/3343 2469/777/769
f 2470/5410/5402 11/386/378 3510/212/204
f 2470/5410/5402 5550/4757/4749 11/386/378
f 3616/2989/2981 1141/2991/2983 2471/685/677
f 4520/4004/3996 1141/2991/2983 2106/4015/4007
f 513/276/268 2472/2350/2342 1573/4716/4708
f 1573/4716/4708 2472/2350/2342 3760/2349/2341
f 3608/5411/5403 3541/5412/5404 291/4449/4441
f 291/4449/4441 3541/5412/5404 3939/1461/1453
f 846/3321/3313 823/1147/1139 2474/3379/3371
f 4893/5161/5153 1567/100/92 846/3321/3313
f 375/908/900 2475/3949/3941 1107/2843/2835
f 658/2844/2836 1107/2843/2835 2475/3949/3941
f 2476/4815/4807 2514/2261/2253 199/825/817
f 4829/1503/1495 4812/746/738 1679/745/737
f 2477/222/214 2220/5274/5266 2574/223/215
f 2477/222/214 1191/1826/1818 2220/5274/5266
f 670/5413/5405 2478/2876/2868 1713/495/487
f 670/5413/5405 4287/5414/5406 4288/5415/5407
f 1642/1099/1091 3158/766/758 3663/4550/4542
f 3158/766/758 1642/1099/1091 5645/767/759
f 642/1857/1849 2480/3308/3300 5697/3310/3302
f 642/1857/1849 2060/3330/3322 2480/3308/3300
f 1307/2539/2531 5227/5310/5302 1624/1896/1888
f 5227/5310/5302 1307/2539/2531 2282/4325/4317
f 1172/503/495 2482/502/494 2576/224/216
f 2477/222/214 2576/224/216 2482/502/494
f 2483/2194/2186 1585/3452/3444 3429/3681/3673
f 2483/2194/2186 969/2191/2183 5168/2195/2187
f 1130/3991/3983 2484/3347/3339 1736/4914/4906
f 36/2387/2379 2484/3347/3339 1130/3991/3983
f 4470/2371/2363 1190/2336/2328 4188/4107/4099
f 1190/2336/2328 4470/2371/2363 2479/2337/2329
f 1514/3414/3406 845/1988/1980 2486/1990/1982
f 4009/4639/4631 5358/4408/4400 2262/3407/3399
f 564/2543/2535 562/2534/2526 2487/2536/2528
f 1516/2533/2525 2487/2536/2528 562/2534/2526
f 1514/3414/3406 2486/1990/1982 2488/5416/5408
f 1514/3414/3406 2488/5416/5408 858/5291/5283
f 2489/3755/3747 1255/3764/3756 276/128/120
f 2489/3755/3747 276/128/120 4655/2435/2427
f 5856/4633/4625 1510/2497/2489 2490/2517/2509
f 1908/2493/2485 4157/5074/5066 756/3136/3128
f 3477/483/475 639/5417/5409 5514/4926/4918
f 1169/2114/2106 2492/1775/1767 2001/2115/2107
f 5070/4066/4058 2492/1775/1767 1169/2114/2106
f 2493/752/744 3349/751/743 5107/2127/2119
f 5406/3993/3985 1131/2541/2533 2493/752/744
f 2494/4998/4990 3046/5153/5145 2024/5051/5043
f 5866/4776/4768 4544/564/556 5870/5418/5410
f 2495/1877/1869 5625/5419/5411 2693/1565/1557
f 3884/1583/1575 4880/5420/5412 5625/5419/5411
f 1668/3027/3019 504/2703/2695 2496/1813/1805
f 2496/1813/1805 2156/5240/5232 4281/1812/1804
f 2497/4084/4076 1765/4082/4074 2044/4949/4941
f 2497/4084/4076 1178/4945/4937 1765/4082/4074
f 2498/2704/2696 1179/381/373 153/802/794
f 2498/2704/2696 5491/379/371 1179/381/373
f 2499/4036/4028 1657/1334/1326 387/4035/4027
f 2499/4036/4028 387/4035/4027 3959/4698/4690
f 2237/5282/5274 868/1784/1776 2500/5256/5248
f 2100/693/685 2500/5256/5248 868/1784/1776
f 1051/3839/3831 2503/4217/4209 2501/3837/3829
f 358/1752/1744 4174/5421/5413 46/2444/2436
f 2502/149/141 1152/2034/2026 3559/2684/2676
f 3959/4698/4690 387/4035/4027 1152/2034/2026
f 4174/5421/5413 2503/4217/4209 46/2444/2436
f 46/2444/2436 4818/4219/4211 3679/4171/4163
f 4733/4525/4517 1434/3232/3224 2504/4521/4513
f 2754/4520/4512 1096/2915/2907 154/3924/3916
f 2564/3809/3801 2505/711/703 4039/710/702
f 2103/5207/5199 2505/711/703 2560/5422/5414
f 2506/4615/4607 107/3434/3426 3960/3435/3427
f 4758/3445/3437 2506/4615/4607 2509/5167/5159
f 4050/2141/2133 2507/5423/5415 1168/518/510
f 2507/5423/5415 2671/967/959 1168/518/510
f 3371/383/375 2508/2443/2435 2859/384/376
f 46/2444/2436 5532/2446/2438 358/1752/1744
f 2509/5167/5159 871/2199/2191 1499/2210/2202
f 2509/5167/5159 2506/4615/4607 871/2199/2191
f 2999/3037/3029 5058/3695/3687 2510/3038/3030
f 4738/5114/5106 2510/3038/3030 3464/5424/5416
f 2513/2458/2450 2511/3600/3592 214/2456/2448
f 5274/1087/1079 2511/3600/3592 1335/2567/2559
f 2187/938/930 3988/5385/5377 2512/4355/4347
f 3826/4356/4348 2512/4355/4347 4961/5386/5378
f 539/2455/2447 2513/2458/2450 214/2456/2448
f 2513/2458/2450 539/2455/2447 5664/2457/2449
f 1325/4812/4804 2514/2261/2253 1637/4813/4805
f 2514/2261/2253 5277/5425/5417 5137/5426/5418
f 2259/1616/1608 2515/4718/4710 3857/4501/4493
f 1570/3845/3837 2515/4718/4710 2259/1616/1608
f 368/862/854 2516/1792/1784 999/863/855
f 368/862/854 2434/4176/4168 2516/1792/1784
f 1315/4337/4329 4230/4345/4337 5351/5427/5419
f 4301/2255/2247 5354/2254/2246 4230/4345/4337
f 5749/4984/4976 4198/5428/5420 2518/2299/2291
f 1752/2307/2299 2518/2299/2291 4198/5428/5420
f 1276/3314/3306 3993/5429/5421 2519/142/134
f 3560/3282/3274 3564/3312/3304 1276/3314/3306
f 2523/167/159 4109/169/161 1403/2360/2352
f 3848/4477/4469 4876/3819/3811 2523/167/159
f 1875/2590/2582 323/5430/5422 2521/4985/4977
f 2521/4985/4977 1538/4986/4978 1875/2590/2582
f 2522/2192/2184 3762/1250/1242 20/1249/1241
f 5162/5431/5423 2522/2192/2184 3806/2773/2765
f 2527/4735/4727 2714/168/160 2523/167/159
f 2523/167/159 4876/3819/3811 2520/4478/4470
f 2934/5432/5424 2524/2823/2815 5426/1744/1736
f 2226/2123/2115 5437/3603/3595 5026/2122/2114
f 575/3348/3340 5508/5433/5425 241/2578/2570
f 3529/236/228 369/235/227 241/2578/2570
f 2526/1676/1668 2143/1675/1667 5296/4139/4131
f 4846/5434/5426 2526/1676/1668 5290/5435/5427
f 2520/4478/4470 2527/4735/4727 2523/167/159
f 2527/4735/4727 2520/4478/4470 4251/290/282
f 1638/5436/5428 4061/5437/5429 3869/2790/2782
f 1750/1307/1299 1638/5436/5428 3869/2790/2782
f 5215/5271/5263 953/2729/2721 2529/5438/5430
f 958/3636/3628 2529/5438/5430 953/2729/2721
f 1537/3096/3088 2530/3095/3087 743/4806/4798
f 743/4806/4798 2530/3095/3087 2279/4572/4564
f 549/2487/2479 3611/2505/2497 2531/2734/2726
f 2912/2732/2724 4302/2731/2723 2531/2734/2726
f 1145/755/747 2532/3840/3832 71/3373/3365
f 71/3373/3365 2532/3840/3832 5007/3842/3834
f 5409/4390/4382 602/215/207 2533/4602/4594
f 602/215/207 2593/5439/5431 3931/1782/1774
f 847/3374/3366 2534/3838/3830 2501/3837/3829
f 71/3373/3365 5007/3842/3834 847/3374/3366
f 319/703/695 2535/705/697 482/708/700
f 5216/2870/2862 5427/5230/5222 2535/705/697
f 2304/3058/3050 4019/5440/5432 2536/2245/2237
f 2538/2246/2238 192/3060/3052 4958/2247/2239
f 5519/5441/5433 2537/2852/2844 5421/5190/5182
f 5564/5192/5184 2537/2852/2844 2535/705/697
f 2538/2246/2238 2023/2248/2240 4414/5152/5144
f 4019/5440/5432 2538/2246/2238 2536/2245/2237
f 2539/5094/5086 4962/208/200 2155/207/199
f 2155/207/199 4977/3734/3726 2539/5094/5086
f 1017/829/821 2540/4270/4262 2211/1010/1002
f 2667/4269/4261 2211/1010/1002 2540/4270/4262
f 4518/2740/2732 4194/3961/3953 3661/5022/5014
f 1114/160/152 3659/4429/4421 1372/3685/3677
f 380/1839/1831 1094/490/482 2542/3922/3914
f 380/1839/1831 3570/2403/2395 5813/922/914
f 2543/5442/5434 502/633/625 4951/2516/2508
f 3635/5443/5435 3818/996/988 1378/998/990
f 4612/4435/4427 2544/3337/3329 829/4436/4428
f 3082/2894/2886 829/4436/4428 2544/3337/3329
f 548/4195/4187 5100/4665/4657 2545/449/441
f 2545/449/441 4897/2529/2521 5025/4196/4188
f 3234/5100/5092 677/5105/5097 2546/3339/3331
f 2547/4482/4474 3636/879/871 2551/4483/4475
f 640/3524/3516 926/670/662 5182/1781/1773
f 717/4427/4419 641/1028/1020 2548/1030/1022
f 2548/1030/1022 1539/2207/2199 5029/4672/4664
f 1620/1266/1258 3815/421/413 247/1253/1245
f 247/1253/1245 3815/421/413 1103/3937/3929
f 1953/5104/5096 2550/5444/5436 677/5105/5097
f 2551/4483/4475 1406/3576/3568 5412/3579/3571
f 2551/4483/4475 3636/879/871 1406/3576/3568
f 808/370/362 2552/3280/3272 4800/842/834
f 2552/3280/3272 808/370/362 2557/4152/4144
f 2553/2698/2690 1117/3487/3479 890/4722/4714
f 1117/3487/3479 2553/2698/2690 283/1448/1440
f 3901/3747/3739 2554/16/8 1009/3746/3738
f 2209/2318/2310 1009/3746/3738 2554/16/8
f 823/1147/1139 5324/3320/3312 3761/1148/1140
f 5324/3320/3312 823/1147/1139 846/3321/3313
f 972/1081/1073 2556/4668/4660 2058/1189/1181
f 4967/3281/3273 318/1054/1046 4969/5445/5437
f 2552/3280/3272 4969/5445/5437 3764/4844/4836
f 1277/4079/4071 2558/3221/3213 594/1504/1496
f 1868/2283/2275 594/1504/1496 2558/3221/3213
f 3504/2436/2428 32/465/457 2559/5367/5359
f 32/465/457 827/488/480 5436/487/479
f 3632/5446/5438 2103/5207/5199 2560/5422/5414
f 2505/711/703 2564/3809/3801 2560/5422/5414
f 179/2990/2982 2561/1432/1424 855/4825/4817
f 764/2992/2984 2561/1432/1424 179/2990/2982
f 1785/2838/2830 2562/2840/2832 5567/4959/4951
f 660/679/671 2562/2840/2832 1785/2838/2830
f 3504/2436/2428 2563/5370/5362 32/465/457
f 3502/129/121 4804/2463/2455 2393/130/122
f 3751/1220/1212 5138/5447/5439 2564/3809/3801
f 5138/5447/5439 2560/5422/5414 2564/3809/3801
f 5864/4458/4450 287/5394/5386 2565/3032/3024
f 5192/1445/1437 5189/1425/1417 3944/1427/1419
f 3190/5233/5225 2566/5235/5227 90/5234/5226
f 1646/643/635 4204/2473/2465 3652/644/636
f 2567/3182/3174 773/5448/5440 2164/4419/4411
f 3031/3184/3176 3903/5449/5441 2567/3182/3174
f 1379/34/26 390/33/25 2568/1873/1865
f 999/863/855 1379/34/26 2568/1873/1865
f 4058/3966/3958 4055/5450/5442 1115/781/773
f 1115/781/773 4920/3976/3968 4058/3966/3958
f 4338/5451/5443 1511/4634/4626 672/782/774
f 4055/5450/5442 672/782/774 1115/781/773
f 24/1974/1966 5165/5082/5074 1918/5452/5444
f 5165/5082/5074 4959/2128/2120 1918/5452/5444
f 1873/2608/2600 5456/785/777 5818/5453/5445
f 5456/785/777 4189/784/776 5818/5453/5445
f 3446/2095/2087 1781/1975/1967 24/1974/1966
f 24/1974/1966 1918/5452/5444 3446/2095/2087
f 2574/223/215 904/5454/5446 2146/148/140
f 2877/5275/5267 904/5454/5446 2574/223/215
f 1106/5360/5352 2404/1016/1008 3800/5361/5353
f 2384/3947/3939 1106/5360/5352 3800/5361/5353
f 5465/927/919 2576/224/216 48/147/139
f 2574/223/215 48/147/139 2576/224/216
f 2577/5455/5447 3870/1058/1050 1259/1085/1077
f 572/4600/4592 2577/5455/5447 1259/1085/1077
f 1055/3013/3005 4043/4768/4760 2578/4766/4758
f 1055/3013/3005 4340/3848/3840 2463/3012/3004
f 3161/1998/1990 2579/1715/1707 3753/1999/1991
f 3160/3388/3380 463/3985/3977 3476/3987/3979
f 2580/2604/2596 2205/5456/5448 584/2599/2591
f 2581/1212/1204 912/4898/4890 3771/1213/1205
f 912/4898/4890 4076/586/578 2706/585/577
f 466/2722/2714 2222/5457/5449 2582/1400/1392
f 2222/5457/5449 3977/1380/1372 2582/1400/1392
f 2583/687/679 3412/3994/3986 707/3896/3888
f 1132/686/678 3412/3994/3986 2583/687/679
f 2671/967/959 2584/966/958 992/1579/1571
f 2608/1441/1433 992/1579/1571 2584/966/958
f 1246/4235/4227 4741/2183/2175 2585/4236/4228
f 5617/1396/1388 4741/2183/2175 4085/1397/1389
f 2586/4631/4623 177/4630/4622 559/3752/3744
f 5001/3753/3745 2586/4631/4623 559/3752/3744
f 877/5345/5337 2587/770/762 4571/2967/2959
f 3087/5458/5450 4571/2967/2959 2587/770/762
f 186/592/584 5453/5459/5451 2588/2797/2789
f 2588/2797/2789 5453/5459/5451 2321/5460/5452
f 593/1328/1320 216/2630/2622 4161/2628/2620
f 4161/2628/2620 216/2630/2622 2464/5407/5399
f 2091/4006/3998 2590/5196/5188 4396/4065/4057
f 4387/5227/5219 2091/4006/3998 2998/4007/3999
f 2587/770/762 877/5345/5337 2591/2088/2080
f 2884/3451/3443 877/5345/5337 2349/1762/1754
f 2592/901/893 4333/5179/5171 1099/2155/2147
f 4724/722/714 2592/901/893 1099/2155/2147
f 937/1780/1772 2593/5439/5431 2595/2278/2270
f 2593/5439/5431 937/1780/1772 3931/1782/1774
f 3094/3814/3806 606/355/347 2594/3870/3862
f 3357/1756/1748 359/3864/3856 2594/3870/3862
f 2052/5174/5166 906/2290/2282 2595/2278/2270
f 2595/2278/2270 2107/213/205 3902/5173/5165
f 2406/872/864 3674/5376/5368 2596/2831/2823
f 2406/872/864 2596/2831/2823 1628/2827/2819
f 2600/4374/4366 2598/2553/2545 1333/5461/5453
f 2266/274/266 3582/1841/1833 5631/5303/5295
f 2280/271/263 1333/5461/5453 2598/2553/2545
f 2598/2553/2545 4516/1136/1128 2280/271/263
f 1380/1985/1977 2599/3667/3659 3401/3682/3674
f 2599/3667/3659 1380/1985/1977 2772/259/251
f 2597/2551/2543 2598/2553/2545 2600/4374/4366
f 2768/4372/4364 2597/2551/2543 2600/4374/4366
f 1438/4532/4524 4681/4534/4526 31/4530/4522
f 5032/2856/2848 4098/1564/1556 4683/5462/5454
f 2246/1797/1789 1838/5008/5000 2602/3788/3780
f 4572/4281/4273 2246/1797/1789 2602/3788/3780
f 2603/227/219 4679/226/218 2604/5463/5455
f 4891/3087/3079 5417/1401/1393 2603/227/219
f 5008/5464/5456 2604/5463/5455 4679/226/218
f 4410/4907/4899 2604/5463/5455 5011/4906/4898
f 5718/1965/1957 5141/4545/4537 5719/4544/4536
f 5141/4545/4537 415/406/398 3528/408/400
f 2606/5399/5391 2445/3194/3186 777/1913/1905
f 1741/3307/3299 5230/1301/1293 777/1913/1905
f 1377/961/953 1031/960/952 2607/3803/3795
f 3438/2391/2383 5812/2395/2387 4344/2394/2386
f 2608/1441/1433 5520/1440/1432 477/1159/1151
f 2608/1441/1433 477/1159/1151 1934/2383/2375
f 2609/4253/4245 3243/5465/5457 1977/1134/1126
f 1515/1689/1681 4067/195/187 4957/5206/5198
f 288/3592/3584 4616/1454/1446 2610/1451/1443
f 2840/1450/1442 4754/3590/3582 2610/1451/1443
f 2611/4034/4026 3365/4640/4632 26/4249/4241
f 1146/1133/1125 2611/4034/4026 26/4249/4241
f 1622/1283/1275 388/5466/5458 2612/4011/4003
f 388/5466/5458 1566/1296/1288 3706/5467/5459
f 2613/471/463 57/3400/3392 1634/4796/4788
f 4238/2348/2340 2615/4717/4709 4375/5468/5460
f 360/2084/2076 4223/4569/4561 2614/1751/1743
f 2614/1751/1743 2113/1760/1752 360/2084/2076
f 1568/5469/5461 4375/5468/5460 2615/4717/4709
f 763/3161/3153 5665/5470/5462 3760/2349/2341
f 5707/5030/5022 2616/1066/1058 1856/85/77
f 2342/86/78 1856/85/77 2616/1066/1058
f 497/2289/2281 2617/387/379 2402/2791/2783
f 2415/2288/2280 2617/387/379 497/2289/2281
f 5790/5471/5463 116/1019/1011 5648/1018/1010
f 4371/603/595 5789/4199/4191 170/4198/4190
f 1568/5469/5461 2619/4714/4706 5660/4713/4705
f 763/3161/3153 2619/4714/4706 1568/5469/5461
f 2620/3512/3504 5068/3514/3506 900/590/582
f 2620/3512/3504 900/590/582 2409/3511/3503
f 2621/4412/4404 2618/4410/4402 1354/898/890
f 2621/4412/4404 170/4198/4190 2618/4410/4402
f 582/1641/1633 5385/2596/2588 2622/2595/2587
f 3145/3724/3716 1498/4614/4606 582/1641/1633
f 1674/3481/3473 3686/3573/3565 2623/5472/5464
f 1674/3481/3473 2623/5472/5464 4706/4853/4845
f 3813/2423/2415 3866/2425/2417 2624/5473/5465
f 2622/2595/2587 4323/380/372 3145/3724/3716
f 582/1641/1633 2622/2595/2587 3145/3724/3716
f 4321/4001/3993 984/3378/3370 4319/3377/3369
f 5238/3709/3701 984/3378/3370 4321/4001/3993
f 5437/3603/3595 355/1092/1084 2627/291/283
f 516/1094/1086 2627/291/283 355/1092/1084
f 2628/1862/1854 2771/1864/1856 386/5474/5466
f 832/3343/3335 3194/3345/3337 1732/4908/4900
f 828/3332/3324 2229/3968/3960 2629/2136/2128
f 828/3332/3324 2629/2136/2128 5174/3336/3328
f 583/1639/1631 2630/144/136 820/1637/1629
f 3086/1655/1647 2630/144/136 583/1639/1631
f 1149/164/156 3552/166/158 2631/1000/992
f 736/4029/4021 1149/164/156 2631/1000/992
f 482/708/700 2938/707/699 319/703/695
f 4408/3885/3877 319/703/695 2927/4805/4797
f 2633/1077/1069 3178/4334/4326 676/3901/3893
f 2633/1077/1069 676/3901/3893 908/1078/1070
f 246/3225/3217 2634/1276/1268 4608/756/748
f 2634/1276/1268 2638/2509/2501 5077/1277/1269
f 4988/5475/5467 3651/5149/5141 3578/3169/3161
f 506/588/580 4988/5475/5467 5111/589/581
f 1112/1731/1723 2636/3959/3951 1449/2971/2963
f 5234/5351/5343 1449/2971/2963 2636/3959/3951
f 3499/5476/5468 2637/838/830 1340/4385/4377
f 3501/5477/5469 2645/2389/2381 5446/2390/2382
f 246/3225/3217 4083/3240/3232 2638/2509/2501
f 246/3225/3217 2638/2509/2501 2634/1276/1268
f 2639/3152/3144 761/4124/4116 3497/4123/4115
f 2639/3152/3144 425/3154/3146 761/4124/4116
f 1431/4518/4510 2640/497/489 95/837/829
f 95/837/829 2640/497/489 4561/5478/5470
f 2641/3569/3561 478/4514/4506 922/2768/2760
f 4531/3567/3559 5623/2217/2209 2641/3569/3561
f 2642/2569/2561 1490/2568/2560 1335/2567/2559
f 960/3602/3594 5499/5479/5471 1335/2567/2559
f 2643/839/831 2658/2927/2919 1431/4518/4510
f 1431/4518/4510 95/837/829 2643/839/831
f 5039/3564/3556 2644/2361/2353 5423/1759/1751
f 2644/2361/2353 920/3055/3047 5423/1759/1751
f 3217/2925/2917 2643/839/831 2645/2389/2381
f 687/1463/1455 3218/2382/2374 520/2380/2372
f 3746/2078/2070 2646/4842/4834 445/2079/2071
f 1660/2080/2072 445/2079/2071 5371/5480/5472
f 3100/2918/2910 2647/2920/2912 1641/2263/2255
f 3957/2264/2256 1641/2263/2255 2647/2920/2912
f 1049/3828/3820 4964/3827/3819 1767/3880/3872
f 5571/4947/4939 1767/3880/3872 4964/3827/3819
f 290/1471/1463 2649/2409/2401 882/1469/1461
f 3865/1411/1403 757/1413/1405 4252/1466/1458
f 3644/570/562 4136/4204/4196 1231/4203/4195
f 4027/5261/5253 3318/1219/1211 1231/4203/4195
f 445/2079/2071 2646/4842/4834 5371/5480/5472
f 4553/5481/5473 5371/5480/5472 2646/4842/4834
f 2652/1467/1459 4252/1466/1458 757/1413/1405
f 757/1413/1405 1326/3483/3475 2652/1467/1459
f 2650/583/575 3592/582/574 2653/4275/4267
f 237/5036/5028 1862/1835/1827 2653/4275/4267
f 2654/5122/5114 3975/5121/5113 1977/1134/1126
f 1258/1274/1266 2788/1111/1103 921/2530/2522
f 881/3355/3347 2655/3462/3454 4497/3353/3345
f 102/3159/3151 4497/3353/3345 3321/1265/1257
f 237/5036/5028 2656/568/560 4062/681/673
f 3592/582/574 237/5036/5028 2653/4275/4267
f 5134/2685/2677 2657/4937/4929 2659/2686/2678
f 1417/4495/4487 5534/5482/5474 3457/4494/4486
f 2658/2927/2919 3217/2925/2917 3306/2926/2918
f 523/1462/1454 1431/4518/4510 2658/2927/2919
f 5534/5482/5474 1417/4495/4487 2659/2686/2678
f 2659/2686/2678 1417/4495/4487 4524/4130/4122
f 2661/5483/5475 1726/1700/1692 2660/1704/1696
f 2660/1704/1696 1726/1700/1692 3708/3207/3199
f 2661/5483/5475 2660/1704/1696 2662/1703/1695
f 1726/1700/1692 2661/5483/5475 1521/1701/1693
f 1521/1701/1693 5666/640/632 123/1163/1155
f 2661/5483/5475 5666/640/632 1521/1701/1693
f 2663/1808/1800 2664/2149/2141 5464/2151/2143
f 1984/1806/1798 2663/1808/1800 4382/5484/5476
f 2664/2149/2141 5030/4298/4290 3127/5485/5477
f 2664/2149/2141 2663/1808/1800 5030/4298/4290
f 1402/1912/1904 398/4475/4467 2665/1316/1308
f 2304/3058/3050 5048/3059/3051 4629/3074/3066
f 3225/5486/5478 2666/3218/3210 5430/3217/3209
f 3225/5486/5478 5060/5487/5479 2668/5488/5480
f 2667/4269/4261 1272/1008/1000 2211/1010/1002
f 3712/4271/4263 1221/3279/3271 1272/1008/1000
f 2668/5488/5480 2666/3218/3210 3225/5486/5478
f 2668/5488/5480 4406/5489/5481 2673/5032/5024
f 5708/1871/1863 252/1987/1979 2669/1282/1274
f 252/1987/1979 9/5490/5482 2669/1282/1274
f 1136/2329/2321 1128/2342/2334 2670/5145/5137
f 2670/5145/5137 1841/2573/2565 1136/2329/2321
f 5255/969/961 1168/518/510 2671/967/959
f 2671/967/959 988/1580/1572 671/2877/2869
f 1768/4486/4478 2672/4948/4940 1140/1870/1862
f 252/1987/1979 5708/1871/1863 1768/4486/4478
f 2668/5488/5480 2673/5032/5024 2666/3218/3210
f 2666/3218/3210 2673/5032/5024 1153/1076/1068
f 1517/4642/4634 5678/4643/4635 2674/3541/3533
f 1517/4642/4634 2674/3541/3533 173/3540/3532
f 1299/1387/1379 2675/547/539 1758/4308/4300
f 5587/4309/4301 1758/4308/4300 2675/547/539
f 2676/4644/4636 3449/4917/4909 2674/3541/3533
f 2676/4644/4636 5678/4643/4635 2678/5491/5483
f 2677/3111/3103 752/1926/1918 1404/5492/5484
f 2396/3112/3104 2677/3111/3103 1404/5492/5484
f 2676/4644/4636 2678/5491/5483 3449/4917/4909
f 630/1737/1729 4236/5493/5485 4220/5494/5486
f 3935/1951/1943 5179/4045/4037 1156/258/250
f 1156/258/250 5179/4045/4037 4269/1484/1476
f 66/2333/2325 4759/5495/5487 509/334/326
f 509/334/326 3822/877/869 4104/335/327
f 2681/3661/3653 2082/5029/5021 1312/4347/4339
f 1312/4347/4339 100/3662/3654 2681/3661/3653
f 3838/3107/3099 2559/5367/5359 2682/3103/3095
f 32/465/457 5436/487/479 2559/5367/5359
f 5485/4019/4011 1143/4293/4285 2683/5496/5488
f 3700/5497/5489 3697/5498/5490 4979/5499/5491
f 2229/3968/3960 4528/3970/3962 1118/3969/3961
f 4528/3970/3962 4534/5500/5492 1118/3969/3961
f 1836/5005/4997 2685/5007/4999 1839/5009/5001
f 5485/4019/4011 2683/5496/5488 4461/5015/5007
f 665/1481/1473 2686/1721/1713 202/1482/1474
f 2686/1721/1713 2679/5501/5493 2688/1719/1711
f 3742/5502/5494 3702/5503/5495 1143/4293/4285
f 5044/5504/5496 2683/5496/5488 1143/4293/4285
f 202/1482/1474 2688/1719/1711 5034/5129/5121
f 2686/1721/1713 2688/1719/1711 202/1482/1474
f 2689/1969/1961 1636/447/439 3066/1184/1176
f 3271/4811/4803 1636/447/439 2689/1969/1961
f 3457/4494/4486 5534/5482/5474 2690/558/550
f 2690/558/550 2657/4937/4929 1755/4936/4928
f 2691/1848/1840 5447/4054/4046 5471/4053/4045
f 2691/1848/1840 5471/4053/4045 382/2779/2771
f 2692/3898/3890 5501/3004/2996 3168/3899/3891
f 5762/5315/5307 2692/3898/3890 2307/173/165
f 957/2725/2717 1443/2724/2716 2693/1565/1557
f 2693/1565/1557 1443/2724/2716 31/4530/4522
f 382/2779/2771 635/2778/2770 2694/2690/2682
f 2694/2690/2682 2691/1848/1840 382/2779/2771
f 1122/557/549 1366/1942/1934 2695/1646/1638
f 2695/1646/1638 4640/1810/1802 1122/557/549
f 4267/427/419 2696/429/421 238/3640/3632
f 238/3640/3632 2696/429/421 3281/3638/3630
f 1429/1660/1652 2697/615/607 268/1658/1650
f 2906/5064/5056 268/1658/1650 5037/1357/1349
f 3249/1090/1082 1969/2430/2422 2699/2433/2425
f 2699/2433/2425 1969/2430/2422 532/1733/1725
f 2699/2433/2425 532/1733/1725 2698/716/708
f 2698/716/708 535/2439/2431 2699/2433/2425
f 974/618/610 4372/5265/5257 2700/616/608
f 649/4101/4093 2700/616/608 4372/5265/5257
f 4926/4100/4092 649/4101/4093 2701/4043/4035
f 4372/5265/5257 2701/4043/4035 649/4101/4093
f 5235/2077/2069 2702/2076/2068 1314/104/96
f 2702/2076/2068 5235/2077/2069 3001/2025/2017
f 1504/94/86 1026/93/85 2703/3479/3471
f 2703/3479/3471 3482/4623/4615 1504/94/86
f 2704/1672/1664 1604/1071/1063 5311/1070/1062
f 1367/3007/2999 339/1326/1318 3255/4426/4418
f 1711/3488/3480 2705/3485/3477 73/5505/5497
f 3944/1427/1419 2958/1446/1438 5192/1445/1437
f 2706/585/577 1398/4469/4461 742/3094/3086
f 1959/1040/1032 1398/4469/4461 2706/585/577
f 2472/2350/2342 724/4721/4713 2707/3033/3025
f 2707/3033/3025 724/4721/4713 5454/5506/5498
f 561/1272/1264 2708/2531/2523 401/3316/3308
f 4863/4913/4905 401/3316/3308 4610/4912/4904
f 622/2717/2709 2709/247/239 4169/3873/3865
f 622/2717/2709 3264/3135/3127 2709/247/239
f 3517/4954/4946 2710/4666/4658 2034/4324/4316
f 2707/3033/3025 2034/4324/4316 4700/2351/2343
f 2711/3131/3123 2813/3132/3124 754/2588/2580
f 5558/1060/1052 1490/2568/2560 5003/2570/2562
f 4716/394/386 1266/2478/2470 458/395/387
f 4713/2479/2471 1266/2478/2470 4716/394/386
f 2009/861/853 164/1891/1883 2713/4153/4145
f 4279/4154/4146 5089/4156/4148 2713/4153/4145
f 5643/5507/5499 3888/1279/1271 2714/168/160
f 5638/5195/5187 5643/5507/5499 2714/168/160
f 2715/3730/3722 125/87/79 3197/3729/3721
f 5662/5508/5500 3188/5307/5299 2928/5306/5298
f 841/3364/3356 4773/4960/4952 2716/344/336
f 5851/5509/5501 491/2271/2263 4048/2291/2283
f 2715/3730/3722 5250/3715/3707 2717/3722/3714
f 3188/5307/5299 2717/3722/3714 2273/5025/5017
f 4526/4725/4717 3558/4726/4718 2718/4727/4719
f 4526/4725/4717 2718/4727/4719 1681/1289/1281
f 4042/3228/3220 1211/3082/3074 788/1063/1055
f 4042/3228/3220 5002/3227/3219 1211/3082/3074
f 1922/2575/2567 2720/2576/2568 4312/2200/2192
f 574/318/310 2720/2576/2568 1922/2575/2567
f 4347/4860/4852 2718/4727/4719 2721/3832/3824
f 2721/3832/3824 940/2467/2459 4347/4860/4852
f 470/1684/1676 4449/735/727 2722/737/729
f 2720/2576/2568 470/1684/1676 2722/737/729
f 2723/4192/4184 2724/4191/4183 876/4188/4180
f 3519/1919/1911 3523/3449/3441 1824/606/598
f 2215/1921/1913 5611/5510/5502 2724/4191/4183
f 2007/4193/4185 2215/1921/1913 2724/4191/4183
f 2007/4193/4185 2725/2911/2903 2215/1921/1913
f 5765/4445/4437 3852/718/710 5761/5511/5503
f 1743/5512/5504 191/2616/2608 2726/2615/2607
f 82/441/433 2733/440/432 2727/2158/2150
f 1264/4259/4251 5512/4258/4250 2727/2158/2150
f 1716/5513/5505 2728/4481/4473 734/1846/1838
f 1716/5513/5505 4100/958/950 2728/4481/4473
f 4992/4994/4986 1830/982/974 2729/114/106
f 2729/114/106 1830/982/974 620/115/107
f 5512/4258/4250 2730/2345/2337 5725/2352/2344
f 1086/2353/2345 5725/2352/2344 5729/3904/3896
f 1401/4671/4663 2731/74/66 408/4670/4662
f 2731/74/66 1772/1438/1430 408/4670/4662
f 1989/3440/3432 656/3855/3847 2732/845/837
f 2732/845/837 3855/4958/4950 4212/2057/2049
f 1264/4259/4251 2727/2158/2150 2733/440/432
f 2733/440/432 2730/2345/2337 1264/4259/4251
f 2734/2416/2408 1088/73/65 529/571/563
f 2731/74/66 1088/73/65 2738/1437/1429
f 4343/4405/4397 1160/580/572 2735/4056/4048
f 1160/580/572 2290/682/674 2735/4056/4048
f 727/3383/3375 848/199/191 2736/595/587
f 2736/595/587 848/199/191 215/198/190
f 2737/5238/5230 1464/1321/1313 2904/1323/1315
f 2737/5238/5230 2743/5514/5506 1464/1321/1313
f 2734/2416/2408 5118/2415/2407 2738/1437/1429
f 1088/73/65 2734/2416/2408 2738/1437/1429
f 5398/2897/2889 2739/66/58 5231/2899/2891
f 4604/67/59 2739/66/58 5398/2897/2889
f 5764/4349/4341 2740/5515/5507 1322/2219/2211
f 5764/4349/4341 268/1658/1650 3424/1322/1314
f 1885/2052/2044 2741/4454/4446 753/1740/1732
f 2297/5314/5306 753/1740/1732 2741/4454/4446
f 755/3133/3125 1387/2654/2646 2742/3371/3363
f 2742/3371/3363 1387/2654/2646 5723/4453/4445
f 2743/5514/5506 2737/5238/5230 1631/5516/5508
f 3422/2208/2200 1631/5516/5508 2740/5515/5507
f 4472/5517/5509 1566/1296/1288 2744/1295/1287
f 893/4629/4621 4472/5517/5509 2744/1295/1287
f 2745/3871/3863 4585/4400/4392 184/2386/2378
f 1377/961/953 2745/3871/3863 2749/962/954
f 2746/3128/3120 2823/4653/4645 5014/4652/4644
f 2742/3371/3363 843/1555/1547 2746/3128/3120
f 1297/1586/1578 2358/4305/4297 2747/3002/2994
f 2747/3002/2994 4190/3001/2993 1297/1586/1578
f 4165/5221/5213 2748/4438/4430 1375/878/870
f 1406/3576/3568 3070/3575/3567 5582/3578/3570
f 2749/962/954 2745/3871/3863 184/2386/2378
f 184/2386/2378 1109/2388/2380 5133/2385/2377
f 4746/5128/5120 2750/3652/3644 965/1807/1799
f 965/1807/1799 2750/3652/3644 4833/4297/4289
f 25/3180/3172 1719/506/498 2751/4685/4677
f 2751/4685/4677 1719/506/498 1551/505/497
f 3491/5304/5296 3789/4786/4778 1148/934/926
f 1148/934/926 3789/4786/4778 1615/932/924
f 456/4785/4777 2752/243/235 2753/245/237
f 2753/245/237 5603/2126/2118 2908/3518/3510
f 1432/3231/3223 2754/4520/4512 5793/5518/5510
f 2754/4520/4512 154/3924/3916 5793/5518/5510
f 3945/551/543 2035/550/542 5598/4282/4274
f 2602/3788/3780 2890/3787/3779 5598/4282/4274
f 1178/4945/4937 2756/4083/4075 4515/5519/5511
f 1810/3267/3259 1496/2985/2977 4513/4612/4604
f 1526/1927/1919 2757/1487/1479 576/1488/1480
f 3223/4657/4649 4782/1472/1464 1526/1927/1919
f 4075/3997/3989 838/3998/3990 1134/5160/5152
f 2755/3999/3991 838/3998/3990 4082/4283/4275
f 2991/2129/2121 1928/1666/1658 3671/5144/5136
f 3140/5143/5135 2991/2129/2121 3671/5144/5136
f 3956/2622/2614 1278/2623/2615 2760/3593/3585
f 2760/3593/3585 618/911/903 591/910/902
f 2761/2771/2763 1761/1707/1699 610/57/49
f 5220/1708/1700 1761/1707/1699 2761/2771/2763
f 1734/4910/4902 457/120/112 3140/5143/5135
f 2991/2129/2121 3140/5143/5135 457/120/112
f 2763/3305/3297 4652/4476/4468 1402/1912/1904
f 1402/1912/1904 3395/1315/1307 2763/3305/3297
f 2764/973/965 2060/3330/3322 1339/364/356
f 2480/3308/3300 2060/3330/3322 2764/973/965
f 2765/2966/2958 3084/2066/2058 23/2038/2030
f 3034/1333/1325 1442/4537/4529 3952/4539/4531
f 2766/1354/1346 101/2304/2296 3435/5520/5512
f 101/2304/2296 2766/1354/1346 1614/1820/1812
f 1166/1680/1672 1560/1682/1674 2767/987/979
f 225/989/981 1166/1680/1672 2767/987/979
f 3089/4092/4084 4176/5137/5129 379/4093/4085
f 4176/5137/5129 1999/2802/2794 379/4093/4085
f 4342/3165/3157 1651/892/884 2769/3867/3859
f 1068/891/883 2769/3867/3859 1651/892/884
f 3435/5520/5512 1265/1352/1344 2766/1354/1346
f 3435/5520/5512 3350/4069/4061 1265/1352/1344
f 832/3343/3335 2771/1864/1856 2628/1862/1854
f 2299/2523/2515 2771/1864/1856 832/3343/3335
f 4547/24/16 2772/259/251 970/25/17
f 2772/259/251 1380/1985/1977 970/25/17
f 2250/2875/2867 5279/5521/5513 312/1549/1541
f 3746/2078/2070 1660/2080/2072 312/1549/1541
f 2774/5300/5292 2254/2746/2738 5891/994/986
f 2774/5300/5292 626/5522/5514 2254/2746/2738
f 2775/181/173 182/180/172 117/1930/1922
f 5759/2235/2227 4742/2237/2229 117/1930/1922
f 2776/4846/4838 39/2274/2266 3613/5523/5515
f 3613/5523/5515 5819/4662/4654 2776/4846/4838
f 3063/1412/1404 3865/1411/1403 2777/253/245
f 859/3410/3402 2777/253/245 1833/252/244
f 2778/2612/2604 1527/526/518 2467/3300/3292
f 2778/2612/2604 2467/3300/3292 5814/5409/5401
f 975/2118/2110 4870/4404/4396 2078/3692/3684
f 975/2118/2110 3042/4402/4394 4870/4404/4396
f 2343/268/260 2780/4990/4982 3854/4200/4192
f 2215/1921/1913 116/1019/1011 5611/5510/5502
f 4230/4345/4337 1962/2239/2231 2781/5110/5102
f 2721/3832/3824 5052/3831/3823 1962/2239/2231
f 3934/5524/5516 2782/689/681 3165/5402/5394
f 3934/5524/5516 5700/2627/2619 5248/2626/2618
f 2783/874/866 3674/5376/5368 935/871/863
f 935/871/863 1452/2753/2745 4228/4551/4543
f 718/868/860 2784/867/859 5066/2937/2929
f 30/5525/5517 4069/5526/5518 3019/3117/3109
f 5596/5527/5519 4108/5528/5520 30/5525/5517
f 4069/5526/5518 30/5525/5517 4065/5529/5521
f 892/456/448 2786/4875/4867 1186/1428/1420
f 1186/1428/1420 3739/4098/4090 284/2694/2686
f 2790/2486/2478 3821/5393/5385 2787/1893/1885
f 1330/4362/4354 2792/5530/5522 3568/4363/4355
f 2788/1111/1103 2654/5122/5114 4566/4248/4240
f 2654/5122/5114 2788/1111/1103 3975/5121/5113
f 240/3552/3544 1569/4605/4597 2789/632/624
f 2789/632/624 2450/3550/3542 240/3552/3544
f 2790/2486/2478 3568/4363/4355 2792/5530/5522
f 228/4022/4014 5539/2032/2024 2790/2486/2478
f 5293/4894/4886 1710/1168/1160 2791/417/409
f 1710/1168/1160 1967/1167/1159 2791/417/409
f 1330/4362/4354 5213/5531/5523 2792/5530/5522
f 228/4022/4014 2790/2486/2478 2792/5530/5522
f 1755/4936/4928 3929/3443/3435 2690/558/550
f 1311/3444/3436 3929/3443/3435 1755/4936/4928
f 3135/5098/5090 4790/5097/5089 3768/3158/3150
f 3135/5098/5090 1511/4634/4626 4338/5451/5443
f 2795/3303/3295 815/5532/5524 109/562/554
f 3765/560/552 3692/1858/1850 642/1857/1849
f 5624/3145/3137 2796/3142/3134 302/1509/1501
f 2796/3142/3134 2293/1507/1499 302/1509/1501
f 2797/2474/2466 853/3393/3385 2045/739/731
f 2936/884/876 3871/5533/5525 853/3393/3385
f 5320/3772/3764 2798/1009/1001 1300/1853/1845
f 2801/897/889 1300/1853/1845 2798/1009/1001
f 1667/4096/4088 2799/4381/4373 1007/2448/2440
f 5300/2750/2742 295/1479/1471 3752/1478/1470
f 1818/3812/3804 2800/3813/3805 419/3079/3071
f 363/650/642 2800/3813/3805 1818/3812/3804
f 729/3062/3054 2801/897/889 2068/896/888
f 729/3062/3054 1300/1853/1845 2801/897/889
f 592/1830/1822 2802/1496/1488 3179/1498/1490
f 592/1830/1822 2110/2625/2617 2802/1496/1488
f 2803/5534/5526 2440/1946/1938 411/763/755
f 411/763/755 510/762/754 5774/5535/5527
f 2804/2960/2952 178/990/982 4946/992/984
f 1198/3470/3462 178/990/982 4197/930/922
f 2039/2554/2546 3428/4505/4497 2805/1073/1065
f 2039/2554/2546 2805/1073/1065 3836/5162/5154
f 2806/3834/3826 3134/3951/3943 1415/773/765
f 2806/3834/3826 5036/3936/3928 3134/3951/3943
f 2360/366/358 2807/365/357 2275/1867/1859
f 2275/1867/1859 4838/2613/2605 1147/1865/1857
f 5561/3376/3368 3701/5536/5528 2808/1280/1272
f 2669/1282/1274 9/5490/5482 2808/1280/1272
f 1291/2243/2235 2812/786/778 2809/3706/3698
f 150/1570/1562 983/789/781 2809/3706/3698
f 5744/4890/4882 2810/807/799 603/3458/3450
f 4877/1868/1860 2810/807/799 1708/2666/2658
f 3032/3375/3367 3645/5537/5529 2811/1986/1978
f 9/5490/5482 252/1987/1979 2811/1986/1978
f 2812/786/778 2421/788/780 3767/3119/3111
f 2812/786/778 150/1570/1562 2809/3706/3698
f 2813/3132/3124 4866/3657/3649 414/4822/4814
f 414/4822/4814 754/2588/2580 2813/3132/3124
f 5343/5538/5530 62/2905/2897 2814/2904/2896
f 683/1338/1330 264/2914/2906 2814/2904/2896
f 2815/2970/2962 700/5539/5531 245/750/742
f 1112/1731/1723 2815/2970/2962 245/750/742
f 2816/1335/1327 1501/4618/4610 2819/3954/3946
f 2816/1335/1327 5342/4929/4921 3467/1336/1328
f 814/3297/3289 5695/5068/5060 1583/619/611
f 424/1629/1621 1583/619/611 5695/5068/5060
f 2818/2343/2335 3899/5540/5532 505/2344/2336
f 3899/5540/5532 4814/744/736 4812/746/738
f 2816/1335/1327 2819/3954/3946 5342/4929/4921
f 5343/5538/5530 2814/2904/2896 264/2914/2906
f 1238/924/916 2129/5541/5533 4020/4919/4911
f 1238/924/916 4020/4919/4911 3440/5542/5534
f 1360/999/991 2150/1671/1663 2821/376/368
f 2821/376/368 2150/1671/1663 435/377/369
f 1238/924/916 933/923/915 2822/341/333
f 2822/341/333 2129/5541/5533 1238/924/916
f 843/1555/1547 2823/4653/4645 2746/3128/3120
f 3718/1554/1546 2823/4653/4645 843/1555/1547
f 2824/3179/3171 5445/544/536 772/543/535
f 2824/3179/3171 772/543/535 4403/3637/3629
f 4172/2036/2028 5082/5543/5535 2825/2679/2671
f 5082/5543/5535 3219/2067/2059 2825/2679/2671
f 3405/5544/5536 745/2332/2324 1243/461/453
f 2961/3104/3096 745/2332/2324 3405/5544/5536
f 2827/1112/1104 673/1631/1623 3423/1110/1102
f 673/1631/1623 4509/2884/2876 3628/1632/1624
f 5243/3686/3678 2829/3676/3668 973/3675/3667
f 572/4600/4592 5243/3686/3678 5240/4601/4593
f 572/4600/4592 2829/3676/3668 5243/3686/3678
f 2829/3676/3668 572/4600/4592 1259/1085/1077
f 468/220/212 5524/2648/2640 2830/3672/3664
f 2750/3652/3644 468/220/212 4833/4297/4289
f 2831/317/309 464/2670/2662 1709/2649/2641
f 5340/316/308 464/2670/2662 2831/317/309
f 2283/4070/4062 2973/926/918 2832/4641/4633
f 5678/4643/4635 2973/926/918 2678/5491/5483
f 2757/1487/1479 4314/1474/1466 2833/122/114
f 294/4471/4463 399/1907/1899 2833/122/114
f 157/2780/2772 2834/4824/4816 1648/4823/4815
f 3386/2781/2773 2837/91/83 2834/4824/4816
f 262/2547/2539 5065/5545/5537 3235/5546/5538
f 262/2547/2539 1422/4423/4415 5065/5545/5537
f 2836/4711/4703 1298/4126/4118 5669/4307/4299
f 2834/4824/4816 2837/91/83 1648/4823/4815
f 280/90/82 1648/4823/4815 2837/91/83
f 2838/3591/3583 2104/3914/3906 1091/27/19
f 2838/3591/3583 156/2808/2800 2104/3914/3906
f 4452/1407/1399 2839/2583/2575 1082/2582/2574
f 1471/4582/4574 1296/231/223 2839/2583/2575
f 2840/1450/1442 4914/4696/4688 156/2808/2800
f 2838/3591/3583 2840/1450/1442 156/2808/2800
f 4096/5547/5539 2843/5548/5540 4310/5549/5541
f 5020/5550/5542 4304/5551/5543 65/5552/5544
f 605/3629/3621 4998/4781/4773 1144/4020/4012
f 3296/2673/2665 2348/3009/3001 4998/4781/4773
f 2843/5548/5540 4101/5553/5545 2844/5554/5546
f 65/5552/5544 4304/5551/5543 2843/5548/5540
f 1905/4820/4812 5019/163/155 2844/5554/5546
f 5019/163/155 2843/5548/5540 2844/5554/5546
f 545/4260/4252 2845/4596/4588 410/4261/4253
f 4983/4425/4417 545/4260/4252 3780/1992/1984
f 156/2808/2800 5341/4697/4689 2846/2809/2801
f 2846/2809/2801 5341/4697/4689 4670/4818/4810
f 2050/2276/2268 2847/5172/5164 493/531/523
f 493/531/523 5204/5209/5201 1342/529/521
f 2848/1818/1810 5535/1817/1809 89/118/110
f 89/118/110 4139/3933/3925 2848/1818/1810
f 93/4216/4208 2849/4202/4194 2852/2829/2821
f 4832/1123/1115 93/4216/4208 661/1124/1116
f 2300/3859/3851 2850/35/27 84/1511/1503
f 2300/3859/3851 390/33/25 2850/35/27
f 5535/1817/1809 2851/2605/2597 89/118/110
f 1438/4532/4524 619/4531/4523 4451/1572/1564
f 2852/2829/2821 653/2828/2820 1546/2851/2843
f 93/4216/4208 2852/2829/2821 1546/2851/2843
f 4257/2132/2124 2853/3589/3581 933/923/915
f 933/923/915 5160/339/331 2822/341/333
f 2854/2715/2707 1067/963/955 1369/2716/2708
f 2854/2715/2707 4587/5555/5547 1067/963/955
f 3226/2055/2047 2855/2054/2046 438/2045/2037
f 438/2045/2037 2857/5556/5548 1395/2046/2038
f 898/1381/1373 3996/59/51 3997/5557/5549
f 5887/5558/5550 5889/1384/1376 898/1381/1373
f 2857/5556/5548 2855/2054/2046 1919/3026/3018
f 438/2045/2037 2855/2054/2046 2857/5556/5548
f 3681/2206/2198 5109/5383/5375 2858/430/422
f 2858/430/422 695/5344/5336 997/5559/5551
f 1748/4924/4916 2862/3304/3296 2867/5560/5552
f 1495/4611/4603 1748/4924/4916 2867/5560/5552
f 2865/237/229 2860/3357/3349 5597/5241/5233
f 2860/3357/3349 1134/5160/5152 1093/3359/3351
f 5844/4506/4498 2115/3048/3040 2861/3050/3042
f 2244/1166/1158 1494/4608/4600 2861/3050/3042
f 1748/4924/4916 816/361/353 2862/3304/3296
f 816/361/353 391/1899/1891 3787/1898/1890
f 367/2952/2944 2863/2951/2943 1565/1798/1790
f 2025/535/527 1565/1798/1790 2863/2951/2943
f 5136/574/566 5134/2685/2677 608/572/564
f 4865/4560/4552 1458/32/24 4798/320/312
f 2865/237/229 1134/5160/5152 2860/3357/3349
f 4075/3997/3989 1134/5160/5152 2865/237/229
f 2866/4342/4334 1040/5373/5365 2399/4344/4336
f 1316/4341/4333 2866/4342/4334 2399/4344/4336
f 2862/3304/3296 2859/384/376 2867/5560/5552
f 1495/4611/4603 2867/5560/5552 2859/384/376
f 2868/3992/3984 36/2387/2379 1869/246/238
f 2868/3992/3984 1869/246/238 833/3362/3354
f 4712/1154/1146 2869/2494/2486 3367/1155/1147
f 950/3137/3129 2869/2494/2486 1908/2493/2485
f 1866/731/723 3388/730/722 2870/835/827
f 3638/1374/1366 2870/835/827 3388/730/722
f 3637/2296/2288 499/4442/4434 2871/2297/2289
f 5271/4932/4924 1752/2307/2299 2871/2297/2289
f 4711/5561/5553 1386/5562/5554 4570/5017/5009
f 5688/5563/5555 5686/5564/5556 5778/480/472
f 2873/4291/4283 3074/1255/1247 1286/1129/1121
f 2873/4291/4283 1286/1129/1121 4980/4795/4787
f 2874/478/470 5778/480/472 377/591/583
f 2874/478/470 2877/5275/5267 3750/4109/4101
f 1089/1327/1319 5183/1324/1316 339/1326/1318
f 1089/1327/1319 2589/5565/5557 5640/3912/3904
f 347/18/10 4487/3384/3376 2876/19/11
f 4484/2833/2825 3933/4732/4724 4500/2367/2359
f 2877/5275/5267 5068/3514/3506 904/5454/5446
f 2874/478/470 377/591/583 2877/5275/5267
f 2878/4829/4821 1654/1545/1537 951/4830/4822
f 3017/1544/1536 4293/3630/3622 3015/5566/5558
f 3542/369/361 946/368/360 2879/3234/3226
f 790/3233/3225 2879/3234/3226 946/368/360
f 2880/3326/3318 1649/500/492 2878/4829/4821
f 4815/5567/5559 311/475/467 2880/3326/3318
f 2673/5032/5024 4406/5489/5481 2881/3215/3207
f 3066/1184/1176 4407/1185/1177 55/1075/1067
f 2882/126/118 1745/4864/4856 4210/3015/3007
f 2882/126/118 4210/3015/3007 5836/4295/4287
f 1223/4178/4170 2883/1364/1356 3783/4613/4605
f 2883/1364/1356 1142/2051/2043 1497/3890/3882
f 2884/3451/3443 2591/2088/2080 877/5345/5337
f 2591/2088/2080 3670/2086/2078 987/2085/2077
f 2885/2381/2373 3218/2382/2374 51/3327/3319
f 2880/3326/3318 3220/477/469 51/3327/3319
f 3448/799/791 2886/2986/2978 2093/725/717
f 2887/3584/3576 627/2068/2060 1336/3742/3734
f 2887/3584/3576 3936/3586/3578 627/2068/2060
f 1273/4272/4264 986/813/805 2888/3712/3704
f 2888/3712/3704 986/813/805 2328/815/807
f 4437/4831/4823 2889/4651/4643 1655/2083/2075
f 2889/4651/4643 5629/2081/2073 1655/2083/2075
f 1280/1787/1779 2890/3787/3779 3831/3786/3778
f 2410/3342/3334 3945/551/543 1280/1787/1779
f 1698/2680/2672 5041/1726/1718 1694/4876/4868
f 1694/4876/4868 2894/2682/2674 607/2681/2673
f 1290/2314/2306 744/1271/1263 2892/1128/1120
f 4351/1270/1262 2892/1128/1120 744/1271/1263
f 2817/3296/3288 2893/3298/3290 1896/1994/1986
f 1896/1994/1986 5814/5409/5401 2467/3300/3292
f 2891/2907/2899 2894/2682/2674 1694/4876/4868
f 2891/2907/2899 4921/2683/2675 2894/2682/2674
f 1302/2816/2808 1397/4322/4314 2895/4321/4313
f 2895/4321/4313 5727/4327/4319 1302/2816/2808
f 5823/2459/2451 540/1940/1932 2896/2460/2452
f 3966/4500/4492 5584/1617/1609 3857/4501/4493
f 1717/1953/1945 2897/2757/2749 879/2756/2748
f 2897/2757/2749 1717/1953/1945 1506/2758/2750
f 2898/413/405 1805/886/878 1802/4828/4820
f 1802/4828/4820 3983/414/406 2898/413/405
f 2786/4875/4867 1695/455/447 2899/626/618
f 1695/455/447 2138/454/446 2899/626/618
f 2900/4251/4243 540/1940/1932 5823/2459/2451
f 2900/4251/4243 1260/559/551 4685/221/213
f 1783/2113/2105 2001/2115/2107 2901/4957/4949
f 2901/4957/4949 2001/2115/2107 124/2096/2088
f 313/4135/4127 4418/4597/4589 2902/4132/4124
f 1484/3134/3126 755/3133/3125 2902/4132/4124
f 2903/2322/2314 4520/4004/3996 1137/4003/3995
f 4318/2320/2312 2903/2322/2314 1137/4003/3995
f 5800/5239/5231 2904/1323/1315 1052/5568/5560
f 1894/3844/3836 1052/5568/5560 3666/5065/5057
f 5421/5190/5182 2905/2863/2855 5519/5441/5433
f 4138/609/601 218/608/600 4141/2850/2842
f 4036/5062/5054 2906/5064/5056 5037/1357/1349
f 1894/3844/3836 3666/5065/5057 2906/5064/5056
f 3299/4704/4696 2963/2043/2035 2907/4280/4272
f 498/2293/2285 2907/4280/4272 1279/2272/2264
f 456/4785/4777 2753/245/237 2908/3518/3510
f 456/4785/4777 2908/3518/3510 3811/4784/4776
f 1454/405/397 4456/404/396 2909/4455/4447
f 1388/2561/2553 2909/4455/4447 64/5569/5561
f 126/3368/3360 2910/5570/5562 4816/5571/5563
f 5498/1229/1221 126/3368/3360 242/256/248
f 4958/2247/2239 2911/2294/2286 2023/2248/2240
f 3393/3797/3789 1029/5572/5564 3629/3799/3791
f 5339/2490/2482 4303/2733/2725 2912/2732/2724
f 4091/3605/3597 1590/3604/3596 621/4752/4744
f 5233/2137/2129 2913/2139/2131 106/5132/5124
f 4986/2975/2967 2982/2974/2966 106/5132/5124
f 2914/1633/1625 250/4286/4278 4242/3566/3558
f 5679/1997/1989 2914/1633/1625 1899/4744/4736
f 1074/1247/1239 3327/5379/5371 1412/3289/3281
f 842/3367/3359 3327/5379/5371 5600/3882/3874
f 1775/4780/4772 2916/4779/4771 432/3238/3230
f 432/3238/3230 4923/5573/5565 713/176/168
f 1969/2430/2422 4299/3535/3527 2917/2431/2423
f 4710/1235/1227 4297/1114/1106 1997/1113/1105
f 2429/4686/4678 4673/1417/1409 2918/5390/5382
f 4486/4819/4811 1181/5574/5566 4670/4818/4810
f 542/1603/1595 2390/5364/5356 2919/423/415
f 1103/3937/3929 2919/423/415 5401/5365/5357
f 2920/2319/2311 2422/1534/1526 309/1533/1525
f 2422/1534/1526 2920/2319/2311 2417/5384/5376
f 2921/4838/4830 1037/1310/1302 3506/1309/1301
f 2921/4838/4830 2924/1601/1593 1037/1310/1302
f 248/1263/1255 2922/530/522 1342/529/521
f 248/1263/1255 2794/2882/2874 2922/530/522
f 2923/1581/1573 1075/3886/3878 2927/4805/4797
f 1075/3886/3878 3402/2878/2870 988/1580/1572
f 2924/1601/1593 324/3810/3802 1658/1240/1232
f 1037/1310/1302 2924/1601/1593 1658/1240/1232
f 1868/2283/2275 2558/3221/3213 5551/3223/3215
f 5551/3223/3215 786/2400/2392 1868/2283/2275
f 2929/812/804 1364/2311/2303 5130/573/565
f 5130/573/565 5882/2091/2083 2864/2093/2085
f 2938/707/699 2927/4805/4797 319/703/695
f 2927/4805/4797 2632/3720/3712 2923/1581/1573
f 2274/88/80 5662/5508/5500 2928/5306/5298
f 2928/5306/5298 446/2564/2556 2274/88/80
f 1930/2312/2304 2929/812/804 61/1626/1618
f 2929/812/804 1930/2312/2304 1364/2311/2303
f 4011/5346/5338 2930/1984/1976 928/2028/2020
f 3401/3682/3674 928/2028/2020 2930/1984/1976
f 5563/2513/2505 2931/952/944 2002/4105/4097
f 2002/4105/4097 2931/952/944 2938/707/699
f 1970/970/962 2932/4267/4259 1269/971/963
f 3374/2922/2914 1269/971/963 2932/4267/4259
f 2933/2464/2456 295/1479/1471 3159/2749/2741
f 295/1479/1471 2933/2464/2456 4955/2466/2458
f 2934/5432/5424 5426/1744/1736 939/1743/1735
f 5026/2122/2114 939/1743/1735 455/2121/2113
f 507/3241/3233 2935/2326/2318 1043/5575/5567
f 4989/3243/3235 2935/2326/2318 507/3241/3233
f 544/885/877 2936/884/876 2797/2474/2466
f 853/3393/3385 2797/2474/2466 2936/884/876
f 1355/1638/1630 3560/3282/3274 2937/141/133
f 5231/2899/2891 1355/1638/1630 2940/4414/4406
f 2938/707/699 2931/952/944 2632/3720/3712
f 2927/4805/4797 2938/707/699 2632/3720/3712
f 2939/1938/1930 3693/1153/1145 1020/1935/1927
f 5577/2477/2469 5059/3776/3768 1653/411/403
f 2937/141/133 964/2898/2890 2940/4414/4406
f 1355/1638/1630 2937/141/133 2940/4414/4406
f 418/3257/3249 1832/234/226 2941/1973/1965
f 418/3257/3249 2941/1973/1965 4033/5576/5568
f 221/1138/1130 949/102/94 2942/3626/3618
f 2942/3626/3618 949/102/94 4235/5577/5569
f 3360/653/645 2944/3749/3741 394/4409/4401
f 2944/3749/3741 2172/1888/1880 394/4409/4401
f 767/2305/2297 1450/4552/4544 2945/1022/1014
f 3900/4548/4540 2945/1022/1014 1450/4552/4544
f 2946/4331/4323 4799/319/311 574/318/310
f 2946/4331/4323 574/318/310 1922/2575/2567
f 403/5183/5175 2947/3450/3442 2123/5223/5215
f 2123/5223/5215 2947/3450/3442 501/137/129
f 1096/2915/2907 1968/4519/4511 2948/3930/3922
f 4296/2916/2908 1096/2915/2907 5479/3931/3923
f 997/5559/5551 695/5344/5336 2949/1051/1043
f 2949/1051/1043 49/1483/1475 5873/3732/3724
f 490/2803/2795 2950/2600/2592 496/3906/3898
f 2950/2600/2592 5397/5578/5570 496/3906/3898
f 2951/1376/1368 1784/3269/3261 3893/3268/3260
f 203/1053/1045 1784/3269/3261 2951/1376/1368
f 2952/2865/2857 2949/1051/1043 1421/1050/1042
f 4972/5043/5035 2952/2865/2857 1421/1050/1042
f 86/1173/1165 2241/1175/1167 2953/1177/1169
f 86/1173/1165 3955/350/342 1306/349/341
f 754/2588/2580 2975/5579/5571 2954/522/514
f 5558/1060/1052 2711/3131/3123 754/2588/2580
f 2237/5282/5274 870/3433/3425 2955/44/36
f 870/3433/3425 2455/3157/3149 2955/44/36
f 1306/349/341 2956/1174/1166 86/1173/1165
f 5454/5506/5498 724/4721/4713 2956/1174/1166
f 43/1169/1161 2957/5112/5104 2960/5113/5105
f 2957/5112/5104 1966/3363/3355 4731/5580/5572
f 2705/3485/3477 1098/1444/1436 2958/1446/1438
f 2705/3485/3477 2958/1446/1438 73/5505/5497
f 2959/2949/2941 5229/2942/2934 917/3554/3546
f 289/4306/4298 2959/2949/2941 5667/5581/5573
f 2960/5113/5105 2957/5112/5104 4731/5580/5572
f 3623/5582/5574 2975/5579/5571 2964/4980/4972
f 143/489/481 745/2332/2324 2961/3104/3096
f 2961/3104/3096 5436/487/479 143/489/481
f 3187/4375/4367 2759/4378/4370 4554/5583/5575
f 4552/5584/5576 4583/4376/4368 3187/4375/4367
f 1279/2272/2264 2963/2043/2035 2458/677/669
f 2963/2043/2035 1279/2272/2264 2907/4280/4272
f 2964/4980/4972 2960/5113/5105 3623/5582/5574
f 1960/2586/2578 2960/5113/5105 2964/4980/4972
f 906/2290/2282 3313/2257/2249 2965/3525/3517
f 716/1697/1689 4200/1699/1691 344/1694/1686
f 3634/5585/5577 2966/3953/3945 2970/2310/2302
f 2543/5442/5434 4641/2298/2290 3634/5585/5577
f 2967/2601/2593 3890/5586/5578 4919/741/733
f 2967/2601/2593 5197/29/21 3890/5586/5578
f 4578/3118/3110 2968/3123/3115 1469/3122/3114
f 378/5587/5579 2962/112/104 3687/111/103
f 2964/4980/4972 2975/5579/5571 1806/2587/2579
f 754/2588/2580 1806/2587/2579 2975/5579/5571
f 1110/3962/3954 3634/5585/5577 2970/2310/2302
f 1110/3962/3954 2970/2310/2302 623/2309/2301
f 2971/5588/5580 2818/2343/2335 4089/3988/3980
f 2971/5588/5580 3899/5540/5532 2818/2343/2335
f 1634/4796/4788 1626/3399/3391 2972/4803/4795
f 4274/5589/5581 1634/4796/4788 2972/4803/4795
f 1172/503/495 2973/926/918 2283/4070/4062
f 2576/224/216 2973/926/918 1172/503/495
f 2974/4628/4620 1630/4804/4796 4245/4797/4789
f 1630/4804/4796 2974/4628/4620 1281/3495/3487
f 4522/51/43 2975/5579/5571 578/1226/1218
f 2975/5579/5571 2969/523/515 2954/522/514
f 108/5590/5582 3480/4625/4617 2979/5591/5583
f 2976/3051/3043 4430/5077/5069 1354/898/890
f 2976/3051/3043 1354/898/890 2801/897/889
f 655/2846/2838 2977/2169/2161 2337/2836/2828
f 4581/2170/2162 2977/2169/2161 4847/673/665
f 738/3078/3070 2285/3080/3072 2978/283/275
f 4801/4905/4897 4806/1977/1969 738/3078/3070
f 2980/1118/1110 1852/2644/2636 217/1102/1094
f 2980/1118/1110 217/1102/1094 2986/1101/1093
f 2981/3469/3461 1722/3468/3460 884/888/880
f 2981/3469/3461 884/888/880 3340/887/879
f 2982/2974/2966 702/327/319 1114/160/152
f 2982/2974/2966 1114/160/152 106/5132/5124
f 5654/3211/3203 2983/1116/1108 783/3210/3202
f 783/3210/3202 2986/1101/1093 781/2887/2879
f 2993/831/823 194/3276/3268 2984/1607/1599
f 1017/829/821 2993/831/823 2984/1607/1599
f 5167/3666/3658 2985/5028/5020 4493/3664/3656
f 4878/4346/4338 1319/1961/1953 1871/1962/1954
f 2983/1116/1108 2986/1101/1093 783/3210/3202
f 2986/1101/1093 2983/1116/1108 2980/1118/1110
f 1114/160/152 2987/329/321 3659/4429/4421
f 2987/329/321 1114/160/152 702/327/319
f 3938/3822/3814 2988/700/692 3896/4479/4471
f 2988/700/692 2286/5002/4994 3758/1210/1202
f 5226/1610/1602 194/3276/3268 2989/1611/1603
f 1912/5038/5030 4668/1596/1588 194/3276/3268
f 289/4306/4298 2990/4128/4120 1201/902/894
f 2990/4128/4120 2994/4129/4121 1201/902/894
f 1924/5086/5078 2991/2129/2121 2759/4378/4370
f 2759/4378/4370 2991/2129/2121 4554/5583/5575
f 2992/4339/4331 1317/351/343 1315/4337/4329
f 1315/4337/4329 1065/3167/3159 4751/3166/3158
f 1912/5038/5030 2993/831/823 5770/830/822
f 1912/5038/5030 194/3276/3268 2993/831/823
f 1201/902/894 2994/4129/4121 5425/4125/4117
f 5186/2845/2837 4827/3577/3569 2337/2836/2828
f 659/5592/5584 2748/4438/4430 4827/3577/3569
f 1528/287/279 2996/3212/3204 4087/285/277
f 2996/3212/3204 1528/287/279 2135/4005/3997
f 16/5123/5115 2997/1768/1760 923/5124/5116
f 2997/1768/1760 1120/1771/1763 923/5124/5116
f 2135/4005/3997 2998/4007/3999 3425/1773/1765
f 2135/4005/3997 1528/287/279 3136/2434/2426
f 2999/3037/3029 4457/3036/3028 977/1679/1671
f 340/3694/3686 2999/3037/3029 5417/1401/1393
f 3000/3349/3341 3609/3647/3639 5776/3645/3637
f 4539/3351/3343 5779/3632/3624 2112/2061/2053
f 3001/2025/2017 4465/919/911 579/918/910
f 580/4909/4901 3045/4446/4438 579/918/910
f 899/2347/2339 334/439/431 3002/3509/3501
f 899/2347/2339 3925/3522/3514 514/1195/1187
f 1200/4121/4113 3003/4122/4114 303/1513/1505
f 303/1513/1505 3003/4122/4114 4664/1561/1553
f 3004/4418/4410 484/2242/2234 2177/3758/3750
f 2177/3758/3750 1361/3965/3957 3004/4418/4410
f 3461/3431/3423 4736/3430/3422 4720/5593/5585
f 2500/5256/5248 3461/3431/3423 4737/5283/5275
f 1047/4794/4786 3006/382/374 2862/3304/3296
f 3721/3825/3817 3006/382/374 1047/4794/4786
f 3007/298/290 2216/709/701 3668/296/288
f 1165/4059/4051 3261/5176/5168 3007/298/290
f 3008/2253/2245 5878/4946/4938 1071/2252/2244
f 1071/2252/2244 4342/3165/3157 3008/2253/2245
f 3496/5594/5586 4111/2762/2754 3009/3725/3717
f 5041/1726/1718 991/4872/4864 4618/1738/1730
f 328/1618/1610 3010/4798/4790 1627/3278/3270
f 1627/3278/3270 3010/4798/4790 5194/1623/1615
f 3011/300/292 1006/2108/2100 1926/301/293
f 1006/2108/2100 3013/251/243 1459/2109/2101
f 3012/4688/4680 1552/5595/5587 1457/4558/4550
f 3737/302/294 3013/251/243 3011/300/292
f 3013/251/243 1006/2108/2100 3011/300/292
f 5493/5596/5588 4356/4730/4722 3014/4729/4721
f 3016/4750/4742 5493/5596/5588 3014/4729/4721
f 4293/3630/3622 951/4830/4822 3015/5566/5558
f 951/4830/4822 1475/4565/4557 3015/5566/5558
f 3016/4750/4742 3895/4715/4707 1581/4738/4730
f 3016/4750/4742 1581/4738/4730 4357/4737/4729
f 1475/4565/4557 3017/1544/1536 3015/5566/5558
f 3017/1544/1536 1475/4565/4557 3020/250/242
f 732/3091/3083 4639/3073/3065 741/378/370
f 4639/3073/3065 5295/599/591 4199/3061/3053
f 2325/869/861 3019/3117/3109 2784/867/859
f 2325/869/861 2323/4575/4567 3019/3117/3109
f 3020/250/242 1475/4565/4557 5881/4562/4554
f 1459/2109/2101 3013/251/243 3020/250/242
f 3021/5213/5205 2121/5216/5208 4368/5214/5206
f 4891/3087/3079 5442/5219/5211 4894/5597/5589
f 4934/1358/1350 3022/5598/5590 92/1359/1351
f 2130/1341/1333 4598/1340/1332 3029/5225/5217
f 568/2556/2548 3023/152/144 3875/3619/3611
f 3023/152/144 568/2556/2548 227/153/145
f 3024/4393/4385 1002/1293/1285 15/1292/1284
f 547/5599/5591 3028/3909/3901 15/1292/1284
f 3022/5598/5590 4936/3843/3835 3025/5600/5592
f 4598/1340/1332 3022/5598/5590 3029/5225/5217
f 942/5601/5593 946/368/360 3026/5602/5594
f 489/1036/1028 3829/4357/4349 5527/1034/1026
f 1094/490/482 3027/492/484 3903/5449/5441
f 773/5448/5440 3027/492/484 85/442/434
f 3028/3909/3901 3024/4393/4385 15/1292/1284
f 4761/3911/3903 3028/3909/3901 2875/3908/3900
f 3029/5225/5217 4416/2007/1999 5163/2006/1998
f 3022/5598/5590 4416/2007/1999 3029/5225/5217
f 1129/438/430 3030/2159/2151 3538/3989/3981
f 3914/437/429 3030/2159/2151 1129/438/430
f 3031/3184/3176 1094/490/482 3903/5449/5441
f 2542/3922/3914 1094/490/482 3031/3184/3176
f 845/1988/1980 3032/3375/3367 1488/1989/1981
f 4840/4599/4591 422/4598/4590 1488/1989/1981
f 3236/175/167 343/5603/5595 3033/5103/5095
f 3033/5103/5095 343/5603/5595 3828/5116/5108
f 3034/1333/1325 23/2038/2030 1657/1334/1326
f 3034/1333/1325 2765/2966/2958 23/2038/2030
f 3035/2659/2651 602/215/207 2109/5604/5596
f 3035/2659/2651 2109/5604/5596 3648/4536/4528
f 5208/4366/4358 2144/4365/4357 3036/392/384
f 5210/4032/4024 5213/5531/5523 5208/4366/4358
f 1032/1439/1431 3037/611/603 5522/3826/3818
f 2376/4999/4991 3037/611/603 3195/610/602
f 3038/2437/2429 2375/3756/3748 4440/460/452
f 3038/2437/2429 4128/5355/5347 2375/3756/3748
f 4231/4277/4269 1275/2839/2831 3039/2849/2841
f 1941/2847/2839 3039/2849/2841 1275/2839/2831
f 398/4475/4467 3040/4474/4466 4005/1905/1897
f 4005/1905/1897 3040/4474/4466 4652/4476/4468
f 2381/1017/1009 1106/5360/5352 3041/3943/3935
f 2381/1017/1009 3041/3943/3935 1855/3945/3937
f 2154/2117/2109 2383/5362/5354 3042/4402/4394
f 975/2118/2110 2154/2117/2109 3042/4402/4394
f 2484/3347/3339 3043/1923/1915 1736/4914/4906
f 3176/3960/3952 1736/4914/4906 3043/1923/1915
f 481/1300/1292 4018/2234/2226 3044/110/102
f 3044/110/102 5232/3197/3189 481/1300/1292
f 4071/5285/5277 255/5284/5276 2238/3403/3395
f 2702/2076/2068 3001/2025/2017 5781/4447/4439
f 579/918/910 5781/4447/4439 3001/2025/2017
f 1836/5005/4997 4774/5004/4996 3953/5605/5597
f 4836/5606/5598 3953/5605/5597 4774/5004/4996
f 739/5607/5599 3123/3766/3758 205/5608/5600
f 3463/1337/1329 3123/3766/3758 739/5607/5599
f 5448/5406/5398 3048/2454/2446 5640/3912/3904
f 5448/5406/5398 2461/312/304 3048/2454/2446
f 3049/5609/5601 3046/5153/5145 2494/4998/4990
f 3868/5610/5602 3055/5611/5603 3049/5609/5601
f 4761/3911/3903 3048/2454/2446 3050/2453/2445
f 4761/3911/3903 3050/2453/2445 2153/2452/2444
f 3051/1408/1400 4452/1407/1399 282/2189/2181
f 282/2189/2181 4181/3790/3782 3051/1408/1400
f 3052/2408/2400 2494/4998/4990 5865/37/29
f 3049/5609/5601 2494/4998/4990 3868/5610/5602
f 1194/4111/4103 3053/579/571 454/3190/3182
f 663/3188/3180 3053/579/571 1194/4111/4103
f 3054/1286/1278 2210/1285/1277 4003/4047/4039
f 3059/4041/4033 1481/1287/1279 3054/1286/1278
f 5176/5612/5604 3950/5613/5605 3055/5611/5603
f 3868/5610/5602 5176/5612/5604 3055/5611/5603
f 3056/1728/1720 1188/1730/1722 5807/1261/1253
f 386/5474/5466 2771/1864/1856 3056/1728/1720
f 392/875/867 2783/874/866 3057/2752/2744
f 4049/4290/4282 392/875/867 3057/2752/2744
f 3817/3549/3541 915/2153/2145 3058/3548/3540
f 915/2153/2145 5568/2156/2148 3058/3548/3540
f 118/4044/4036 3069/1755/1747 3059/4041/4033
f 3054/1286/1278 5556/5614/5606 3059/4041/4033
f 3060/5615/5607 1836/5005/4997 3953/5605/5597
f 2685/5007/4999 1836/5005/4997 5349/4997/4989
f 3061/1678/1670 662/2855/2847 1079/3893/3885
f 977/1679/1671 3061/1678/1670 4677/225/217
f 5190/466/458 765/494/486 5193/493/485
f 5190/466/458 1408/1814/1806 4425/467/459
f 859/3410/3402 3063/1412/1404 2777/253/245
f 4628/4591/4583 3063/1412/1404 859/3410/3402
f 3064/5616/5608 5389/5617/5609 3950/5613/5605
f 3868/5610/5602 5868/5618/5610 5176/5612/5604
f 1155/5070/5062 2701/4043/4035 3065/4042/4034
f 1237/1754/1746 3072/284/276 3069/1755/1747
f 3066/1184/1176 1935/1074/1066 33/1970/1962
f 3066/1184/1176 33/1970/1962 2689/1969/1961
f 2032/3044/3036 3067/2295/2287 3393/3797/3789
f 3067/2295/2287 2032/3044/3036 1884/597/589
f 3068/4995/4987 1831/5619/5611 3882/565/557
f 3068/4995/4987 3950/5613/5605 5389/5617/5609
f 3072/284/276 3065/4042/4034 3069/1755/1747
f 3065/4042/4034 3059/4041/4033 3069/1755/1747
f 4165/5221/5213 3070/3575/3567 2748/4438/4430
f 3070/3575/3567 4827/3577/3569 2748/4438/4430
f 4115/3448/3440 3071/1204/1196 1174/203/195
f 3071/1204/1196 233/4075/4067 1174/203/195
f 3072/284/276 2978/283/275 1155/5070/5062
f 3072/284/276 1155/5070/5062 3065/4042/4034
f 3627/4724/4716 5124/4723/4715 2009/861/853
f 2009/861/853 5124/4723/4715 3928/3230/3222
f 3074/1255/1247 552/2504/2496 1286/1129/1121
f 552/2504/2496 3611/2505/2497 1898/2502/2494
f 17/2711/2703 450/3679/3671 3075/1080/1072
f 4330/1079/1071 17/2711/2703 3075/1080/1072
f 2357/515/507 1929/514/506 3076/2730/2722
f 1246/4235/4227 2357/515/507 3076/2730/2722
f 4744/2783/2775 3077/1104/1096 5652/2782/2774
f 3077/1104/1096 696/2048/2040 636/2946/2938
f 5206/1519/1511 2361/1521/1513 1305/4314/4306
f 1305/4314/4306 2895/4321/4313 5206/1519/1511
f 2000/1933/1925 3079/4106/4098 1185/5138/5130
f 3907/1929/1921 4144/5620/5612 5473/5621/5613
f 3802/3247/3239 3080/4205/4197 794/3245/3237
f 616/2712/2704 4330/1079/1071 5237/1082/1074
f 66/2333/2325 1584/330/322 3081/5622/5614
f 1584/330/322 5075/332/324 5782/5623/5615
f 3083/179/171 1675/4854/4846 3723/4855/4847
f 2943/3553/3545 3083/179/171 3723/4855/4847
f 638/2786/2778 3087/5458/5450 2587/770/762
f 634/2775/2767 3087/5458/5450 638/2786/2778
f 3085/2815/2807 1169/2114/2106 1783/2113/2105
f 4446/2094/2086 3085/2815/2807 1783/2113/2105
f 331/2017/2009 429/2019/2011 3086/1655/1647
f 1759/65/57 331/2017/2009 3279/5624/5616
f 3084/2066/2058 4571/2967/2959 3087/5458/5450
f 634/2775/2767 3084/2066/2058 3087/5458/5450
f 4793/4903/4895 3088/5625/5617 5590/4682/4674
f 1723/1045/1037 938/61/53 4839/60/52
f 1182/2552/2544 4176/5137/5129 3089/4092/4084
f 1262/1137/1129 1182/2552/2544 3089/4092/4084
f 3088/5625/5617 3090/546/538 417/5626/5618
f 725/3039/3031 417/5626/5618 3090/546/538
f 995/5170/5162 681/1725/1717 3091/1727/1719
f 3091/1727/1719 353/5024/5016 995/5170/5162
f 3089/4092/4084 3092/2548/2540 566/196/188
f 3092/2548/2540 1813/2550/2542 566/196/188
f 3093/4273/4265 5017/303/295 719/1624/1616
f 5017/303/295 3093/4273/4265 1273/4272/4264
f 3094/3814/3806 273/1382/1374 1318/4343/4335
f 3094/3814/3806 1318/4343/4335 606/355/347
f 3095/3242/3234 793/1037/1029 4989/3243/3235
f 788/1063/1055 793/1037/1029 3577/3699/3691
f 2199/2895/2887 3082/2894/2886 3096/3888/3880
f 5023/5260/5252 4622/5259/5251 2199/2895/2887
f 3097/1763/1755 4490/1709/1701 1465/1764/1756
f 3458/1711/1703 4490/1709/1701 3097/1763/1755
f 4857/997/989 4187/4931/4923 1378/998/990
f 1378/998/990 4187/4931/4923 499/4442/4434
f 1430/331/323 3099/4517/4509 5075/332/324
f 2256/4302/4294 3099/4517/4509 1430/331/323
f 5259/3925/3917 790/3233/3225 3100/2918/2910
f 5259/3925/3917 3100/2918/2910 1641/2263/2255
f 1403/2360/2352 4332/292/284 3101/2364/2356
f 4718/4470/4462 3101/2364/2356 4332/292/284
f 3106/5258/5250 3102/614/606 3078/5627/5619
f 3106/5258/5250 1391/1355/1347 3102/614/606
f 4168/5352/5344 1056/1052/1044 3103/5273/5265
f 1056/1052/1044 5713/2279/2271 3103/5273/5265
f 2425/2070/2062 5012/2621/2613 3104/2074/2066
f 2425/2070/2062 3104/2074/2066 5797/5388/5380
f 267/1351/1343 1961/826/818 3105/1012/1004
f 3105/1012/1004 1267/2306/2298 267/1351/1343
f 5203/5150/5142 3106/5258/5250 3078/5627/5619
f 2198/4466/4458 3106/5258/5250 5203/5150/5142
f 3107/4508/4500 5172/1069/1061 3837/4770/4762
f 5177/2267/2259 3112/2285/2277 207/2265/2257
f 2474/3379/3371 162/3319/3311 3108/217/209
f 2219/218/210 3108/217/209 162/3319/3311
f 3482/4623/4615 3265/2112/2104 3109/4624/4616
f 4594/95/87 4178/2814/2806 1383/647/639
f 1454/405/397 2909/4455/4447 3110/322/314
f 3110/322/314 2909/4455/4447 850/323/315
f 1550/899/891 2592/901/893 3111/721/713
f 3111/721/713 2592/901/893 4724/722/714
f 5177/2267/2259 3837/4770/4762 3112/2285/2277
f 3112/2285/2277 3837/4770/4762 1087/2268/2260
f 683/1338/1330 3113/5628/5620 2466/265/257
f 3113/5628/5620 683/1338/1330 3110/322/314
f 3114/3651/3643 961/3658/3650 2088/1993/1985
f 1766/3659/3651 961/3658/3650 3114/3651/3643
f 314/2157/2149 1033/3805/3797 3115/5629/5621
f 3385/729/721 1563/2001/1993 3115/5629/5621
f 3116/3689/3681 3392/3625/3617 2210/1285/1277
f 2210/1285/1277 4372/5265/5257 4963/5264/5256
f 2288/1648/1640 3117/55/47 410/4261/4253
f 1266/2478/2470 410/4261/4253 5303/4262/4254
f 4095/3824/3816 1168/518/510 3118/517/509
f 555/4556/4548 1045/2976/2968 3118/517/509
f 4018/2234/2226 5653/2233/2225 3119/1115/1107
f 3119/1115/1107 3044/110/102 4018/2234/2226
f 5440/4197/4189 437/791/783 1790/790/782
f 437/791/783 5440/4197/4189 1885/2052/2044
f 3121/843/835 4802/5630/5622 4800/842/834
f 4395/2316/2308 504/2703/2695 4807/5631/5623
f 3366/134/126 3122/4313/4305 885/3471/3463
f 885/3471/3463 3122/4313/4305 3963/3934/3926
f 1413/3092/3084 3047/3083/3075 3123/3766/3758
f 3047/3083/3075 205/5608/5600 3123/3766/3758
f 2670/5145/5137 3124/2341/2333 2014/2330/2322
f 3124/2341/2333 4694/2331/2323 2014/2330/2322
f 1026/93/85 3125/659/651 1586/4746/4738
f 4594/95/87 3125/659/651 1026/93/85
f 5855/5357/5349 5720/4845/4837 3126/1576/1568
f 5720/4845/4837 2183/1056/1048 3126/1576/1568
f 1294/2650/2642 1709/2649/2641 3127/5485/5477
f 1709/2649/2641 464/2670/2662 3130/4891/4883
f 3128/3792/3784 551/2500/2492 3745/2499/2491
f 551/2500/2492 3128/3792/3784 554/2501/2493
f 3129/542/534 4192/2721/2713 3581/3649/3641
f 5445/544/536 2134/5226/5218 3129/542/534
f 1709/2649/2641 3130/4891/4883 3127/5485/5477
f 3127/5485/5477 3130/4891/4883 2664/2149/2141
f 763/3161/3153 432/3238/3230 3131/2030/2022
f 713/176/168 3131/2030/2022 432/3238/3230
f 4735/3884/3876 1075/3886/3878 988/1580/1572
f 4735/3884/3876 988/1580/1572 992/1579/1571
f 3133/1013/1005 195/1015/1007 2196/5257/5249
f 2196/5257/5249 1960/2586/2578 3133/1013/1005
f 1102/3935/3927 1415/773/765 3134/3951/3943
f 885/3471/3463 1102/3935/3927 3134/3951/3943
f 1943/1262/1254 3135/5098/5090 2794/2882/2874
f 2794/2882/2874 3135/5098/5090 4338/5451/5443
f 3136/2434/2426 1138/5228/5220 2998/4007/3999
f 3136/2434/2426 2998/4007/3999 2135/4005/3997
f 3137/5632/5624 2320/5329/5321 5074/5040/5032
f 785/587/579 2881/3215/3207 5258/3214/3206
f 5258/3214/3206 506/588/580 785/587/579
f 1734/4910/4902 3140/5143/5135 5711/5633/5625
f 122/2130/2122 2762/1346/1338 3140/5143/5135
f 3141/347/339 1498/4614/4606 130/4371/4363
f 3808/1640/1632 3308/1642/1634 3141/347/339
f 3142/2854/2846 277/2857/2849 662/2855/2847
f 130/4371/4363 3143/26/18 2930/1984/1976
f 4436/1663/1655 3143/26/18 130/4371/4363
f 3572/1562/1554 5374/5634/5626 3144/242/234
f 3228/241/233 3572/1562/1554 3144/242/234
f 4519/1664/1656 3145/3724/3716 4701/5635/5627
f 2625/2597/2589 3145/3724/3716 2456/2598/2590
f 3146/464/456 827/488/480 32/465/457
f 827/488/480 3146/464/456 2232/3324/3316
f 1574/3486/3478 2705/3485/3477 3147/3489/3481
f 5124/4723/4715 1574/3486/3478 3147/3489/3481
f 3821/5393/5385 2790/2486/2478 3148/1181/1173
f 3148/1181/1173 2430/5389/5381 3821/5393/5385
f 2582/1400/1392 796/1399/1391 4435/4952/4944
f 968/2651/2643 4030/2181/2173 3834/3251/3243
f 1228/2031/2023 1611/3236/3228 3150/1182/1174
f 1228/2031/2023 3150/1182/1174 3148/1181/1173
f 5839/5269/5261 2216/709/701 3151/1222/1214
f 3151/1222/1214 2216/709/701 3007/298/290
f 1303/172/164 3152/154/146 227/153/145
f 5211/4318/4310 1303/172/164 4843/2900/2892
f 136/3639/3631 3281/3638/3630 3153/3623/3615
f 136/3639/3631 5839/5269/5261 3151/1222/1214
f 3154/4441/4433 1535/4074/4066 3873/4388/4380
f 1535/4074/4066 3154/4441/4433 2460/4073/4065
f 3155/2165/2157 1041/2160/2152 4826/2163/2155
f 3738/2688/2680 461/3817/3809 3454/3816/3808
f 509/334/326 4759/5495/5487 3822/877/869
f 3824/5636/5628 3820/21/13 3465/23/15
f 298/1489/1481 3157/1491/1483 213/3743/3735
f 213/3743/3735 4233/2748/2740 4140/3744/3736
f 3158/766/758 2479/2337/2329 4470/2371/2363
f 2479/2337/2329 3158/766/758 1119/765/757
f 3159/2749/2741 1797/1490/1482 2933/2464/2456
f 1797/1490/1482 3159/2749/2741 3157/1491/1483
f 3161/1998/1990 3160/3388/3380 2579/1715/1707
f 3160/3388/3380 3492/1716/1708 2579/1715/1707
f 3161/1998/1990 314/2157/2149 463/3985/3977
f 3161/1998/1990 463/3985/3977 3160/3388/3380
f 3164/5637/5629 2073/5185/5177 3162/1209/1201
f 3164/5637/5629 4714/1200/1192 4975/5638/5630
f 2870/835/827 1444/1373/1365 3163/2023/2015
f 1444/1373/1365 3823/5305/5297 3163/2023/2015
f 3164/5637/5629 4975/5638/5630 3456/5639/5631
f 3164/5637/5629 3456/5639/5631 2073/5185/5177
f 309/1533/1525 3165/5402/5394 2449/5403/5395
f 299/1532/1524 3165/5402/5394 309/1533/1525
f 869/1207/1199 2073/5185/5177 3166/3202/3194
f 4262/3149/3141 2073/5185/5177 5256/5186/5178
f 4627/5640/5632 3167/4637/4629 1738/3539/3531
f 3167/4637/4629 1509/3266/3258 1738/3539/3531
f 3168/3899/3891 5501/3004/2996 421/3006/2998
f 4193/2978/2970 1957/5109/5101 3168/3899/3891
f 3169/2340/2332 1245/4233/4225 3124/2341/2333
f 3173/4762/4754 3175/4761/4753 5402/5641/5633
f 1578/2834/2826 3170/4731/4723 4484/2833/2825
f 1986/3040/3032 3170/4731/4723 1578/2834/2826
f 1008/1430/1422 4268/1429/1421 3171/1457/1449
f 157/2780/2772 1648/4823/4815 5047/4777/4769
f 722/3030/3022 4793/4903/4895 4886/1188/1180
f 1939/1187/1179 722/3030/3022 4886/1188/1180
f 3173/4762/4754 3441/1535/1527 3201/4764/4756
f 3173/4762/4754 5402/5641/5633 4388/5642/5634
f 3174/778/770 4896/3599/3591 3719/2584/2576
f 3719/2584/2576 3569/2177/2169 3174/778/770
f 3175/4761/4753 2392/4230/4222 1245/4233/4225
f 3175/4761/4753 1245/4233/4225 5402/5641/5633
f 522/2384/2376 1109/2388/2380 3176/3960/3952
f 1736/4914/4906 3176/3960/3952 1109/2388/2380
f 1021/3777/3769 3177/3295/3287 536/3294/3286
f 1021/3777/3769 3398/4862/4854 3177/3295/3287
f 3178/4334/4326 5111/589/581 3985/2323/2315
f 3178/4334/4326 3546/4333/4325 376/698/690
f 5072/4379/4371 4580/1831/1823 3179/1498/1490
f 4580/1831/1823 592/1830/1822 3179/1498/1490
f 2859/384/376 3180/2442/2434 1495/4611/4603
f 3177/3295/3287 1495/4611/4603 3180/2442/2434
f 4828/2957/2949 3181/20/12 862/4571/4563
f 862/4571/4563 3181/20/12 2876/19/11
f 3179/1498/1490 4195/4382/4374 3182/4380/4372
f 2759/4378/4370 3182/4380/4372 1924/5086/5078
f 555/4556/4548 3183/4638/4630 1513/635/627
f 2931/952/944 5563/2513/2505 4638/953/945
f 3184/2366/2358 862/4571/4563 4500/2367/2359
f 862/4571/4563 3184/2366/2358 3812/2958/2950
f 1110/3962/3954 2987/329/321 3185/328/320
f 3185/328/320 3634/5585/5577 1110/3962/3954
f 3186/1404/1396 2171/3475/3467 480/2226/2218
f 5414/5643/5635 3186/1404/1396 2684/337/329
f 2759/4378/4370 3187/4375/4367 5072/4379/4371
f 337/5644/5636 3187/4375/4367 1334/4377/4369
f 2715/3730/3722 2717/3722/3714 3188/5307/5299
f 3188/5307/5299 125/87/79 2715/3730/3722
f 3189/2060/2052 2079/5645/5637 936/2058/2050
f 3189/2060/2052 467/775/767 4709/5188/5180
f 2148/4568/4560 3190/5233/5225 1463/4563/4555
f 3190/5233/5225 4394/2472/2464 442/474/466
f 418/3257/3249 3191/5000/4992 1832/234/226
f 1832/234/226 3195/610/602 708/2994/2986
f 3192/1269/1261 4369/1267/1259 4981/5646/5638
f 3192/1269/1261 704/1132/1124 4367/3544/3536
f 3193/2275/2267 39/2274/2266 492/4759/4751
f 3372/2179/2171 4402/2178/2170 492/4759/4751
f 2628/1862/1854 836/1260/1252 3194/3345/3337
f 2628/1862/1854 3194/3345/3337 832/3343/3335
f 1832/234/226 3191/5000/4992 3195/610/602
f 2376/4999/4991 3195/610/602 3191/5000/4992
f 4405/3053/3045 3323/3042/3034 3196/4516/4508
f 4568/4513/4505 730/182/174 1427/1520/1512
f 2438/5243/5235 989/2708/2700 3197/3729/3721
f 3197/3729/3721 989/2708/2700 994/2104/2096
f 3185/328/320 702/327/319 3198/634/626
f 3198/634/626 702/327/319 1045/2976/2968
f 693/2050/2042 636/2946/2938 3199/2947/2939
f 1780/2370/2362 693/2050/2042 3199/2947/2939
f 3200/3299/3291 2467/3300/3292 1527/526/518
f 3527/3946/3938 3948/3948/3940 1527/526/518
f 1601/4763/4755 2392/4230/4222 3201/4764/4756
f 4557/4760/4752 3173/4762/4754 3201/4764/4756
f 1296/231/223 4207/1531/1523 3660/5647/5639
f 3660/5647/5639 308/1529/1521 2361/1521/1513
f 317/3648/3640 3434/125/117 3203/127/119
f 3270/1571/1563 5871/5648/5640 983/789/781
f 896/3502/3494 5088/3219/3211 3204/3504/3496
f 3204/3504/3496 94/748/740 896/3502/3494
f 1328/4369/4361 3205/4360/4352 371/4370/4362
f 2306/3484/3476 5783/5237/5229 1328/4369/4361
f 3206/463/455 327/1613/1605 2515/4718/4710
f 327/1613/1605 3206/463/455 4704/1614/1606
f 1796/567/559 3207/2549/2541 643/5649/5641
f 643/5649/5641 3207/2549/2541 1865/2801/2793
f 3257/5339/5331 4536/5157/5149 3208/3140/3132
f 371/4370/4362 3205/4360/4352 3208/3140/3132
f 3209/3762/3754 5020/5550/5542 234/3769/3761
f 5020/5550/5542 3212/2928/2920 4304/5551/5543
f 3210/532/524 3356/534/526 749/1574/1566
f 749/1574/1566 4920/3976/3968 3210/532/524
f 1505/3887/3879 3431/5650/5642 4424/4620/4612
f 4424/4620/4612 3096/3888/3880 1505/3887/3879
f 4250/1208/1200 3212/2928/2920 3209/3762/3754
f 3209/3762/3754 3212/2928/2920 5020/5550/5542
f 1121/3975/3967 3213/533/525 3210/532/524
f 3213/533/525 1121/3975/3967 149/2606/2598
f 571/3877/3869 3214/2565/2557 5806/5031/5023
f 4386/2566/2558 571/3877/3869 696/2048/2040
f 1920/5083/5075 3215/3203/3195 1595/2929/2921
f 3215/3203/3195 688/5651/5643 1595/2929/2921
f 2202/1948/1940 1288/46/38 3216/2607/2599
f 5509/1606/1598 3216/2607/2599 3284/1605/1597
f 687/1463/1455 3796/1465/1457 3217/2925/2917
f 687/1463/1455 3217/2925/2917 2645/2389/2381
f 3218/2382/2374 2645/2389/2381 5384/3328/3320
f 3218/2382/2374 687/1463/1455 2645/2389/2381
f 1701/2039/2031 2462/1722/1714 5084/5652/5644
f 5084/5652/5644 433/4881/4873 3346/4883/4875
f 2885/2381/2373 51/3327/3319 3220/477/469
f 587/374/366 2885/2381/2373 4272/375/367
f 1479/5653/5645 2239/5654/5646 3221/743/735
f 4919/741/733 3221/743/735 5883/5288/5280
f 5443/4755/4747 878/3447/3439 3222/205/197
f 5443/4755/4747 3222/205/197 1592/204/196
f 5394/727/719 4782/1472/1464 3223/4657/4649
f 5420/1881/1873 3221/743/735 52/742/734
f 1702/596/588 5613/4886/4878 1199/1004/996
f 1702/596/588 2736/595/587 5613/4886/4878
f 5060/5487/5479 3225/5486/5478 1858/5026/5018
f 5434/5655/5647 1858/5026/5018 3225/5486/5478
f 438/2045/2037 5845/5656/5648 3226/2055/2047
f 3226/2055/2047 5845/5656/5648 74/2042/2034
f 236/391/383 3227/2675/2667 1692/1214/1206
f 1692/1214/1206 3227/2675/2667 1095/2676/2668
f 3228/241/233 315/1563/1555 3572/1562/1554
f 3539/1876/1868 315/1563/1555 3228/241/233
f 913/4499/4491 5738/5142/5134 5858/5657/5649
f 3654/1256/1248 5738/5142/5134 5131/422/414
f 3599/5658/5650 747/3109/3101 3230/3108/3100
f 3230/3108/3100 3282/3127/3119 3599/5658/5650
f 1482/4588/4580 1476/4186/4178 3231/4187/4179
f 1482/4588/4580 3231/4187/4179 1226/1183/1175
f 3232/2005/1997 1327/4358/4350 196/4443/4435
f 4337/1978/1970 4534/5500/5492 3232/2005/1997
f 1476/4186/4178 5391/4587/4579 1078/1176/1168
f 1482/4588/4580 5391/4587/4579 1476/4186/4178
f 1947/5096/5088 3965/5095/5087 3234/5100/5092
f 1374/4434/4426 1947/5096/5088 3234/5100/5092
f 262/2547/2539 3235/5546/5538 931/818/810
f 4754/3590/3582 931/818/810 5069/2594/2586
f 1955/5108/5100 3236/175/167 1081/174/166
f 343/5603/5595 3236/175/167 1955/5108/5100
f 5733/1305/1297 3237/3322/3314 2737/5238/5230
f 3869/2790/2782 3237/3322/3314 5733/1305/1297
f 5833/3148/3140 5837/5659/5651 4975/5638/5630
f 4374/5660/5652 4976/5198/5190 99/5661/5653
f 1966/3363/3355 3239/1227/1219 578/1226/1218
f 1966/3363/3355 1801/1224/1216 3239/1227/1219
f 1951/1691/1683 3240/3571/3563 2303/5316/5308
f 1951/1691/1683 4971/1692/1684 3240/3571/3563
f 3241/4975/4967 4107/4974/4966 628/4008/4000
f 3241/4975/4967 628/4008/4000 1851/2116/2108
f 3947/1476/1468 3242/821/813 1400/1477/1469
f 399/1907/1899 1400/1477/1469 3242/821/813
f 3243/5465/5457 4067/195/187 1515/1689/1681
f 1515/1689/1681 2827/1112/1104 4566/4248/4240
f 1054/4968/4960 3244/2709/2701 1792/4966/4958
f 3244/2709/2701 4729/3193/3185 1792/4966/4958
f 1205/4835/4827 3245/819/811 4853/4137/4129
f 3245/819/811 1205/4835/4827 1878/188/180
f 3246/5118/5110 2025/535/527 1022/537/529
f 1022/537/529 1973/5056/5048 5010/5662/5654
f 3247/2964/2956 810/2965/2957 187/1650/1642
f 4770/1854/1846 3247/2964/2956 3253/1192/1184
f 3250/1366/1358 270/964/956 3248/1369/1361
f 270/964/956 1377/961/953 3248/1369/1361
f 1217/4164/4156 137/3534/3526 3249/1090/1082
f 3249/1090/1082 4607/713/705 1217/4164/4156
f 3248/1369/1361 128/1368/1360 3250/1366/1358
f 128/1368/1360 3345/944/936 3250/1366/1358
f 1267/2306/2298 3251/1821/1813 1614/1820/1812
f 4593/699/691 376/698/690 3251/1821/1813
f 2815/2970/2962 3252/1729/1721 700/5539/5531
f 3252/1729/1721 4558/1863/1855 700/5539/5531
f 3247/2964/2956 187/1650/1642 3253/1192/1184
f 187/1650/1642 1931/1649/1641 3253/1192/1184
f 3256/5663/5655 3026/5602/5594 3254/5664/5656
f 5267/5665/5657 1325/4812/4804 3259/4814/4806
f 712/2997/2989 2704/1672/1664 3255/4426/4418
f 1367/3007/2999 3255/4426/4418 2704/1672/1664
f 3256/5663/5655 942/5601/5593 3026/5602/5594
f 5267/5665/5657 3259/4814/4806 3256/5663/5655
f 3257/5339/5331 3208/3140/3132 12/3139/3131
f 2331/3977/3969 3257/5339/5331 12/3139/3131
f 234/3769/3761 4538/3770/3762 3258/3761/3753
f 3258/3761/3753 3209/3762/3754 234/3769/3761
f 3256/5663/5655 3259/4814/4806 942/5601/5593
f 2647/2920/2912 942/5601/5593 3259/4814/4806
f 1064/2825/2817 3260/2826/2818 359/3864/3856
f 1064/2825/2817 650/3563/3555 3260/2826/2818
f 5262/5666/5658 3261/5176/5168 175/2940/2932
f 3379/299/291 3633/4060/4052 41/1405/1397
f 779/162/154 3262/41/33 5404/5667/5659
f 3262/41/33 1819/40/32 5404/5667/5659
f 2419/2954/2946 3263/1221/1213 5106/5382/5374
f 474/297/289 3263/1221/1213 3007/298/290
f 4258/4133/4125 3264/3135/3127 1204/4131/4123
f 3264/3135/3127 1956/2736/2728 3291/2738/2730
f 3265/2112/2104 449/4064/4056 3109/4624/4616
f 3265/2112/2104 4396/4065/4057 449/4064/4056
f 3891/1409/1401 3266/3789/3781 4498/232/224
f 3266/3789/3781 5262/5666/5658 175/2940/2932
f 3267/2858/2850 663/3188/3180 112/1838/1830
f 3267/2858/2850 3053/579/571 663/3188/3180
f 1548/1967/1959 3268/443/435 229/4810/4802
f 229/4810/4802 3268/443/435 3271/4811/4803
f 1717/1953/1945 5758/5130/5122 3269/847/839
f 872/5131/5123 2732/845/837 3269/847/839
f 5871/5648/5640 4582/5668/5660 3274/2723/2715
f 749/1574/1566 3274/2723/2715 5543/5669/5661
f 3479/5670/5662 2251/445/437 3271/4811/4803
f 3271/4811/4803 3268/443/435 85/442/434
f 161/4088/4080 3272/846/838 3276/1669/1661
f 3269/847/839 3272/846/838 161/4088/4080
f 2160/519/511 3273/3794/3786 2163/4063/4055
f 185/3793/3785 2163/4063/4055 3273/3794/3786
f 317/3648/3640 3274/2723/2715 957/2725/2717
f 3274/2723/2715 317/3648/3640 3278/5671/5663
f 752/1926/1918 2459/4944/4936 3275/63/55
f 322/64/56 3275/63/55 2459/4944/4936
f 3276/1669/1661 1629/4627/4619 5268/4802/4794
f 1040/5373/5365 1629/4627/4619 3276/1669/1661
f 3277/2521/2513 2411/106/98 2408/1083/1075
f 5237/1082/1074 3277/2521/2513 2408/1083/1075
f 317/3648/3640 3203/127/119 3278/5671/5663
f 5871/5648/5640 3203/127/119 983/789/781
f 4331/1657/1649 5583/4329/4321 3086/1655/1647
f 5583/4329/4321 331/2017/2009 3086/1655/1647
f 3280/4743/4735 167/2167/2159 1587/2166/2158
f 1587/2166/2158 4824/2793/2785 3280/4743/4735
f 2208/3691/3683 3281/3638/3630 954/5672/5664
f 2696/429/421 954/5672/5664 3281/3638/3630
f 3282/3127/3119 3275/63/55 1759/65/57
f 1759/65/57 3279/5624/5616 4006/4940/4932
f 3283/1502/1494 1676/4856/4848 1100/3929/3921
f 4831/1501/1493 5684/2632/2624 3283/1502/1494
f 1288/46/38 2170/45/37 4529/5673/5665
f 3216/2607/2599 1288/46/38 4529/5673/5665
f 954/5672/5664 3285/4792/4784 2208/3691/3683
f 2208/3691/3683 3285/4792/4784 3116/3689/3681
f 1641/2263/2255 5646/5674/5666 5259/3925/3917
f 1641/2263/2255 3283/1502/1494 5646/5674/5666
f 180/4134/4126 3291/2738/2730 3287/3613/3605
f 3287/3613/3605 3621/2422/2414 180/4134/4126
f 2317/5327/5319 2313/5328/5320 3288/5325/5317
f 5184/2287/2279 5630/5675/5667 5633/5676/5668
f 3289/2624/2616 3977/1380/1372 932/1379/1371
f 103/3264/3256 801/3249/3241 3289/2624/2616
f 3290/657/649 2424/2763/2755 1124/2765/2757
f 3290/657/649 4767/656/648 2424/2763/2755
f 1204/4131/4123 3264/3135/3127 3291/2738/2730
f 1204/4131/4123 3291/2738/2730 180/4134/4126
f 5754/410/402 3292/4827/4819 1653/411/403
f 3292/4827/4819 5577/2477/2469 1653/411/403
f 5834/5323/5315 5828/5322/5314 2313/5328/5320
f 5834/5323/5315 2313/5328/5320 2317/5327/5319
f 3294/5071/5063 1124/2765/2757 1902/2777/2769
f 1124/2765/2757 3294/5071/5063 5323/2788/2780
f 2558/3221/3213 3295/4080/4072 526/3222/3214
f 5681/2631/2623 5553/809/801 3295/4080/4072
f 4023/2674/2666 3296/2673/2665 605/3629/3621
f 3296/2673/2665 4998/4781/4773 605/3629/3621
f 1973/5056/5048 3297/3783/3775 5010/5662/5654
f 3297/3783/3775 1973/5056/5048 1888/1789/1781
f 834/1228/1220 3298/52/44 4522/51/43
f 3298/52/44 834/1228/1220 2147/1057/1049
f 3299/4704/4696 720/3024/3016 1559/2044/2036
f 4548/5677/5669 4146/598/590 720/3024/3016
f 3300/4223/4215 3798/5678/5670 1405/3068/3060
f 2728/4481/4473 3300/4223/4215 4078/3071/3063
f 3246/5118/5110 4443/3782/3774 3301/1799/1791
f 1565/1798/1790 3246/5118/5110 3301/1799/1791
f 3867/5679/5671 2577/5455/5447 5559/4250/4242
f 5560/53/45 3298/52/44 204/5680/5672
f 3303/1061/1053 5559/4250/4242 2577/5455/5447
f 2577/5455/5447 572/4600/4592 3303/1061/1053
f 1549/513/505 2751/4685/4677 3304/4684/4676
f 2432/5395/5387 5874/914/906 3304/4684/4676
f 195/1015/1007 3305/3665/3657 81/524/516
f 1319/1961/1953 3305/3665/3657 195/1015/1007
f 3306/2926/2918 523/1462/1454 2658/2927/2919
f 3306/2926/2918 3897/1120/1112 523/1462/1454
f 3307/2224/2216 1985/4231/4223 1244/4238/4230
f 5542/3856/3848 1985/4231/4223 3307/2224/2216
f 1498/4614/4606 3141/347/339 3308/1642/1634
f 582/1641/1633 1498/4614/4606 3308/1642/1634
f 3215/3203/3195 3309/458/450 688/5651/5643
f 1247/5681/5673 883/3467/3459 3310/720/712
f 4909/2225/2217 4906/3477/3469 480/2226/2218
f 3313/2257/2249 488/2256/2248 3311/1695/1687
f 1782/3014/3006 3311/1695/1687 488/2256/2248
f 3312/3224/3216 787/228/220 553/2507/2499
f 792/1248/1240 787/228/220 4083/3240/3232
f 344/1694/1686 2965/3525/3517 3313/2257/2249
f 3311/1695/1687 344/1694/1686 3313/2257/2249
f 110/4472/4464 2055/4970/4962 3314/566/558
f 3314/566/558 2055/4970/4962 1796/567/559
f 3667/2120/2112 3315/945/937 56/5279/5271
f 3042/4402/4394 4343/4405/4397 1351/4403/4395
f 792/1248/1240 1996/3239/3231 3316/3253/3245
f 792/1248/1240 3316/3253/3245 20/1249/1241
f 3317/4452/4444 1386/5562/5554 4711/5561/5553
f 2872/4450/4442 3618/4451/4443 3317/4452/4444
f 4027/5261/5253 2201/4284/4276 3318/1219/1211
f 1282/870/862 3318/1219/1211 2201/4284/4276
f 778/1237/1229 4846/5434/5426 244/3199/3191
f 778/1237/1229 4845/1239/1231 4846/5434/5426
f 3320/1344/1336 92/1359/1351 1874/5045/5037
f 1874/5045/5037 2341/1318/1310 3320/1344/1336
f 4497/3353/3345 2655/3462/3454 3321/1265/1257
f 3321/1265/1257 2655/3462/3454 586/780/772
f 4020/4919/4911 2129/5541/5533 3322/139/131
f 501/137/129 3322/139/131 4698/5184/5176
f 4883/4515/4507 478/4514/4506 3323/3042/3034
f 4883/4515/4507 3323/3042/3034 2697/615/607
f 3324/307/299 683/1338/1330 3932/4580/4572
f 4026/308/300 3324/307/299 680/3542/3534
f 3325/4490/4482 5801/4930/4922 2281/2903/2895
f 3325/4490/4482 2281/2903/2895 4911/3085/3077
f 3326/5682/5674 4198/5428/5420 5749/4984/4976
f 3326/5682/5674 1816/1943/1935 1207/1945/1937
f 2915/1233/1225 3327/5379/5371 5877/5378/5370
f 2915/1233/1225 1412/3289/3281 3327/5379/5371
f 2087/3598/3590 439/4336/4328 3328/2593/2585
f 4270/2075/2067 439/4336/4328 1314/104/96
f 2556/4668/4660 3734/4667/4659 3329/5683/5675
f 1490/2568/2560 5558/1060/1052 3330/1059/1051
f 2828/1088/1080 1490/2568/2560 5240/4601/4593
f 4383/1776/1768 3331/286/278 363/650/642
f 363/650/642 3334/2822/2814 1187/651/643
f 3333/4748/4740 60/4749/4741 3280/4743/4735
f 5784/84/76 3853/3642/3634 1856/85/77
f 3331/286/278 3334/2822/2814 363/650/642
f 3331/286/278 4087/285/277 3334/2822/2814
f 2031/3745/3737 3335/1470/1462 892/456/448
f 2138/454/446 892/456/448 3694/5684/5676
f 1502/2016/2008 3728/3889/3881 3336/4619/4611
f 3336/4619/4611 3337/4621/4613 1502/2016/2008
f 4517/2015/2007 1502/2016/2008 3337/4621/4613
f 1707/2012/2004 4514/4889/4881 3337/4621/4613
f 671/2877/2869 3338/2879/2871 1461/2880/2872
f 3338/2879/2871 135/951/943 4907/5685/5677
f 2427/4244/4236 3339/4243/4235 1252/3775/3767
f 1252/3775/3767 4181/3790/3782 282/2189/2181
f 5352/889/881 3341/4647/4639 3340/887/879
f 3342/3872/3864 270/964/956 1067/963/955
f 4587/5555/5547 3342/3872/3864 1067/963/955
f 1183/2417/2409 2401/3616/3608 5081/2418/2410
f 5081/2418/2410 2401/3616/3608 5057/2737/2729
f 3344/5236/5228 5254/1803/1795 2151/1805/1797
f 2151/1805/1797 5783/5237/5229 3344/5236/5228
f 527/2404/2396 2387/2419/2411 5432/2406/2398
f 5432/2406/2398 2387/2419/2411 1157/1367/1359
f 3968/2037/2029 1701/2039/2031 3346/4883/4875
f 1701/2039/2031 5084/5652/5644 3346/4883/4875
f 330/1686/1678 3347/3562/3554 342/1687/1679
f 3347/3562/3554 919/3561/3553 342/1687/1679
f 3348/321/313 3113/5628/5620 3110/322/314
f 3348/321/313 2466/265/257 3113/5628/5620
f 4131/4942/4934 1918/5452/5444 4959/2128/2120
f 3443/4391/4383 4131/4942/4934 1343/4392/4384
f 3350/4069/4061 2770/269/261 479/2222/2214
f 1170/4067/4059 3350/4069/4061 479/2222/2214
f 3351/3608/3600 3353/1319/1311 2341/1318/1310
f 941/2358/2350 5299/4709/4701 4719/3478/3470
f 2358/4305/4297 3352/1585/1577 1242/5347/5339
f 1683/2961/2953 3904/4865/4857 4444/2962/2954
f 941/2358/2350 2491/2359/2351 3353/1319/1311
f 941/2358/2350 3353/1319/1311 3351/3608/3600
f 2459/4944/4936 1764/1594/1586 3354/4348/4340
f 1764/1594/1586 735/1593/1585 3354/4348/4340
f 3355/4081/4073 1277/4079/4071 1177/4078/4070
f 3355/4081/4073 2558/3221/3213 1277/4079/4071
f 3284/1605/1597 585/124/116 3356/534/526
f 2851/2605/2597 3356/534/526 585/124/116
f 78/357/349 3357/1756/1748 606/355/347
f 606/355/347 3357/1756/1748 2594/3870/3862
f 1149/164/156 68/1314/1306 3358/1906/1898
f 5817/5686/5678 1976/1745/1737 3358/1906/1898
f 5690/2184/2176 5634/3250/3242 3359/5687/5679
f 5644/315/307 5637/5688/5680 5649/5689/5681
f 3360/653/645 1639/2710/2702 451/3750/3742
f 2944/3749/3741 3360/653/645 451/3750/3742
f 5817/5686/5678 3358/1906/1898 68/1314/1306
f 5817/5686/5678 68/1314/1306 5110/714/706
f 3362/4312/4304 2213/1391/1383 3967/1362/1354
f 2213/1391/1383 3362/4312/4304 1299/1387/1379
f 529/571/563 4832/1123/1115 3363/5690/5682
f 529/571/563 3363/5690/5682 1233/4208/4200
f 1639/2710/2702 4769/2707/2699 3364/2706/2698
f 3364/2706/2698 451/3750/3742 1639/2710/2702
f 2609/4253/4245 3365/4640/4632 1262/1137/1129
f 1262/1137/1129 3365/4640/4632 2611/4034/4026
f 3366/134/126 2166/2284/2276 1301/4311/4303
f 1301/4311/4303 3122/4313/4305 3366/134/126
f 3367/1155/1147 2869/2494/2486 950/3137/3129
f 950/3137/3129 1457/4558/4550 3367/1155/1147
f 3081/5622/5614 3368/3421/3413 66/2333/2325
f 3368/3421/3413 3468/2335/2327 4757/2334/2326
f 3366/134/126 263/3472/3464 3369/135/127
f 3369/135/127 263/3472/3464 1483/3461/3453
f 1891/2640/2632 3370/1165/1157 4364/3939/3931
f 5872/5058/5050 3370/1165/1157 5388/2639/2631
f 3721/3825/3817 358/1752/1744 3371/383/375
f 3371/383/375 358/1752/1744 5532/2446/2438
f 3372/2179/2171 469/183/175 631/2180/2172
f 3372/2179/2171 492/4759/4751 4201/2186/2178
f 495/4383/4375 1338/2647/2639 3373/2282/2274
f 3373/2282/2274 1864/136/128 5604/2646/2638
f 1214/2932/2924 3374/2922/2914 4642/4157/4149
f 3374/2922/2914 1214/2932/2924 1269/971/963
f 3375/2798/2790 821/3315/3307 2764/973/965
f 3375/2798/2790 818/3309/3301 821/3315/3307
f 5516/4232/4224 3376/3474/3466 1617/2657/2649
f 3376/3474/3466 2224/2227/2219 5439/2229/2221
f 3377/4701/4693 1152/2034/2026 2502/149/141
f 2502/149/141 5297/4699/4691 3377/4701/4693
f 3378/4274/4266 3382/5037/5029 1274/2805/2797
f 1992/1217/1209 4329/1216/1208 1274/2805/2797
f 279/1421/1413 3379/299/291 4432/4989/4981
f 279/1421/1413 1671/263/255 5580/4849/4841
f 4864/1475/1467 5334/1473/1465 4768/2811/2803
f 1394/726/718 5334/1473/1465 4782/1472/1464
f 3381/4700/4692 1556/2663/2655 3377/4701/4693
f 4438/2667/2659 1708/2666/2658 1556/2663/2655
f 3378/4274/4266 2653/4275/4267 3382/5037/5029
f 2653/4275/4267 1862/1835/1827 3382/5037/5029
f 3383/4014/4006 72/629/621 1916/5078/5070
f 1921/1665/1657 3383/4014/4006 1916/5078/5070
f 5106/5382/5374 3384/262/254 5585/2953/2945
f 474/297/289 5580/4849/4841 3384/262/254
f 3385/729/721 1033/3805/3797 271/5691/5683
f 3115/5629/5621 1033/3805/3797 3385/729/721
f 5013/2693/2685 3386/2781/2773 284/2694/2686
f 2837/91/83 3386/2781/2773 635/2778/2770
f 5164/935/927 3387/3398/3390 72/629/621
f 1916/5078/5070 72/629/621 3387/3398/3390
f 3385/729/721 271/5691/5683 3388/730/722
f 3638/1374/1366 3388/730/722 5348/3153/3145
f 1473/4361/4353 3389/3138/3130 2306/3484/3476
f 3389/3138/3130 5347/3492/3484 293/3494/3486
f 1777/2397/2389 3390/3252/3244 1779/792/784
f 1779/792/784 5207/1252/1244 1790/790/782
f 1278/2623/2615 3391/4279/4271 4511/3262/3254
f 4511/3262/3254 3391/4279/4271 2951/1376/1368
f 3285/4792/4784 83/4793/4785 3392/3625/3617
f 83/4793/4785 2101/5202/5194 5315/5203/5195
f 3393/3797/3789 2911/2294/2286 1029/5572/5564
f 2911/2294/2286 3393/3797/3789 3067/2295/2287
f 1290/2314/2306 4099/5692/5684 744/1271/1263
f 494/5277/5269 4099/5692/5684 4695/3098/3090
f 3979/1317/1309 822/1002/994 3395/1315/1307
f 3395/1315/1307 822/1002/994 817/3317/3309
f 3563/4140/4132 3396/2214/2206 3535/2215/2207
f 224/1125/1117 521/704/696 4589/3726/3718
f 278/1392/1384 3397/4956/4948 2075/2228/2220
f 3397/4956/4948 1778/2655/2647 2075/2228/2220
f 2267/3781/3773 1693/4863/4855 3398/4862/4854
f 3398/4862/4854 1693/4863/4855 3862/3017/3009
f 1073/1567/1559 3399/1566/1558 440/2062/2054
f 440/2062/2054 3399/1566/1558 2145/3023/3015
f 987/2085/2077 1424/3716/3708 3400/2087/2079
f 1424/3716/3708 994/2104/2096 3400/2087/2079
f 4032/2029/2021 3401/3682/3674 4035/3683/3675
f 3401/3682/3674 2599/3667/3659 4035/3683/3675
f 3338/2879/2871 3402/2878/2870 2923/1581/1573
f 2923/1581/1573 3402/2878/2870 1075/3886/3878
f 3403/2407/2399 1605/2410/2402 1609/4771/4763
f 1605/2410/2402 3403/2407/2399 528/3465/3457
f 3405/5544/5536 1243/461/453 2826/3105/3097
f 3405/5544/5536 2826/3105/3097 2961/3104/3096
f 1409/1674/1666 565/1238/1230 3406/2555/2547
f 3886/2545/2537 3406/2555/2547 565/1238/1230
f 5350/4645/4637 3407/1584/1576 1804/4977/4969
f 1804/4977/4969 3407/1584/1576 1164/5085/5077
f 563/4866/4858 1983/3372/3364 3408/856/848
f 1591/4326/4318 563/4866/4858 3408/856/848
f 3409/2512/2504 1760/4943/4935 4131/4942/4934
f 1346/2969/2961 1760/4943/4935 3409/2512/2504
f 1936/1186/1178 3410/4680/4672 4503/1968/1960
f 3410/4680/4672 1936/1186/1178 3172/4681/4673
f 3406/2555/2547 2039/2554/2546 3411/3784/3776
f 2039/2554/2546 3836/5162/5154 3411/3784/3776
f 4961/5386/5378 3412/3994/3986 1080/15/7
f 2554/16/8 1080/15/7 3412/3994/3986
f 3413/1518/1510 2044/4949/4941 2038/1514/1506
f 2038/1514/1506 2314/1516/1508 3413/1518/1510
f 1830/982/974 3414/3019/3011 1046/980/972
f 1046/980/972 3414/3019/3011 4403/3637/3629
f 3415/1273/1265 215/198/190 2278/1135/1127
f 215/198/190 3415/1273/1265 5609/4885/4877
f 3416/4522/4514 2616/1066/1058 5707/5030/5022
f 1295/1067/1059 2616/1066/1058 3416/4522/4514
f 1525/3333/3325 3417/3335/3327 1530/4656/4648
f 3417/3335/3327 1525/3333/3325 828/3332/3324
f 5847/1644/1636 3418/4463/4455 336/678/670
f 3418/4463/4455 1725/1662/1654 4519/1664/1656
f 3219/2067/2059 2169/4874/4866 3419/4871/4863
f 3419/4871/4863 2169/4874/4866 5045/4873/4865
f 1628/2827/2819 3421/2832/2824 653/2828/2820
f 653/2828/2820 4138/609/601 4141/2850/2842
f 1464/1321/1313 2743/5514/5506 3422/2208/2200
f 3422/2208/2200 2743/5514/5506 1631/5516/5508
f 921/2530/2522 2788/1111/1103 3423/1110/1102
f 921/2530/2522 3423/1110/1102 4242/3566/3558
f 3422/2208/2200 2740/5515/5507 3424/1322/1314
f 5764/4349/4341 3424/1322/1314 2740/5515/5507
f 2135/4005/3997 3425/1773/1765 533/1303/1295
f 515/1772/1764 533/1303/1295 3425/1773/1765
f 4778/2546/2538 1422/4423/4415 3426/5693/5685
f 1422/4423/4415 262/2547/2539 3428/4505/4497
f 3427/1548/1540 1660/2080/2072 5371/5480/5472
f 3427/1548/1540 312/1549/1541 1660/2080/2072
f 3428/4505/4497 2039/2554/2546 3886/2545/2537
f 3426/5693/5685 1422/4423/4415 3428/4505/4497
f 2483/2194/2186 3429/3681/3673 969/2191/2183
f 2522/2192/2184 969/2191/2183 3429/3681/3673
f 3430/4373/4365 5463/5168/5160 2046/1837/1829
f 4433/1508/1500 2293/1507/1499 381/5313/5305
f 674/2014/2006 3431/5650/5642 1076/5252/5244
f 5615/2438/2430 4440/460/452 3432/5694/5686
f 5785/462/454 2392/4230/4222 1601/4763/4755
f 64/5569/5561 3433/2559/2551 1388/2561/2553
f 4097/2558/2550 1388/2561/2553 3433/2559/2551
f 957/2725/2717 4880/5420/5412 3434/125/117
f 710/3000/2992 1297/1586/1578 4190/3001/2993
f 2770/269/261 3435/5520/5512 3525/267/259
f 2770/269/261 3350/4069/4061 3435/5520/5512
f 648/617/609 3436/3687/3679 974/618/610
f 648/617/609 1302/2816/2808 5438/5695/5687
f 5266/295/287 5438/5695/5687 3682/2818/2810
f 648/617/609 5438/5695/5687 5266/295/287
f 1031/960/952 2749/962/954 3438/2391/2383
f 1031/960/952 3438/2391/2383 2607/3803/3795
f 3439/48/40 5860/4338/4330 127/4880/4872
f 1268/661/653 3439/48/40 127/4880/4872
f 3442/3288/3280 1238/924/916 3440/5542/5534
f 811/3284/3276 4017/4214/4206 176/3285/3277
f 3173/4762/4754 3901/3747/3739 3441/1535/1527
f 3901/3747/3739 1009/3746/3738 3441/1535/1527
f 3442/3288/3280 3440/5542/5534 3444/4868/4860
f 3444/4868/4860 1689/3286/3278 3442/3288/3280
f 3443/4391/4383 1918/5452/5444 4131/4942/4934
f 3443/4391/4383 3446/2095/2087 1918/5452/5444
f 5051/3283/3275 3444/4868/4860 811/3284/3276
f 3440/5542/5534 811/3284/3276 3444/4868/4860
f 861/3413/3405 845/1988/1980 3445/279/271
f 861/3413/3405 3445/279/271 4861/3034/3026
f 647/648/640 3446/2095/2087 2573/646/638
f 3446/2095/2087 3443/4391/4383 2573/646/638
f 2179/510/502 690/866/858 3447/5249/5241
f 690/866/858 5178/4840/4832 3614/4833/4825
f 1178/4945/4937 3448/799/791 4112/1550/1542
f 1178/4945/4937 4515/5519/5511 3448/799/791
f 1512/4636/4628 5153/4635/4627 3453/4918/4910
f 3453/4918/4910 4222/5696/5688 1512/4636/4628
f 3450/3644/3636 5054/3633/3625 5776/3645/3637
f 4235/5577/5569 4237/3634/3626 2942/3626/3618
f 5829/553/545 831/552/544 3451/554/546
f 3451/554/546 831/552/544 2410/3342/3334
f 5333/4017/4009 5349/4997/4989 3452/4996/4988
f 5331/5126/5118 5447/4054/4046 4819/1847/1839
f 3449/4917/4909 2678/5491/5483 4627/5640/5632
f 1738/3539/3531 3449/4917/4909 4627/5640/5632
f 63/3815/3807 1041/2160/2152 3454/3816/3808
f 3738/2688/2680 3454/3816/3808 1041/2160/2152
f 3034/1333/1325 3455/2968/2960 1442/4537/4529
f 3458/1711/1703 3455/2968/2960 5205/1712/1704
f 3456/5639/5631 4975/5638/5630 37/5697/5689
f 2073/5185/5177 3456/5639/5631 5256/5186/5178
f 461/3817/3809 4524/4130/4122 3457/4494/4486
f 5317/2147/2139 3454/3816/3808 461/3817/3809
f 3455/2968/2960 3458/1711/1703 1442/4537/4529
f 2349/1762/1754 1442/4537/4529 3458/1711/1703
f 3846/4190/4182 3459/340/332 5160/339/331
f 403/5183/5175 3459/340/332 3846/4190/4182
f 219/5067/5059 3460/975/967 3253/1192/1184
f 3460/975/967 219/5067/5059 2431/2488/2480
f 3461/3431/3423 3005/692/684 2191/3429/3421
f 3461/3431/3423 2100/693/685 3005/692/684
f 4849/187/179 2248/186/178 5105/5297/5289
f 2101/5202/5194 5102/5698/5690 5315/5203/5195
f 4504/5267/5259 3463/1337/1329 3779/326/318
f 3463/1337/1329 4504/5267/5259 2816/1335/1327
f 5458/5699/5691 5058/3695/3687 4662/3748/3740
f 2122/4184/4176 1375/878/870 3465/23/15
f 3465/23/15 1375/878/870 3156/5700/5692
f 2252/4048/4040 1159/3624/3616 3466/5205/5197
f 5315/5203/5195 3466/5205/5197 1159/3624/3616
f 3467/1336/1328 1015/3767/3759 3463/1337/1329
f 1015/3767/3759 3467/1336/1328 3325/4490/4482
f 541/22/14 3820/21/13 3468/2335/2327
f 541/22/14 3472/691/683 3465/23/15
f 80/56/48 3117/55/47 3469/4595/4587
f 80/56/48 3469/4595/4587 1829/4993/4985
f 1086/2353/2345 3470/2346/2338 514/1195/1187
f 1086/2353/2345 334/439/431 3470/2346/2338
f 2080/2917/2909 3471/4524/4516 154/3924/3916
f 3471/4524/4516 2080/2917/2909 685/805/797
f 3472/691/683 3468/2335/2327 2191/3429/3421
f 541/22/14 3468/2335/2327 3472/691/683
f 1072/5701/5693 4675/3402/3394 3473/3404/3396
f 5488/5102/5094 1949/4739/4731 1072/5701/5693
f 914/372/364 3474/3559/3551 1216/3556/3548
f 5513/3028/3020 914/372/364 1668/3027/3019
f 3475/2110/2102 887/2356/2348 453/2111/2103
f 887/2356/2348 3475/2110/2102 3480/4625/4617
f 1597/3386/3378 3476/3987/3979 1127/3982/3974
f 1597/3386/3378 3160/3388/3380 3476/3987/3979
f 2491/2359/2351 257/481/473 3477/483/475
f 2491/2359/2351 3477/483/475 5514/4926/4918
f 4327/3853/3845 3478/1746/1738 3399/1566/1558
f 3478/1746/1738 1058/1542/1534 356/1625/1617
f 3271/4811/4803 85/442/434 3479/5670/5662
f 5722/5052/5044 85/442/434 3027/492/484
f 257/481/473 3480/4625/4617 5338/482/474
f 887/2356/2348 3480/4625/4617 257/481/473
f 3481/4168/4160 681/1725/1717 3485/4158/4150
f 3485/4158/4150 4642/4157/4149 3481/4168/4160
f 3475/2110/2102 3265/2112/2104 3482/4623/4615
f 3475/2110/2102 3482/4623/4615 3480/4625/4617
f 701/581/573 3483/569/561 3314/566/558
f 701/581/573 3644/570/562 3483/569/561
f 3484/4787/4779 1696/1372/1364 3486/4542/4534
f 3484/4787/4779 5703/4925/4917 1696/1372/1364
f 2047/956/948 1214/2932/2924 3485/4158/4150
f 5507/5169/5161 3485/4158/4150 681/1725/1717
f 3484/4787/4779 3486/4542/4534 562/2534/2526
f 562/2534/2526 3486/4542/4534 2269/2535/2527
f 3493/4240/4232 1158/257/249 242/256/248
f 3493/4240/4232 2268/4028/4020 4218/5081/5073
f 3488/978/970 1786/1778/1770 4811/1874/1866
f 4682/977/969 1786/1778/1770 3488/978/970
f 1248/1246/1238 2353/1244/1236 3489/4239/4231
f 3493/4240/4232 3489/4239/4231 2353/1244/1236
f 4954/4387/4379 3490/4389/4381 4114/1832/1824
f 306/2728/2720 4114/1832/1824 3490/4389/4381
f 3789/4786/4778 3491/5304/5296 1917/5080/5072
f 3487/5079/5071 1917/5080/5072 3491/5304/5296
f 3160/3388/3380 1925/1559/1551 3492/1716/1708
f 1945/1717/1709 3492/1716/1708 5808/5088/5080
f 3491/5304/5296 3493/4240/4232 3487/5079/5071
f 3493/4240/4232 2353/1244/1236 3487/5079/5071
f 3494/42/34 2955/44/36 4684/3156/3148
f 4790/5097/5089 2161/5099/5091 3494/42/34
f 918/1592/1584 3495/305/297 1212/4150/4142
f 1212/4150/4142 3498/4151/4143 808/370/362
f 4618/1738/1730 991/4872/4864 3496/5594/5586
f 350/1724/1716 3496/5594/5586 991/4872/4864
f 4810/1375/1367 1516/2533/2525 2269/2535/2527
f 1516/2533/2525 4810/1375/1367 3003/4122/4114
f 3498/4151/4143 3495/305/297 155/3703/3695
f 1212/4150/4142 3495/305/297 3498/4151/4143
f 825/501/493 3499/5476/5468 1340/4385/4377
f 5446/2390/2382 3499/5476/5468 3501/5477/5469
f 2154/2117/2109 3500/3597/3589 2383/5362/5354
f 1678/3191/3183 2383/5362/5354 3500/3597/3589
f 3499/5476/5468 825/501/493 3501/5477/5469
f 51/3327/3319 5384/3328/3320 825/501/493
f 4931/1398/1390 2061/3617/3609 3502/129/121
f 1251/3763/3755 3502/129/121 276/128/120
f 361/1766/1758 581/1765/1757 3503/193/185
f 1670/210/202 4613/4848/4840 4616/1454/1446
f 2393/130/122 3504/2436/2428 276/128/120
f 4804/2463/2455 3504/2436/2428 2393/130/122
f 2116/4424/4416 1365/191/183 3505/5248/5240
f 4965/209/201 1365/191/183 4613/4848/4840
f 998/3739/3731 2921/4838/4830 3506/1309/1301
f 1002/1293/1285 998/3739/3731 3508/3737/3729
f 3507/4328/4320 1580/1636/1628 4745/1635/1627
f 2527/4735/4727 1580/1636/1628 3507/4328/4320
f 3508/3737/3729 3506/1309/1301 819/1308/1300
f 3508/3737/3729 998/3739/3731 3506/1309/1301
f 4179/4678/4670 4769/2707/2699 3509/3847/3839
f 1054/4968/4960 1792/4966/4958 4767/656/648
f 3832/385/377 874/3446/3438 3510/212/204
f 3510/212/204 874/3446/3438 4000/4172/4164
f 3053/579/571 3511/578/570 454/3190/3182
f 454/3190/3182 3511/578/570 3042/4402/4394
f 3512/942/934 684/472/464 442/474/466
f 3512/942/934 128/1368/1360 684/472/464
f 2548/1030/1022 3513/5702/5694 717/4427/4419
f 3513/5702/5694 3810/5703/5695 717/4427/4419
f 3514/2482/2474 1171/5704/5696 96/5705/5697
f 3514/2482/2474 2283/4070/4062 1171/5704/5696
f 432/3238/3230 3515/3160/3152 5475/4953/4945
f 5475/4953/4945 3517/4954/4946 4308/3237/3229
f 1480/451/443 3516/3171/3163 3624/3170/3162
f 4628/4591/4583 3516/3171/3163 5482/4590/4582
f 3517/4954/4946 5475/4953/4945 3515/3160/3152
f 3515/3160/3152 2710/4666/4658 3517/4954/4946
f 3518/5217/5209 658/2844/2836 2475/3949/3941
f 4750/3077/3069 658/2844/2836 5525/5215/5207
f 3519/1919/1911 2723/4192/4184 876/4188/4180
f 3519/1919/1911 4040/4444/4436 2723/4192/4184
f 2081/2861/2853 1236/4143/4135 3520/2862/2854
f 661/1124/1116 3520/2862/2854 1236/4143/4135
f 3521/4967/4959 2424/2763/2755 4767/656/648
f 3521/4967/4959 35/2764/2756 2424/2763/2755
f 3522/2602/2594 2967/2601/2593 1261/5287/5279
f 1261/5287/5279 3709/5286/5278 3522/2602/2594
f 3523/3449/3441 876/4188/4180 3846/4190/4182
f 3523/3449/3441 3519/1919/1911 876/4188/4180
f 706/4161/4153 3524/4162/4154 1215/4159/4151
f 3524/4162/4154 300/795/787 3530/797/789
f 3525/267/259 3435/5520/5512 101/2304/2296
f 3525/267/259 101/2304/2296 4118/1021/1013
f 110/4472/4464 3526/624/616 2055/4970/4962
f 5241/622/614 3526/624/616 110/4472/4464
f 1882/3944/3936 3041/3943/3935 4590/525/517
f 1882/3944/3936 4590/525/517 3305/3665/3657
f 3524/4162/4154 3530/797/789 1215/4159/4151
f 3529/236/228 241/2578/2570 5508/5433/5425
f 3529/236/228 2525/1971/1963 1832/234/226
f 5141/4545/4537 3528/408/400 3530/797/789
f 3528/408/400 3531/5706/5698 3530/797/789
f 1215/4159/4151 3530/797/789 3531/5706/5698
f 1215/4159/4151 3531/5706/5698 2322/5707/5699
f 1964/957/949 4422/959/951 3532/593/585
f 3532/593/585 1716/5513/5505 734/1846/1838
f 4849/187/179 3533/674/666 2470/5410/5402
f 5550/4757/4749 2470/5410/5402 3533/674/666
f 3534/1800/1792 367/2952/2944 1565/1798/1790
f 1208/4141/4133 3535/2215/2207 1390/4142/4134
f 1390/4142/4134 3535/2215/2207 4278/1158/1150
f 2470/5410/5402 3536/185/177 4849/187/179
f 2470/5410/5402 3510/212/204 3536/185/177
f 418/3257/3249 4033/5576/5568 286/3255/3247
f 4765/5708/5700 286/3255/3247 4033/5576/5568
f 314/2157/2149 3115/5629/5621 3538/3989/3981
f 314/2157/2149 3538/3989/3981 1963/4554/4546
f 1923/1223/1215 3539/1876/1868 3228/241/233
f 1923/1223/1215 1164/5085/5077 3539/1876/1868
f 1386/5562/5554 4158/2699/2691 4154/5709/5701
f 5778/480/472 5686/5564/5556 1386/5562/5554
f 3541/5412/5404 3608/5411/5403 2473/1160/1152
f 3939/1461/1453 3541/5412/5404 2473/1160/1152
f 4441/5710/5702 4838/2613/2605 3542/369/361
f 147/3235/3227 4439/2665/2657 3542/369/361
f 5526/1038/1030 742/3094/3086 1018/4468/4460
f 5526/1038/1030 4993/5711/5703 2468/1039/1031
f 1923/1223/1215 3544/5084/5076 1164/5085/5077
f 1164/5085/5077 5280/4978/4970 1804/4977/4969
f 3545/4496/4488 913/4499/4491 2016/2980/2972
f 3545/4496/4488 2016/2980/2972 2394/5148/5140
f 3546/4333/4325 3178/4334/4326 3985/2323/2315
f 3546/4333/4325 4809/5712/5704 3251/1821/1813
f 3547/3878/3870 1070/2955/2947 3199/2947/2939
f 1070/2955/2947 5386/1749/1741 2319/2956/2948
f 3548/1883/1875 1509/3266/3258 3167/4637/4629
f 1509/3266/3258 3548/1883/1875 1195/1885/1877
f 3549/3021/3013 2145/3023/3015 1197/3020/3012
f 1197/3020/3012 3879/4116/4108 3876/4118/4110
f 3550/3684/3676 971/3205/3197 4609/3204/3196
f 4152/5713/5705 4560/459/451 4540/2739/2731
f 4773/4960/4952 3551/342/334 2716/344/336
f 614/107/99 1529/948/940 3551/342/334
f 3552/166/158 338/356/348 5748/1001/993
f 3552/166/158 5024/165/157 338/356/348
f 1529/948/940 4523/4658/4650 3553/343/335
f 632/3146/3138 1995/3698/3690 3553/343/335
f 483/3830/3822 3554/3829/3821 5052/3831/3823
f 483/3830/3822 2721/3832/3824 3558/4726/4718
f 3555/2581/2573 139/5049/5041 4785/1928/1920
f 139/5049/5041 3555/2581/2573 406/2580/2572
f 4645/2921/2913 5407/1866/1858 3556/151/143
f 2502/149/141 3556/151/143 686/4026/4018
f 1210/1836/1828 2118/4146/4138 3557/5134/5126
f 1860/1218/1210 3557/5134/5126 2118/4146/4138
f 4964/3827/3819 3554/3829/3821 3558/4726/4718
f 483/3830/3822 3558/4726/4718 3554/3829/3821
f 3559/2684/2676 1730/150/142 2502/149/141
f 1730/150/142 3559/2684/2676 4921/2683/2675
f 3560/3282/3274 2519/142/134 2937/141/133
f 3560/3282/3274 1276/3314/3306 2519/142/134
f 3561/5087/5079 4491/1652/1644 348/1651/1643
f 3590/1714/1706 3561/5087/5079 348/1651/1643
f 395/1889/1881 3928/3230/3222 5362/1892/1884
f 2428/1894/1886 395/1889/1881 5362/1892/1884
f 3563/4140/4132 2084/1126/1118 224/1125/1117
f 4589/3726/3718 3563/4140/4132 224/1125/1117
f 3564/3312/3304 820/1637/1629 3803/143/135
f 3564/3312/3304 3560/3282/3274 820/1637/1629
f 4491/1652/1644 3561/5087/5079 3565/4256/4248
f 2026/2354/2346 4491/1652/1644 3565/4256/4248
f 4420/4364/4356 3568/4363/4355 3566/4031/4023
f 3566/4031/4023 2787/1893/1885 5362/1892/1884
f 4612/4435/4427 3567/4437/4429 4619/4951/4943
f 5878/4946/4938 4619/4951/4943 4622/5259/5251
f 2787/1893/1885 3566/4031/4023 3568/4363/4355
f 3568/4363/4355 2790/2486/2478 2787/1893/1885
f 3569/2177/2169 577/2185/2177 1594/779/771
f 2839/2583/2575 577/2185/2177 3569/2177/2169
f 380/1839/1831 2542/3922/3914 3570/2403/2395
f 2542/3922/3914 88/3183/3175 4996/5714/5706
f 641/1028/1020 1371/4428/4420 3573/5715/5707
f 4259/2794/2786 1587/2166/2158 3573/5715/5707
f 3572/1562/1554 277/2857/2849 5374/5634/5626
f 4098/1564/1556 277/2857/2849 3572/1562/1554
f 3573/5715/5707 3571/2795/2787 4267/427/419
f 1587/2166/2158 3571/2795/2787 3573/5715/5707
f 3574/1211/1203 1044/584/576 4076/586/578
f 1044/584/576 3574/1211/1203 2286/5002/4994
f 2333/5012/5004 3575/5020/5012 2335/5244/5236
f 2333/5012/5004 4461/5015/5007 3575/5020/5012
f 5215/5271/5263 3576/2720/2712 2582/1400/1392
f 3576/2720/2712 5215/5271/5263 2529/5438/5430
f 793/1037/1029 3095/3242/3234 3577/3699/3691
f 2453/3700/3692 3577/3699/3691 3095/3242/3234
f 1453/4553/4545 3990/2325/2317 3578/3169/3161
f 1453/4553/4545 5531/4547/4539 3900/4548/4540
f 1519/5242/5234 3579/4649/4641 2438/5243/5235
f 3579/4649/4641 4376/5716/5708 4473/2103/2095
f 3581/3649/3641 3576/2720/2712 2529/5438/5430
f 2529/5438/5430 958/3636/3628 3581/3649/3641
f 1333/5461/5453 3582/1841/1833 2600/4374/4366
f 4433/1508/1500 2600/4374/4366 3582/1841/1833
f 4280/5337/5329 943/50/42 3583/3612/3604
f 943/50/42 3944/1427/1419 5308/1426/1418
f 3584/3356/3348 3579/4649/4641 1519/5242/5234
f 1519/5242/5234 3976/3721/3713 5597/5241/5233
f 3585/3910/3902 547/5599/5591 4217/2999/2991
f 3028/3909/3901 547/5599/5591 3585/3910/3902
f 3586/3557/3549 3474/3559/3551 47/3546/3538
f 3586/3557/3549 3589/3547/3539 1979/3558/3550
f 1119/765/757 2444/4702/4694 3587/3973/3965
f 5771/3971/3963 1119/765/757 3587/3973/3965
f 19/605/597 1001/604/596 3588/2135/2127
f 3591/2134/2126 19/605/597 3588/2135/2127
f 47/3546/3538 4929/3029/3021 3586/3557/3549
f 4929/3029/3021 47/3546/3538 721/1811/1803
f 1945/1717/1709 5808/5088/5080 3590/1714/1706
f 3590/1714/1706 1063/3860/3852 1945/1717/1709
f 4129/5076/5068 3591/2134/2126 5747/1979/1971
f 19/605/597 3591/2134/2126 426/4987/4979
f 2656/568/560 5306/2972/2964 3314/566/558
f 237/5036/5028 5306/2972/2964 2656/568/560
f 3720/2678/2670 3593/2508/2500 1715/354/346
f 3593/2508/2500 553/2507/2499 1715/354/346
f 3790/5717/5709 3594/4807/4799 743/4806/4798
f 840/1225/1217 4562/1171/1163 4788/5309/5301
f 714/2027/2019 421/3006/2998 3595/3005/2997
f 714/2027/2019 3595/3005/2997 928/2028/2020
f 3599/5658/5650 3282/3127/3119 3596/4941/4933
f 3596/4941/4933 1309/3728/3720 405/3727/3719
f 1268/661/653 127/4880/4872 3597/665/657
f 1268/661/653 5155/1178/1170 3073/662/654
f 3598/3581/3573 5768/3583/3575 928/2028/2020
f 2692/3898/3890 431/5718/5710 5501/3004/2996
f 3599/5658/5650 405/3727/3719 747/3109/3101
f 405/3727/3719 3599/5658/5650 3596/4941/4933
f 760/3150/3142 2151/1805/1797 3600/1804/1796
f 2064/1499/1491 5063/5177/5169 5478/453/445
f 3601/2941/2933 2063/4058/4050 4795/5139/5131
f 3261/5176/5168 2063/4058/4050 3601/2941/2933
f 3602/3114/3106 4460/5372/5364 747/3109/3101
f 3602/3114/3106 747/3109/3101 405/3727/3719
f 2174/1884/1876 2586/4631/4623 3603/5247/5239
f 3605/4351/4343 3603/5247/5239 5001/3753/3745
f 3604/2537/2529 901/1895/1887 1057/3516/3508
f 2908/3518/3510 4763/2540/2532 5863/4783/4775
f 2174/1884/1876 3605/4351/4343 1903/4354/4346
f 3605/4351/4343 2174/1884/1876 3603/5247/5239
f 206/1742/1734 5285/1205/1197 3606/1203/1195
f 4854/4606/4598 3606/1203/1195 151/1202/1194
f 3608/5411/5403 4037/1161/1153 2473/1160/1152
f 3537/1972/1964 4033/5576/5568 2941/1973/1965
f 191/2616/2608 1743/5512/5504 3610/5719/5711
f 1821/1944/1936 191/2616/2608 5150/3731/3723
f 552/2504/2496 3074/1255/1247 3611/2505/2497
f 3611/2505/2497 3074/1255/1247 4678/1254/1246
f 3612/5720/5712 3607/5397/5389 2436/3646/3638
f 3612/5720/5712 2436/3646/3638 3609/3647/3639
f 3613/5523/5515 39/2274/2266 1666/2273/2265
f 5816/4663/4655 5819/4662/4654 3613/5523/5515
f 3447/5249/5241 690/866/858 3614/4833/4825
f 3447/5249/5241 3614/4833/4825 1883/4832/4824
f 146/695/687 3615/4317/4309 1933/1103/1095
f 146/695/687 3152/154/146 3615/4317/4309
f 3616/2989/2981 2471/685/677 1644/3895/3887
f 3616/2989/2981 1644/3895/3887 5656/3897/3889
f 3617/4892/4884 1633/4808/4800 3594/4807/4799
f 3617/4892/4884 5594/4893/4885 1633/4808/4800
f 900/590/582 3618/4451/4443 397/4756/4748
f 4762/5721/5713 3618/4451/4443 2872/4450/4442
f 3619/4304/4296 595/5299/5291 5187/5292/5284
f 2291/4523/4515 595/5299/5291 3619/4304/4296
f 1435/1395/1387 2288/1648/1640 3620/2481/2473
f 1435/1395/1387 3920/4527/4519 4749/736/728
f 1489/200/192 180/4134/4126 3621/2422/2414
f 1439/2421/2413 1489/200/192 3621/2422/2414
f 3622/3302/3294 4359/2692/2684 1663/3173/3165
f 3625/3175/3167 1663/3173/3165 770/1433/1425
f 578/1226/1218 2975/5579/5571 3623/5582/5574
f 4731/5580/5572 1966/3363/3355 578/1226/1218
f 3624/3170/3162 768/452/444 1480/451/443
f 2314/1516/1508 768/452/444 3624/3170/3162
f 1663/3173/3165 3625/3175/3167 3622/3302/3294
f 3625/3175/3167 1175/1859/1851 3622/3302/3294
f 1145/755/747 3626/3380/3372 2532/3840/3832
f 1145/755/747 4806/1977/1969 3626/3380/3372
f 2009/861/853 1774/860/852 3627/4724/4716
f 890/4722/4714 3627/4724/4716 1774/860/852
f 3628/1632/1624 5009/2883/2875 424/1629/1621
f 424/1629/1621 2914/1633/1625 3628/1632/1624
f 3629/3799/3791 2907/4280/4272 3393/3797/3789
f 3629/3799/3791 3299/4704/4696 2907/4280/4272
f 1763/4396/4388 3630/4394/4386 1760/4943/4935
f 1763/4396/4388 554/2501/2493 3630/4394/4386
f 4257/2132/2124 2071/2131/2123 930/3587/3579
f 4257/2132/2124 930/3587/3579 2853/3589/3581
f 3632/5446/5438 1036/5334/5326 2103/5207/5199
f 3751/1220/1212 1036/5334/5326 5138/5447/5439
f 3633/4060/4052 3261/5176/5168 5262/5666/5658
f 3007/298/290 3261/5176/5168 3633/4060/4052
f 502/633/625 3634/5585/5577 3185/328/320
f 502/633/625 2543/5442/5434 3634/5585/5577
f 4951/2516/2508 3635/5443/5435 2543/5442/5434
f 3635/5443/5435 1378/998/990 3637/2296/2288
f 926/670/662 5548/672/664 3636/879/871
f 926/670/662 3636/879/871 2547/4482/4474
f 3637/2296/2288 2543/5442/5434 3635/5443/5435
f 2543/5442/5434 3637/2296/2288 4641/2298/2290
f 5348/3153/3145 2639/3152/3144 3638/1374/1366
f 3638/1374/1366 2639/3152/3144 3497/4123/4115
f 3639/2280/2272 2365/2315/2307 1662/3505/3497
f 4395/2316/2308 1662/3505/3497 897/1197/1189
f 1093/3359/3351 3640/3358/3350 2860/3357/3349
f 1093/3359/3351 831/552/544 3642/3918/3910
f 1198/3470/3462 373/993/985 3641/995/987
f 1198/3470/3462 3641/995/987 178/990/982
f 3640/3358/3350 1093/3359/3351 3642/3918/3910
f 3642/3918/3910 2097/76/68 3640/3358/3350
f 1299/1387/1379 3643/1389/1381 2213/1391/1383
f 3643/1389/1381 1299/1387/1379 4726/4310/4302
f 3644/570/562 1231/4203/4195 2849/4202/4194
f 4832/1123/1115 2849/4202/4194 93/4216/4208
f 9/5490/5482 3645/5537/5529 2808/1280/1272
f 3645/5537/5529 9/5490/5482 2811/1986/1978
f 1125/425/417 2263/1875/1867 3646/3980/3972
f 2263/1875/1867 3488/978/970 3646/3980/3972
f 3647/2412/2404 1233/4208/4200 3363/5690/5682
f 4832/1123/1115 4530/1122/1114 3363/5690/5682
f 3648/4536/4528 129/4535/4527 2161/5099/5091
f 3648/4536/4528 2109/5604/5596 5078/2660/2652
f 2910/5570/5562 126/3368/3360 3649/5722/5714
f 684/472/464 3775/1026/1018 3650/473/465
f 2566/5235/5227 442/474/466 3650/473/465
f 506/588/580 3651/5149/5141 4988/5475/5467
f 506/588/580 2015/5147/5139 3651/5149/5141
f 4204/2473/2465 4887/5723/5715 3652/644/636
f 3652/644/636 4887/5723/5715 3650/473/465
f 5531/4547/4539 1742/1840/1832 3653/138/130
f 3653/138/130 1742/1840/1832 1817/4215/4207
f 3654/1256/1248 2549/1268/1260 3229/2981/2973
f 5738/5142/5134 3654/1256/1248 3229/2981/2973
f 1932/4417/4409 1357/2260/2252 3655/2277/2269
f 3655/2277/2269 1357/2260/2252 2050/2276/2268
f 3651/5149/5141 3656/1822/1814 3578/3169/3161
f 1742/1840/1832 3578/3169/3161 3656/1822/1814
f 4693/645/637 197/2393/2385 3657/984/976
f 197/2393/2385 780/985/977 3657/984/976
f 4470/2371/2363 518/3125/3117 3658/2372/2364
f 518/3125/3117 5536/5255/5247 3663/4550/4542
f 3661/5022/5014 1372/3685/3677 3659/4429/4421
f 2541/3963/3955 3659/4429/4421 1110/3962/3954
f 3877/184/176 3660/5647/5639 2361/1521/1513
f 1296/231/223 3660/5647/5639 3202/4583/4575
f 3661/5022/5014 3659/4429/4421 2541/3963/3955
f 2541/3963/3955 623/2309/2301 3661/5022/5014
f 3662/1546/1538 5693/2471/2463 5689/1547/1539
f 3662/1546/1538 3936/3586/3578 5693/2471/2463
f 3658/2372/2364 518/3125/3117 3663/4550/4542
f 3663/4550/4542 3158/766/758 3658/2372/2364
f 3664/4062/4054 4808/5140/5132 308/1529/1521
f 308/1529/1521 3660/5647/5639 4207/1531/1523
f 5282/2100/2092 221/1138/1130 3665/1143/1135
f 3665/1143/1135 221/1138/1130 2433/3627/3619
f 1052/5568/5560 2904/1323/1315 3666/5065/5057
f 2904/1323/1315 268/1658/1650 3666/5065/5057
f 2779/2119/2111 1351/4403/4395 3667/2120/2112
f 3667/2120/2112 1351/4403/4395 4343/4405/4397
f 3668/296/288 1165/4059/4051 3007/298/290
f 3668/296/288 2006/2938/2930 1165/4059/4051
f 598/806/798 3669/1331/1323 2810/807/799
f 4084/5302/5294 3669/1331/1323 598/806/798
f 3670/2086/2078 2884/3451/3443 1465/1764/1756
f 3670/2086/2078 2591/2088/2080 2884/3451/3443
f 1928/1666/1658 2012/636/628 3671/5144/5136
f 3671/5144/5136 2012/636/628 4611/3482/3474
f 1844/1538/1530 3672/1539/1531 310/4421/4413
f 4070/1540/1532 3672/1539/1531 1844/1538/1530
f 273/1382/1374 3724/353/345 3673/352/344
f 5459/1383/1375 273/1382/1374 3675/3390/3382
f 3676/1770/1762 3674/5376/5368 2783/874/866
f 3674/5376/5368 3678/5377/5369 2596/2831/2823
f 3675/3390/3382 273/1382/1374 3673/352/344
f 3673/352/344 5528/3391/3383 3675/3390/3382
f 3676/1770/1762 3678/5377/5369 3674/5376/5368
f 3680/5724/5716 3676/1770/1762 2997/1768/1760
f 1237/1754/1746 1220/1753/1745 3677/4221/4213
f 4818/4219/4211 3677/4221/4213 3679/4171/4163
f 2190/484/476 3678/5377/5369 651/5251/5243
f 3680/5724/5716 2997/1768/1760 651/5251/5243
f 3677/4221/4213 1220/1753/1745 3679/4171/4163
f 3679/4171/4163 1220/1753/1745 2252/4048/4040
f 3680/5724/5716 3678/5377/5369 3676/1770/1762
f 3680/5724/5716 651/5251/5243 3678/5377/5369
f 3681/2206/2198 1616/2205/2197 2419/2954/2946
f 3681/2206/2198 2419/2954/2946 5109/5383/5375
f 3682/2818/2810 1308/2817/2809 2350/4315/4307
f 3682/2818/2810 2350/4315/4307 2008/1530/1522
f 3683/4745/4737 1586/4746/4738 2367/4747/4739
f 3683/4745/4737 2367/4747/4739 925/3480/3472
f 3684/3130/3122 754/2588/2580 414/4822/4814
f 1960/2586/2578 754/2588/2580 3684/3130/3122
f 1370/5725/5717 604/3713/3705 3685/2164/2156
f 4173/2671/2663 1370/5725/5717 4775/5726/5718
f 2367/4747/4739 3686/3573/3565 925/3480/3472
f 925/3480/3472 3686/3573/3565 1674/3481/3473
f 3019/3117/3109 2968/3123/3115 3687/111/103
f 3687/111/103 2968/3123/3115 378/5587/5579
f 1539/2207/2199 3688/432/424 198/2770/2762
f 2761/2771/2763 198/2770/2762 5220/1708/1700
f 604/3713/3705 1370/5725/5717 3689/3704/3696
f 1370/5725/5717 5291/3705/3697 3689/3704/3696
f 50/401/393 2207/1960/1952 3690/5262/5254
f 3684/3130/3122 5635/5263/5255 5632/5044/5036
f 2131/132/124 3691/4775/4767 1809/4076/4068
f 3691/4775/4767 2131/132/124 383/1850/1842
f 2795/3303/3295 3622/3302/3294 3692/1858/1850
f 3692/1858/1850 815/5532/5524 2795/3303/3295
f 1685/3049/3041 1020/1935/1927 3693/1153/1145
f 2861/3050/3042 1685/3049/3041 3693/1153/1145
f 3694/5684/5676 892/456/448 3335/1470/1462
f 293/3494/3486 5242/3493/3485 3335/1470/1462
f 1810/3267/3259 3926/3272/3264 3695/3273/3265
f 706/4161/4153 3698/5330/5322 3695/3273/3265
f 3696/5375/5367 916/3551/3543 2450/3550/3542
f 4982/5016/5008 3697/5498/5490 5492/5021/5013
f 1848/5727/5719 3697/5498/5490 3540/1902/1894
f 4966/4160/4152 389/5042/5034 3698/5330/5322
f 3698/5330/5322 706/4161/4153 4966/4160/4152
f 3699/5374/5366 5474/5400/5392 2943/3553/3545
f 2687/4016/4008 4570/5017/5009 3700/5497/5489
f 5044/5504/5496 3700/5497/5489 2683/5496/5488
f 3701/5536/5528 5561/3376/3368 861/3413/3405
f 4319/3377/3369 861/3413/3405 1135/4000/3992
f 3741/3070/3062 2687/4016/4008 3702/5503/5495
f 3702/5503/5495 2687/4016/4008 3700/5497/5489
f 455/2121/2113 1976/1745/1737 5096/5728/5720
f 5435/5729/5721 1980/1091/1083 455/2121/2113
f 1140/1870/1862 2612/4011/4003 3704/4012/4004
f 388/5466/5458 3706/5467/5459 2612/4011/4003
f 3705/2392/2384 2749/962/954 1069/3208/3200
f 3705/2392/2384 1069/3208/3200 2391/3876/3868
f 3706/5467/5459 5396/1869/1861 3704/4012/4004
f 3704/4012/4004 2612/4011/4003 3706/5467/5459
f 3707/2643/2635 985/1117/1109 5651/1098/1090
f 3707/2643/2635 2980/1118/1110 985/1117/1109
f 5212/5730/5722 4046/5366/5358 2391/3876/3868
f 2391/3876/3868 1069/3208/3200 5356/3875/3867
f 393/4257/4249 3709/5286/5278 5883/5288/5280
f 393/4257/4249 3522/2602/2594 3709/5286/5278
f 2354/5048/5040 854/1043/1035 3710/3395/3387
f 3710/3395/3387 5555/3397/3389 2354/5048/5040
f 535/2439/2431 2698/716/708 3711/1093/1085
f 5027/2440/2432 535/2439/2431 3711/1093/1085
f 2667/4269/4261 3814/3275/3267 3712/4271/4263
f 2667/4269/4261 3712/4271/4263 1272/1008/1000
f 2133/4901/4893 4360/402/394 3713/3031/3023
f 5098/4902/4894 2133/4901/4893 3713/3031/3023
f 742/3094/3086 5526/1038/1030 3714/3084/3076
f 742/3094/3086 3714/3084/3076 1413/3092/3084
f 3715/1688/1680 1633/4808/4800 226/1934/1926
f 1633/4808/4800 4145/4809/4801 743/4806/4798
f 1246/4235/4227 3076/2730/2722 3716/4237/4229
f 1246/4235/4227 3716/4237/4229 1014/2176/2168
f 776/3192/3184 1353/654/646 3717/2525/2517
f 394/4409/4401 3717/2525/2517 1353/654/646
f 3718/1554/1546 409/5059/5051 2069/5061/5053
f 2069/5061/5053 5014/4652/4644 3718/1554/1546
f 4705/2585/2577 3719/2584/2576 936/2058/2050
f 936/2058/2050 3719/2584/2576 2087/3598/3590
f 1744/3869/3861 4143/3863/3855 3720/2678/2670
f 3720/2678/2670 1715/354/346 3724/353/345
f 2481/4319/4311 3721/3825/3817 396/4320/4312
f 396/4320/4312 3721/3825/3817 1047/4794/4786
f 3722/5133/5125 1992/1217/1209 645/2806/2798
f 3722/5133/5125 3557/5134/5126 1992/1217/1209
f 2943/3553/3545 3723/4855/4847 1426/5731/5723
f 1426/5731/5723 3723/4855/4847 1428/4510/4502
f 3720/2678/2670 3724/353/345 1744/3869/3861
f 3094/3814/3806 1744/3869/3861 3724/353/345
f 3726/576/568 519/575/567 3725/4561/4553
f 3726/576/568 4868/2092/2084 5882/2091/2083
f 4657/577/569 3726/576/568 448/2313/2305
f 448/2313/2305 3726/576/568 5882/2091/2083
f 43/1169/1161 3727/5111/5103 2957/5112/5104
f 1966/3363/3355 3727/5111/5103 3730/1172/1164
f 3096/3888/3880 3336/4619/4611 3728/3889/3881
f 3096/3888/3880 5023/5260/5252 2199/2895/2887
f 3729/1966/1958 161/4088/4080 416/4800/4792
f 3729/1966/1958 416/4800/4792 4653/4801/4793
f 3730/1172/1164 3727/5111/5103 43/1169/1161
f 43/1169/1161 1710/1168/1160 3730/1172/1164
f 1794/2759/2751 1506/2758/2750 5292/5732/5724
f 1506/2758/2750 3729/1966/1958 5292/5732/5724
f 2012/636/628 2308/1667/1659 3732/637/629
f 1699/4877/4869 5726/625/617 2308/1667/1659
f 1316/4341/4333 273/1382/1374 3733/1386/1378
f 1316/4341/4333 3733/1386/1378 3731/1385/1377
f 4339/2097/2089 3734/4667/4659 4777/5733/5725
f 3734/4667/4659 1536/3678/3670 967/5222/5214
f 3483/569/561 529/571/563 3735/2973/2965
f 3735/2973/2965 529/571/563 1088/73/65
f 3268/443/435 3736/548/540 1500/3181/3173
f 5144/4617/4609 2166/2284/2276 5142/4616/4608
f 356/1625/1617 5113/5734/5726 61/1626/1618
f 356/1625/1617 1058/1542/1534 5117/1747/1739
f 3738/2688/2680 3155/2165/2157 604/3713/3705
f 1041/2160/2152 3155/2165/2157 3738/2688/2680
f 3739/4098/4090 1186/1428/1420 2786/4875/4867
f 2786/4875/4867 855/4825/4817 3739/4098/4090
f 1791/3620/3612 3740/4965/4957 947/3497/3489
f 3740/4965/4957 1791/3620/3612 146/695/687
f 4078/3071/3063 3741/3070/3062 4081/5735/5727
f 4825/5736/5728 4855/5737/5729 3742/5502/5494
f 3702/5503/5495 3742/5502/5494 3741/3070/3062
f 3741/3070/3062 3742/5502/5494 4081/5735/5727
f 1654/1545/1537 5689/1547/1539 3743/4564/4556
f 1654/1545/1537 3743/4564/4556 951/4830/4822
f 3744/4145/4137 1210/1836/1828 112/1838/1830
f 663/3188/3180 3744/4145/4137 112/1838/1830
f 1586/4746/4738 4316/3344/3336 4643/3574/3566
f 3125/659/651 4316/3344/3336 1586/4746/4738
f 4010/5738/5730 3746/2078/2070 312/1549/1541
f 1664/4841/4833 3746/2078/2070 2773/2250/2242
f 3747/1402/1394 1244/4238/4230 596/1149/1141
f 1244/4238/4230 3747/1402/1394 883/3467/3459
f 558/4395/4387 3748/2498/2490 1349/2510/2502
f 3748/2498/2490 551/2500/2492 1349/2510/2502
f 3740/4965/4957 3749/694/686 1788/4961/4953
f 1788/4961/4953 3749/694/686 2340/5342/5334
f 3750/4109/4101 2877/5275/5267 2223/5276/5268
f 2223/5276/5268 1191/1826/1818 3750/4109/4101
f 465/428/420 3751/1220/1212 2696/429/421
f 3751/1220/1212 465/428/420 1036/5334/5326
f 3752/1478/1470 2120/2449/2441 1007/2448/2440
f 5300/2750/2742 3752/1478/1470 1007/2448/2440
f 84/1511/1503 4044/1560/1552 1063/3860/3852
f 84/1511/1503 303/1513/1505 4044/1560/1552
f 1184/734/726 597/733/725 3754/1121/1113
f 4665/696/688 597/733/725 3749/694/686
f 3755/5212/5204 4662/3748/3740 340/3694/3686
f 5422/3086/3078 3755/5212/5204 340/3694/3686
f 3756/683/675 3267/2858/2850 657/2841/2833
f 657/2841/2833 2296/684/676 3756/683/675
f 775/4285/4277 3757/2859/2851 1678/3191/3183
f 1282/870/862 3757/2859/2851 775/4285/4277
f 235/828/820 3758/1210/1202 113/3823/3815
f 3758/1210/1202 5104/5311/5303 113/3823/3815
f 1010/2526/2518 1905/4820/4812 3759/5072/5064
f 3760/2349/2341 5665/5470/5462 2615/4717/4709
f 1573/4716/4708 3760/2349/2341 2615/4717/4709
f 4070/1540/1532 3761/1148/1140 2555/1541/1533
f 4070/1540/1532 2020/851/843 3761/1148/1140
f 633/229/221 3762/1250/1242 5162/5431/5423
f 5162/5431/5423 3762/1250/1242 2522/2192/2184
f 3763/4350/4342 1321/1595/1587 735/1593/1585
f 3766/701/693 735/1593/1585 1407/702/694
f 318/1054/1046 2183/1056/1048 3764/4844/4836
f 3764/4844/4836 4969/5445/5437 318/1054/1046
f 109/562/554 815/5532/5524 3765/560/552
f 815/5532/5524 3692/1858/1850 3765/560/552
f 3766/701/693 1323/1609/1601 3763/4350/4342
f 3766/701/693 3763/4350/4342 735/1593/1585
f 5544/3120/3112 150/1570/1562 3767/3119/3111
f 150/1570/1562 2812/786/778 3767/3119/3111
f 1511/4634/4626 3768/3158/3150 3321/1265/1257
f 3135/5098/5090 3768/3158/3150 1511/4634/4626
f 720/3024/3016 3769/2056/2048 1559/2044/2036
f 3769/2056/2048 3226/2055/2047 1559/2044/2036
f 1965/2890/2882 3770/2892/2884 1770/3900/3892
f 3771/1213/1205 1770/3900/3892 3770/2892/2884
f 2185/3528/3520 1770/3900/3892 3771/1213/1205
f 2185/3528/3520 3771/1213/1205 4699/3529/3521
f 4203/4679/4671 3772/1696/1688 1544/3779/3771
f 3772/1696/1688 3311/1695/1687 5842/3016/3008
f 5241/622/614 3773/4473/4465 1401/4671/4663
f 2731/74/66 1401/4671/4663 3776/72/64
f 1338/2647/2639 685/805/797 4300/5189/5181
f 4300/5189/5181 594/1504/1496 1338/2647/2639
f 3775/1026/1018 4693/645/637 3652/644/636
f 3652/644/636 3650/473/465 3775/1026/1018
f 3773/4473/4465 3776/72/64 1401/4671/4663
f 3314/566/558 3776/72/64 3773/4473/4465
f 3779/326/318 5791/5739/5731 3777/1062/1054
f 205/5608/5600 4042/3228/3220 3777/1062/1054
f 4577/5740/5732 4028/5741/5733 4575/1350/1342
f 4577/5740/5732 5593/4916/4908 4028/5741/5733
f 5791/5739/5731 3779/326/318 739/5607/5599
f 3463/1337/1329 739/5607/5599 3779/326/318
f 333/1647/1639 1366/1942/1934 3780/1992/1984
f 3780/1992/1984 1366/1942/1934 4983/4425/4417
f 3781/499/491 4556/4386/4378 3662/1546/1538
f 825/501/493 1340/4385/4377 3781/499/491
f 3782/4911/4903 3778/1349/1341 3786/1348/1340
f 1878/188/180 2785/190/182 3782/4911/4903
f 1497/3890/3882 1077/62/54 3783/4613/4605
f 3783/4613/4605 2883/1364/1356 1497/3890/3882
f 3784/3329/3321 120/1035/1027 4132/4384/4376
f 3784/3329/3321 826/824/816 120/1035/1027
f 3785/4222/4214 3798/5678/5670 3300/4223/4215
f 3785/4222/4214 114/972/964 4990/5742/5734
f 3786/1348/1340 1878/188/180 3782/4911/4903
f 3245/819/811 1878/188/180 5626/820/812
f 3787/1898/1890 2862/3304/3296 816/361/353
f 3787/1898/1890 1047/4794/4786 2862/3304/3296
f 3793/955/947 1239/2933/2925 2047/956/948
f 3785/4222/4214 4990/5742/5734 3798/5678/5670
f 3789/4786/4778 1917/5080/5072 2752/243/235
f 3789/4786/4778 2752/243/235 456/4785/4777
f 743/4806/4798 2279/4572/4564 3790/5717/5709
f 4788/5309/5301 4901/5743/5735 531/1460/1452
f 1622/1283/1275 981/3708/3700 3791/470/462
f 4273/469/461 1622/1283/1275 3791/470/462
f 1917/5080/5072 3792/1243/1235 2752/243/235
f 1917/5080/5072 2353/1244/1236 3792/1243/1235
f 3793/955/947 1593/2090/2082 3788/3066/3058
f 3798/5678/5670 3788/3066/3058 1405/3068/3060
f 3794/4869/4861 824/4870/4862 1133/3503/3495
f 1133/3503/3495 94/748/740 3794/4869/4861
f 919/3561/3553 3795/623/615 5241/622/614
f 3797/4969/4961 3526/624/616 3795/623/615
f 4284/836/828 159/4097/4089 3796/1465/1457
f 3796/1465/1457 159/4097/4089 3306/2926/2918
f 919/3561/3553 3797/4969/4961 3795/623/615
f 5157/4971/4963 3797/4969/4961 919/3561/3553
f 3798/5678/5670 3793/955/947 3788/3066/3058
f 3798/5678/5670 4990/5742/5734 3793/955/947
f 1111/3955/3947 3799/420/412 62/2905/2897
f 1111/3955/3947 352/324/316 5875/1236/1228
f 2575/3956/3948 3800/5361/5353 2404/1016/1008
f 2575/3956/3948 3799/420/412 3800/5361/5353
f 3801/3186/3178 2368/3099/3091 5854/5278/5270
f 2225/5272/5264 3801/3186/3178 5854/5278/5270
f 1973/5056/5048 4732/4206/4198 1232/5055/5047
f 4697/3246/3238 1232/5055/5047 4732/4206/4198
f 3564/3312/3304 3803/143/135 1690/2982/2974
f 434/133/125 1690/2982/2974 3803/143/135
f 1881/5146/5138 3804/491/483 4903/527/519
f 2251/445/437 3804/491/483 1881/5146/5138
f 2146/148/140 5530/3513/3505 3805/5232/5224
f 2146/148/140 3805/5232/5224 4450/146/138
f 1542/3018/3010 3806/2773/2765 1971/5115/5107
f 1542/3018/3010 1545/2772/2764 3806/2773/2765
f 4914/4696/4688 2840/1450/1442 3807/5744/5736
f 4254/4090/4082 4256/1452/1444 2005/1453/1445
f 1003/3741/3733 3808/1640/1632 1000/3735/3727
f 582/1641/1633 3808/1640/1632 5385/2596/2588
f 3809/5127/5119 965/1807/1799 1984/1806/1798
f 1984/1806/1798 5775/4296/4288 3809/5127/5119
f 1971/5115/5107 3810/5703/5695 5029/4672/4664
f 4817/1032/1024 1971/5115/5107 3806/2773/2765
f 3789/4786/4778 3811/4784/4776 1615/932/924
f 1615/932/924 5218/82/74 5869/933/925
f 3812/2958/2950 5360/2948/2940 3199/2947/2939
f 3812/2958/2950 3184/2366/2358 436/3415/3407
f 3814/3275/3267 2540/4270/4262 326/1608/1600
f 326/1608/1600 194/3276/3268 3814/3275/3267
f 2549/1268/1260 3815/421/413 1620/1266/1258
f 3815/421/413 2549/1268/1260 3654/1256/1248
f 2233/907/899 3816/2943/2935 692/905/897
f 3816/2943/2935 2233/907/899 2230/1527/1519
f 1975/2154/2146 3817/3549/3541 1978/5119/5111
f 915/2153/2145 3817/3549/3541 1975/2154/2146
f 3818/996/988 5413/2515/2507 121/631/623
f 3183/4638/4630 5413/2515/2507 3818/996/988
f 3819/5117/5109 949/102/94 5281/5745/5737
f 3828/5116/5108 343/5603/5595 3819/5117/5109
f 2680/5746/5738 3820/21/13 3824/5636/5628
f 4757/2334/2326 3820/21/13 2680/5746/5738
f 2787/1893/1885 3821/5393/5385 2428/1894/1886
f 2428/1894/1886 3821/5393/5385 5246/4165/4157
f 3156/5700/5692 1375/878/870 3822/877/869
f 3156/5700/5692 3824/5636/5628 3465/23/15
f 3163/2023/2015 3823/5305/5297 2269/2535/2527
f 3823/5305/5297 4810/1375/1367 2269/2535/2527
f 4759/5495/5487 3824/5636/5628 3822/877/869
f 3822/877/869 3824/5636/5628 3156/5700/5692
f 1325/4812/4804 3829/4357/4349 3826/4356/4348
f 5277/5425/5417 2514/2261/2253 1325/4812/4804
f 874/3446/3438 4943/5747/5739 536/3294/3286
f 4203/4679/4671 536/3294/3286 4943/5747/5739
f 3828/5116/5108 3819/5117/5109 5281/5745/5737
f 4696/1007/999 3828/5116/5108 5281/5745/5737
f 3254/5664/5656 5527/1034/1026 3829/4357/4349
f 5267/5665/5657 3829/4357/4349 1325/4812/4804
f 3825/5748/5740 3830/4589/4581 139/5049/5041
f 3831/3786/3778 1032/1439/1431 4171/5749/5741
f 3831/3786/3778 4171/5749/5741 3273/3794/3786
f 3827/1698/1690 3832/385/377 2415/2288/2280
f 3832/385/377 2617/387/379 2415/2288/2280
f 1540/2099/2091 3833/4675/4667 4339/2097/2089
f 193/5750/5742 3833/4675/4667 3835/4674/4666
f 3834/3251/3243 3149/2175/2167 796/1399/1391
f 3834/3251/3243 796/1399/1391 5634/3250/3242
f 4696/1007/999 5281/5745/5737 3835/4674/4666
f 3835/4674/4666 3833/4675/4667 1540/2099/2091
f 567/2286/2278 3411/3784/3776 3836/5162/5154
f 5184/2287/2279 567/2286/2278 3836/5162/5154
f 5705/5751/5743 3837/4770/4762 5636/5752/5744
f 3837/4770/4762 1604/1071/1063 5709/4769/4761
f 2375/3756/3748 3840/5354/5346 3838/3107/3099
f 534/5368/5360 2559/5367/5359 3838/3107/3099
f 1554/4692/4684 3839/539/531 56/5279/5271
f 3839/539/531 3667/2120/2112 56/5279/5271
f 4655/2435/2427 3840/5354/5346 2416/3754/3746
f 3838/3107/3099 3840/5354/5346 534/5368/5360
f 1064/2825/2817 3841/2824/2816 650/3563/3555
f 3841/2824/2816 1635/293/285 5039/3564/3556
f 3842/4181/4173 1224/5363/5355 460/4182/4174
f 3849/1783/1775 5080/4448/4440 3842/4181/4173
f 3757/2859/2851 3843/5753/5745 1678/3191/3183
f 3757/2859/2851 1860/1218/1210 3843/5753/5745
f 3844/83/75 1688/4227/4219 5483/5754/5746
f 3844/83/75 2240/4228/4220 1688/4227/4219
f 659/5592/5584 3845/876/868 2748/4438/4430
f 3845/876/868 659/5592/5584 4104/335/327
f 3846/4190/4182 5160/339/331 2070/3736/3728
f 2070/3736/3728 3523/3449/3441 3846/4190/4182
f 1224/5363/5355 3847/2662/2654 1491/2661/2653
f 5080/4448/4440 1224/5363/5355 3842/4181/4173
f 3848/4477/4469 1403/2360/2352 1043/5575/5567
f 1403/2360/2352 3848/4477/4469 2523/167/159
f 1384/3126/3118 5080/4448/4440 3849/1783/1775
f 1384/3126/3118 3849/1783/1775 868/1784/1776
f 452/3418/3410 123/1163/1155 3850/988/980
f 3850/988/980 123/1163/1155 225/989/981
f 839/3361/3353 3851/5180/5172 4663/5182/5174
f 839/3361/3353 5014/4652/4644 3851/5180/5172
f 5658/717/709 1673/2913/2905 3852/718/710
f 3852/718/710 1673/2913/2905 5761/5511/5503
f 3333/4748/4740 3853/3642/3634 5784/84/76
f 3333/4748/4740 1592/204/196 3853/3642/3634
f 116/1019/1011 3854/4200/4192 5611/5510/5502
f 3854/4200/4192 116/1019/1011 170/4198/4190
f 656/3855/3847 3855/4958/4950 2732/845/837
f 656/3855/3847 1785/2838/2830 3855/4958/4950
f 289/4306/4298 3856/904/896 2959/2949/2941
f 1201/902/894 3856/904/896 289/4306/4298
f 77/2461/2453 3857/4501/4493 1420/2462/2454
f 327/1613/1605 4041/1612/1604 3857/4501/4493
f 1112/1731/1723 4106/1732/1724 3858/3958/3950
f 2908/3518/3510 5603/2126/2118 1131/2541/2533
f 3863/4180/4172 1938/5091/5083 5728/5755/5747
f 3863/4180/4172 1223/4178/4170 1938/5091/5083
f 1647/1046/1038 4968/4459/4451 3860/3655/3647
f 1647/1046/1038 3860/3655/3647 5760/3654/3646
f 3861/2125/2117 812/3957/3949 3858/3958/3950
f 3861/2125/2117 2753/245/237 3864/244/236
f 3398/4862/4854 3862/3017/3009 1682/3292/3284
f 1682/3292/3284 3862/3017/3009 2358/4305/4297
f 960/3602/3594 3863/4180/4172 3859/5756/5748
f 3863/4180/4172 5728/5755/5747 3859/5756/5748
f 3864/244/236 2636/3959/3951 812/3957/3949
f 3864/244/236 812/3957/3949 3861/2125/2117
f 4390/3466/3458 528/3465/3457 3865/1411/1403
f 4390/3466/3458 3865/1411/1403 882/1469/1461
f 3866/2425/2417 2284/5757/5749 2624/5473/5465
f 4059/4817/4809 2284/5757/5749 3866/2425/2417
f 204/5680/5672 3867/5679/5671 5560/53/45
f 3867/5679/5671 3870/1058/1050 2577/5455/5447
f 5868/5618/5610 3868/5610/5602 5866/4776/4768
f 3052/2408/2400 3868/5610/5602 2494/4998/4990
f 3869/2790/2782 2528/2424/2416 3237/3322/3314
f 2528/2424/2416 5021/4816/4808 3866/2425/2417
f 3867/5679/5671 204/5680/5672 3870/1058/1050
f 204/5680/5672 3298/52/44 3870/1058/1050
f 3871/5533/5525 2936/884/876 168/882/874
f 168/882/874 5321/881/873 5018/3064/3056
f 1151/4691/4683 979/272/264 3872/4040/4032
f 1850/197/189 5469/4024/4016 4453/4038/4030
f 1376/2726/2718 306/2728/2720 3873/4388/4380
f 3873/4388/4380 1535/4074/4066 1376/2726/2718
f 1840/2520/2512 557/536/528 3874/3555/3547
f 1840/2520/2512 3874/3555/3547 694/1526/1518
f 3875/3619/3611 1791/3620/3612 1749/3496/3488
f 1696/1372/1364 5703/4925/4917 4086/5341/5333
f 3549/3021/3013 3876/4118/4110 1192/3022/3014
f 3549/3021/3013 1197/3020/3012 3876/4118/4110
f 3877/184/176 2839/2583/2575 3202/4583/4575
f 3660/5647/5639 3877/184/176 3202/4583/4575
f 5867/2837/2829 1038/2168/2160 167/2167/2159
f 3881/2171/2163 4581/2170/2162 3887/3808/3800
f 3879/4116/4108 2051/2064/2056 3876/4118/4110
f 2051/2064/2056 3879/4116/4108 3093/4273/4265
f 3880/2216/2208 1756/2743/2735 1126/5758/5750
f 1126/5758/5750 1666/2273/2265 3880/2216/2208
f 3878/5340/5332 2977/2169/2161 3881/2171/2163
f 1038/2168/2160 5867/2837/2829 3881/2171/2163
f 5472/4052/4044 889/5125/5117 3882/565/557
f 889/5125/5117 3068/4995/4987 3882/565/557
f 251/3054/3046 3888/1279/1271 3883/3056/3048
f 3883/3056/3048 4604/67/59 5244/3057/3049
f 3407/1584/1576 3884/1583/1575 2495/1877/1869
f 5625/5419/5411 2495/1877/1869 3884/1583/1575
f 981/3708/3700 3885/3701/3693 5704/1281/1273
f 981/3708/3700 2612/4011/4003 3885/3701/3693
f 3426/5693/5685 3428/4505/4497 3886/2545/2537
f 3886/2545/2537 4778/2546/2538 3426/5693/5685
f 1038/2168/2160 3881/2171/2163 3887/3808/3800
f 3887/3808/3800 465/428/420 1038/2168/2160
f 3888/1279/1271 5643/5507/5499 4604/67/59
f 4604/67/59 3883/3056/3048 3888/1279/1271
f 1266/2478/2470 3889/4660/4652 458/395/387
f 4945/4659/4651 458/395/387 3889/4660/4652
f 4353/5759/5751 3890/5586/5578 5197/29/21
f 142/5760/5752 1394/726/718 5392/728/720
f 3266/3789/3781 3891/1409/1401 1474/3791/3783
f 3891/1409/1401 3051/1408/1400 1474/3791/3783
f 1210/1836/1828 131/4147/4139 3892/2807/2799
f 2046/1837/1829 1210/1836/1828 5337/1842/1834
f 5649/5689/5681 5637/5688/5680 3893/3268/3260
f 1669/1577/1569 174/541/533 3893/3268/3260
f 3894/4581/4573 3891/1409/1401 4498/232/224
f 1471/4582/4574 3891/1409/1401 3894/4581/4573
f 1588/4740/4732 3895/4715/4707 3016/4750/4742
f 1577/3401/3393 3895/4715/4707 1588/4740/4732
f 3896/4479/4471 1407/702/694 752/1926/1918
f 2988/700/692 1407/702/694 3896/4479/4471
f 3897/1120/1112 1184/734/726 3754/1121/1113
f 3306/2926/2918 1184/734/726 3897/1120/1112
f 505/2344/2336 3899/5540/5532 508/17/9
f 508/17/9 3899/5540/5532 4812/746/738
f 501/137/129 2945/1022/1014 3900/4548/4540
f 501/137/129 3900/4548/4540 3653/138/130
f 4388/5642/5634 508/17/9 3901/3747/3739
f 3901/3747/3739 3173/4762/4754 4388/5642/5634
f 2052/5174/5166 3902/5173/5165 3905/5175/5167
f 2595/2278/2270 3902/5173/5165 2052/5174/5166
f 773/5448/5440 3903/5449/5441 3027/492/484
f 3903/5449/5441 773/5448/5440 2567/3182/3174
f 1242/5347/5339 3352/1585/1577 3904/4865/4857
f 3904/4865/4857 3844/83/75 5483/5754/5746
f 3905/5175/5167 29/5761/5753 2052/5174/5166
f 4543/2259/2251 2253/4294/4286 29/5761/5753
f 946/368/360 3906/3609/3601 3026/5602/5594
f 3254/5664/5656 3026/5602/5594 5527/1034/1026
f 3907/1929/1921 5473/5621/5613 3079/4106/4098
f 407/2236/2228 3907/1929/1921 3079/4106/4098
f 3908/1290/1282 4345/3607/3599 5283/3606/3598
f 5283/3606/3598 3916/3733/3725 3922/5762/5754
f 758/3143/3135 3909/1510/1502 4093/3141/3133
f 758/3143/3135 2796/3142/3134 5353/3144/3136
f 3910/1588/1580 3914/437/429 321/436/428
f 3942/1589/1581 3910/1588/1580 321/436/428
f 2042/3436/3428 1600/2209/2201 3911/3437/3429
f 3911/3437/3429 3915/2212/2204 472/2197/2189
f 1948/3738/3730 3912/5763/5755 3916/3733/3725
f 1681/1289/1281 45/1291/1283 5363/5101/5093
f 3909/1510/1502 3913/2769/2761 3918/947/939
f 5353/3144/3136 5355/5764/5756 758/3143/3135
f 3914/437/429 3910/1588/1580 2159/3510/3502
f 3914/437/429 2159/3510/3502 3030/2159/2151
f 1600/2209/2201 476/2198/2190 3915/2212/2204
f 1600/2209/2201 3915/2212/2204 3911/3437/3429
f 45/1291/1283 3916/3733/3725 3912/5763/5755
f 45/1291/1283 3922/5762/5754 3916/3733/3725
f 286/3255/3247 799/5765/5757 3917/3256/3248
f 795/1435/1427 3921/1443/1435 5264/1436/1428
f 1739/1528/1520 2230/1527/1519 3918/947/939
f 2230/1527/1519 2233/907/899 3918/947/939
f 2159/3510/3502 905/1590/1582 3919/3521/3513
f 3919/3521/3513 82/441/433 2159/3510/3502
f 5511/2213/2205 4753/4526/4518 3920/4527/4519
f 1435/1395/1387 3620/2481/2473 3920/4527/4519
f 799/5765/5757 3921/1443/1435 3917/3256/3248
f 3924/3259/3251 3921/1443/1435 477/1159/1151
f 3922/5762/5754 45/1291/1283 3908/1290/1282
f 3922/5762/5754 3908/1290/1282 5283/3606/3598
f 3923/1196/1188 2156/5240/5232 2496/1813/1805
f 2156/5240/5232 3923/1196/1188 3919/3521/3513
f 3917/3256/3248 3924/3259/3251 418/3257/3249
f 3917/3256/3248 3921/1443/1435 3924/3259/3251
f 899/2347/2339 3002/3509/3501 3925/3522/3514
f 3923/1196/1188 3925/3522/3514 3002/3509/3501
f 3926/3272/3264 300/795/787 706/4161/4153
f 3695/3273/3265 3926/3272/3264 706/4161/4153
f 3927/3585/3577 4164/2405/2397 929/4791/4783
f 927/3580/3572 3927/3585/3577 3930/943/935
f 789/1180/1172 3928/3230/3222 5124/4723/4715
f 5362/1892/1884 3928/3230/3222 789/1180/1172
f 4760/3442/3434 2793/556/548 3929/3443/3435
f 3929/3443/3435 2793/556/548 2690/558/550
f 929/4791/4783 5432/2406/2398 3930/943/935
f 929/4791/4783 3930/943/935 3927/3585/3577
f 2547/4482/4474 2533/4602/4594 3931/1782/1774
f 602/215/207 3931/1782/1774 2533/4602/4594
f 680/3542/3534 3324/307/299 3932/4580/4572
f 680/3542/3534 3932/4580/4572 1470/4579/4571
f 3933/4732/4724 2048/2835/2827 4500/2367/2359
f 3933/4732/4724 269/2368/2360 2048/2835/2827
f 299/1532/1524 3934/5524/5516 3165/5402/5394
f 3934/5524/5516 4494/1493/1485 5700/2627/2619
f 3935/1951/1943 4779/1048/1040 349/1047/1039
f 3935/1951/1943 349/1047/1039 5179/4045/4037
f 3936/3586/3578 1368/2069/2061 627/2068/2060
f 3662/1546/1538 1368/2069/2061 3936/3586/3578
f 784/1356/1348 427/2008/2000 4419/3213/3205
f 4419/3213/3205 5042/5063/5055 784/1356/1348
f 2988/700/692 3938/3822/3814 2286/5002/4994
f 2286/5002/4994 3938/3822/3814 1044/584/576
f 1385/2426/2418 291/4449/4441 3939/1461/1453
f 3939/1461/1453 5484/2427/2419 1385/2426/2418
f 3940/3941/3933 345/3942/3934 2660/1704/1696
f 3940/3941/3933 1105/669/661 345/3942/3934
f 746/4484/4476 3896/4479/4471 3941/4480/4472
f 746/4484/4476 3941/4480/4472 1959/1040/1032
f 4929/3029/3021 3942/1589/1581 1035/2065/2057
f 1035/2065/2057 3942/1589/1581 5123/2063/2055
f 1990/4904/4896 3943/4218/4210 1051/3839/3831
f 1990/4904/4896 3677/4221/4213 4821/4220/4212
f 3944/1427/1419 1711/3488/3480 73/5505/5497
f 2958/1446/1438 3944/1427/1419 73/5505/5497
f 1280/1787/1779 3945/551/543 2890/3787/3779
f 5598/4282/4274 2890/3787/3779 3945/551/543
f 3780/1992/1984 545/4260/4252 3946/1939/1931
f 3946/1939/1931 545/4260/4252 1266/2478/2470
f 2846/2809/2801 652/4136/4128 3947/1476/1468
f 3947/1476/1468 652/4136/4128 3242/821/813
f 1527/526/518 3948/3948/3940 3200/3299/3291
f 3948/3948/3940 4505/419/411 3200/3299/3291
f 4591/2813/2805 646/2810/2802 3949/5766/5758
f 3949/5766/5758 646/2810/2802 3947/1476/1468
f 3060/5615/5607 3951/5767/5759 3950/5613/5605
f 5349/4997/4989 3950/5613/5605 3068/4995/4987
f 3950/5613/5605 3951/5767/5759 3055/5611/5603
f 3060/5615/5607 3953/5605/5597 3951/5767/5759
f 2765/2966/2958 3952/4539/4531 699/4538/4530
f 2765/2966/2958 3034/1333/1325 3952/4539/4531
f 3953/5605/5597 3055/5611/5603 3951/5767/5759
f 3055/5611/5603 3953/5605/5597 3049/5609/5601
f 2062/2614/2606 3954/4027/4019 5731/4025/4017
f 5731/4025/4017 5297/4699/4691 2502/149/141
f 86/1173/1165 2953/1177/1169 3955/350/342
f 3233/450/442 3958/448/440 2953/1177/1169
f 4013/2620/2612 3956/2622/2614 591/910/902
f 591/910/902 3956/2622/2614 2760/3593/3585
f 3957/2264/2256 2647/2920/2912 2476/4815/4807
f 4812/746/738 3957/2264/2256 2476/4815/4807
f 3955/350/342 2953/1177/1169 3958/448/440
f 3955/350/342 3958/448/440 791/348/340
f 3377/4701/4693 3959/4698/4690 1152/2034/2026
f 3377/4701/4693 1556/2663/2655 3959/4698/4690
f 3960/3435/3427 1922/2575/2567 871/2199/2191
f 2506/4615/4607 3960/3435/3427 871/2199/2191
f 3964/4882/4874 433/4881/4873 3961/2035/2027
f 5082/5543/5535 4172/2036/2028 3961/2035/2027
f 3115/5629/5621 1563/2001/1993 3962/2003/1995
f 3115/5629/5621 5755/5768/5760 3538/3989/3981
f 3362/4312/4304 3967/1362/1354 3963/3934/3926
f 1415/773/765 3963/3934/3926 104/771/763
f 3968/2037/2029 1657/1334/1326 23/2038/2030
f 1657/1334/1326 5380/4837/4829 387/4035/4027
f 4626/5769/5761 4413/313/305 3965/5095/5087
f 2257/5093/5085 538/2451/2443 3965/5095/5087
f 2896/2460/2452 3966/4500/4492 77/2461/2453
f 540/1940/1932 3966/4500/4492 2896/2460/2452
f 3967/1362/1354 3971/1361/1353 104/771/763
f 3963/3934/3926 3967/1362/1354 104/771/763
f 3964/4882/4874 3968/2037/2029 3346/4883/4875
f 3961/2035/2027 5380/4837/4829 3964/4882/4874
f 3969/4576/4568 750/4401/4393 5677/4577/4569
f 750/4401/4393 3969/4576/4568 1946/116/108
f 3970/4433/4425 2257/5093/5085 3965/5095/5087
f 4962/208/200 2257/5093/5085 3970/4433/4425
f 104/771/763 3971/1361/1353 849/772/764
f 3971/1361/1353 2056/1713/1705 849/772/764
f 939/1743/1735 3972/5120/5112 1976/1745/1737
f 3358/1906/1898 1976/1745/1737 5024/165/157
f 361/1766/1758 3503/193/185 3973/5770/5762
f 3973/5770/5762 281/1415/1407 361/1766/1758
f 3974/4992/4984 1827/4991/4983 4615/4189/4181
f 4615/4189/4181 4454/5268/5260 3974/4992/4984
f 2278/1135/1127 3975/5121/5113 1258/1274/1266
f 1258/1274/1266 3975/5121/5113 2788/1111/1103
f 2272/89/81 3980/5771/5763 3976/3721/3713
f 5597/5241/5233 3976/3721/3713 3980/5771/5763
f 801/3249/3241 3977/1380/1372 3289/2624/2616
f 801/3249/3241 796/1399/1391 3977/1380/1372
f 2698/716/708 532/1733/1725 3978/1735/1727
f 532/1733/1725 352/324/316 3978/1735/1727
f 5796/5053/5045 3979/1317/1309 4414/5152/5144
f 822/1002/994 3979/1317/1309 485/1003/995
f 3980/5771/5763 2165/238/230 5597/5241/5233
f 2165/238/230 3980/5771/5763 2272/89/81
f 2206/981/973 3981/4440/4432 620/115/107
f 1173/4983/4975 3981/4440/4432 2206/981/973
f 3982/3277/3269 2004/1619/1611 328/1618/1610
f 807/4173/4165 2004/1619/1611 3982/3277/3269
f 3983/414/406 1889/4278/4270 809/2040/2032
f 5754/410/402 3983/414/406 3292/4827/4819
f 3984/2363/2355 1043/5575/5567 1403/2360/2352
f 5272/5404/5396 4113/3821/3813 3984/2363/2355
f 4809/5712/5704 3985/2323/2315 3990/2325/2317
f 3985/2323/2315 4809/5712/5704 3546/4333/4325
f 100/3662/3654 3986/400/392 569/3663/3655
f 3992/1959/1951 50/401/393 3986/400/392
f 2204/2327/2319 3711/1093/1085 3987/309/301
f 2204/2327/2319 3987/309/301 3991/2328/2320
f 5137/5426/5418 3826/4356/4348 4961/5386/5378
f 1080/15/7 2423/5772/5764 4961/5386/5378
f 409/5059/5051 3718/1554/1546 3989/69/61
f 5119/5060/5052 409/5059/5051 3989/69/61
f 2371/4782/4774 4809/5712/5704 3990/2325/2317
f 2371/4782/4774 3990/2325/2317 1450/4552/4544
f 3987/309/301 976/311/303 3991/2328/2320
f 3991/2328/2320 976/311/303 4605/3693/3685
f 1312/4347/4339 3992/1959/1951 100/3662/3654
f 100/3662/3654 3992/1959/1951 3986/400/392
f 1276/3314/3306 3995/5057/5049 3993/5429/5421
f 2400/2041/2033 2519/142/134 3993/5429/5421
f 1875/2590/2582 3994/915/907 323/5430/5422
f 4748/5211/5203 3994/915/907 296/917/909
f 1893/409/401 5119/5060/5052 3995/5057/5049
f 3995/5057/5049 2400/2041/2033 3993/5429/5421
f 1446/3392/3384 1712/2506/2498 3996/59/51
f 852/3389/3381 1446/3392/3384 3996/59/51
f 3996/59/51 2856/58/50 3997/5557/5549
f 5887/5558/5550 2856/58/50 1794/2759/2751
f 1294/2650/2642 3998/3671/3663 2298/3673/3665
f 3127/5485/5477 3998/3671/3663 1294/2650/2642
f 222/850/842 3999/1131/1123 774/1130/1122
f 249/852/844 3999/1131/1123 222/850/842
f 2252/4048/4040 4000/4172/4164 3679/4171/4163
f 2252/4048/4040 3510/212/204 4000/4172/4164
f 3758/1210/1202 4001/827/819 158/3072/3064
f 4860/5773/5765 4148/1620/1612 4001/827/819
f 4004/3696/3688 4002/3697/3689 978/1191/1183
f 978/1191/1183 4697/3246/3238 794/3245/3237
f 3059/4041/4033 5556/5614/5606 118/4044/4036
f 1159/3624/3616 118/4044/4036 5554/5774/5766
f 5575/5775/5767 209/1790/1782 4004/3696/3688
f 5575/5775/5767 4004/3696/3688 4947/1190/1182
f 68/1314/1306 4005/1905/1897 1729/1313/1305
f 4005/1905/1897 4652/4476/4468 1729/1313/1305
f 3596/4941/4933 3282/3127/3119 4006/4940/4932
f 4006/4940/4932 3282/3127/3119 1759/65/57
f 4007/4209/4201 4278/1158/1150 21/1157/1149
f 4305/4207/4199 4656/2414/2406 529/571/563
f 4008/4138/4130 652/4136/4128 2846/2809/2801
f 2846/2809/2801 4670/4818/4810 4008/4138/4130
f 2486/1990/1982 4009/4639/4631 2488/5416/5408
f 858/5291/5283 2488/5416/5408 4009/4639/4631
f 2773/2250/2242 3746/2078/2070 4010/5738/5730
f 4112/1550/1542 2773/2250/2242 5279/5521/5513
f 4011/5346/5338 928/2028/2020 2351/345/337
f 3141/347/339 4011/5346/5338 2351/345/337
f 4012/2755/2747 1754/2696/2688 349/1047/1039
f 1754/2696/2688 5151/4934/4926 895/4933/4925
f 3104/2074/2066 4013/2620/2612 591/910/902
f 3104/2074/2066 5012/2621/2613 4013/2620/2612
f 2196/5257/5249 4014/415/407 1960/2586/2578
f 4014/415/407 2196/5257/5249 2184/416/408
f 1375/878/870 2122/4184/4176 4015/5220/5212
f 4021/4431/4423 4859/4430/4422 2122/4184/4176
f 2933/2464/2456 4016/1480/1472 2127/3425/3417
f 4016/1480/1472 5574/3423/3415 2127/3425/3417
f 811/3284/3276 3440/5542/5534 4017/4214/4206
f 3440/5542/5534 4020/4919/4911 4017/4214/4206
f 1486/2232/2224 4018/2234/2226 481/1300/1292
f 1486/2232/2224 250/4286/4278 4018/2234/2226
f 2538/2246/2238 4019/5440/5432 192/3060/3052
f 4019/5440/5432 4199/3061/3053 192/3060/3052
f 4020/4919/4911 2820/4920/4912 4017/4214/4206
f 3653/138/130 2820/4920/4912 4020/4919/4911
f 4021/4431/4423 2385/2143/2135 1373/2145/2137
f 2385/2143/2135 4024/4183/4175 2389/2144/2136
f 5807/1261/1253 1188/1730/1722 4022/4103/4095
f 4022/4103/4095 1188/1730/1722 5234/5351/5343
f 4712/1154/1146 4023/2674/2666 2869/2494/2486
f 2869/2494/2486 4023/2674/2666 69/894/886
f 2385/2143/2135 4021/4431/4423 4024/4183/4175
f 4024/4183/4175 4021/4431/4423 2122/4184/4176
f 5593/4916/4908 3687/111/103 4025/113/105
f 4028/5741/5733 5593/4916/4908 4025/113/105
f 2036/3543/3535 1718/4899/4891 4026/308/300
f 912/4898/4890 4026/308/300 1718/4899/4891
f 1231/4203/4195 4136/4204/4196 4027/5261/5253
f 4027/5261/5253 2650/583/575 3378/4274/4266
f 1734/4910/4902 5711/5633/5625 4028/5741/5733
f 4025/113/105 1734/4910/4902 4028/5741/5733
f 2809/3706/3698 983/789/781 4029/3707/3699
f 4029/3707/3699 983/789/781 2882/126/118
f 3149/2175/2167 4030/2181/2173 1014/2176/2168
f 3149/2175/2167 3834/3251/3243 4030/2181/2173
f 4031/1311/1303 2149/2203/2195 3319/2204/2196
f 4031/1311/1303 473/1242/1234 2149/2203/2195
f 4032/2029/2021 1508/1982/1974 5085/1981/1973
f 4032/2029/2021 4035/3683/3675 1508/1982/1974
f 4033/5576/5568 3608/5411/5403 4765/5708/5700
f 3608/5411/5403 4033/5576/5568 3537/1972/1964
f 4717/3759/3751 1016/3768/3760 5368/5776/5768
f 4381/2101/2093 4473/2103/2095 4376/5716/5708
f 54/3668/3660 4035/3683/3675 2053/3669/3661
f 4035/3683/3675 54/3668/3660 1508/1982/1974
f 1894/3844/3836 2906/5064/5056 4036/5062/5054
f 5835/2009/2001 4036/5062/5054 3937/2010/2002
f 2525/1971/1963 4037/1161/1153 3537/1972/1964
f 4037/1161/1153 3608/5411/5403 3537/1972/1964
f 979/272/264 2280/271/263 4038/4039/4031
f 2280/271/263 1154/4033/4025 4038/4039/4031
f 954/5672/5664 4039/710/702 4650/712/704
f 2696/429/421 4039/710/702 954/5672/5664
f 196/4443/4435 4040/4444/4436 1381/1920/1912
f 1381/1920/1912 4040/4444/4436 3519/1919/1911
f 4804/2463/2455 1420/2462/2454 4041/1612/1604
f 4041/1612/1604 1420/2462/2454 3857/4501/4493
f 2719/310/302 2698/716/708 4042/3228/3220
f 2719/310/302 4042/3228/3220 788/1063/1055
f 2076/2021/2013 1603/5187/5179 4043/4768/4760
f 4043/4768/4760 5773/4767/4759 2076/2021/2013
f 3753/1999/1991 1063/3860/3852 4044/1560/1552
f 3753/1999/1991 4044/1560/1552 4924/2000/1992
f 4045/4964/4956 5440/4197/4189 1790/790/782
f 4045/4964/4956 1790/790/782 678/4963/4955
f 4046/5366/5358 5812/2395/2387 3438/2391/2383
f 4046/5366/5358 5212/5730/5722 780/985/977
f 533/1303/1295 4047/4707/4699 1564/1304/1296
f 1564/1304/1296 4047/4707/4699 5156/5224/5216
f 115/3365/3357 841/3364/3356 4048/2291/2283
f 841/3364/3356 5851/5509/5501 4048/2291/2283
f 5431/5318/5310 4049/4290/4282 1441/2751/2743
f 3057/2752/2744 1441/2751/2743 4049/4290/4282
f 1168/518/510 1042/3818/3810 4050/2141/2133
f 1042/3818/3810 2407/2138/2130 4050/2141/2133
f 5491/379/371 4051/676/668 4323/380/372
f 5494/3366/3358 115/3365/3357 4048/2291/2283
f 392/875/867 4052/4289/4281 1285/1878/1870
f 4052/4289/4281 2067/1879/1871 1285/1878/1870
f 1289/5006/4998 4053/5154/5146 4774/5004/4996
f 1289/5006/4998 1836/5005/4997 4054/5010/5002
f 4053/5154/5146 4054/5010/5002 2333/5012/5004
f 1289/5006/4998 4054/5010/5002 4053/5154/5146
f 4055/5450/5442 2569/3757/3749 2570/2881/2873
f 4338/5451/5443 672/782/774 4055/5450/5442
f 2222/5457/5449 4056/1378/1370 3977/1380/1372
f 466/2722/2714 4056/1378/1370 2222/5457/5449
f 5275/4742/4734 4057/3455/3447 1582/4741/4733
f 4743/759/751 4057/3455/3447 5275/4742/4734
f 4058/3966/3958 2569/3757/3749 4055/5450/5442
f 4058/3966/3958 2329/787/779 2569/3757/3749
f 4060/3065/3057 5071/4687/4679 2045/739/731
f 2045/739/731 853/3393/3385 4060/3065/3057
f 1796/567/559 643/5649/5641 4062/681/673
f 643/5649/5641 1865/2801/2793 4062/681/673
f 2716/344/336 3553/343/335 4063/273/265
f 5851/5509/5501 5848/2270/2262 491/2271/2263
f 2331/3977/3969 4064/434/426 1123/639/631
f 4064/434/426 2331/3977/3969 152/5166/5158
f 4987/2934/2926 4065/5529/5521 2785/190/182
f 4108/5528/5520 4065/5529/5521 30/5525/5517
f 491/2271/2263 1553/275/267 4066/3045/3037
f 4066/3045/3037 848/199/191 491/2271/2263
f 3243/5465/5457 2609/4253/4245 4067/195/187
f 4067/195/187 2609/4253/4245 1262/1137/1129
f 4068/3926/3918 854/1043/1035 4073/1042/1034
f 4075/3997/3989 1097/239/231 4068/3926/3918
f 2784/867/859 3019/3117/3109 4069/5526/5518
f 4069/5526/5518 5066/2937/2929 2784/867/859
f 4070/1540/1532 1844/1538/1530 1329/1537/1529
f 1329/1537/1529 244/3199/3191 4070/1540/1532
f 2662/1703/1695 4072/1705/1697 1423/641/633
f 5844/4506/4498 1423/641/633 4077/4507/4499
f 4073/1042/1034 210/1786/1778 4082/4283/4275
f 4068/3926/3918 5804/5777/5769 2758/5778/5770
f 4074/668/660 1113/667/659 404/4859/4851
f 4077/4507/4499 4074/668/660 404/4859/4851
f 4075/3997/3989 4068/3926/3918 2758/5778/5770
f 2758/5778/5770 5804/5777/5769 4082/4283/4275
f 912/4898/4890 2581/1212/1204 4076/586/578
f 2581/1212/1204 3574/1211/1203 4076/586/578
f 4072/1705/1697 4077/4507/4499 1423/641/633
f 4072/1705/1697 4074/668/660 4077/4507/4499
f 1405/3068/3060 5410/3069/3061 4078/3071/3063
f 3300/4223/4215 1405/3068/3060 4078/3071/3063
f 3466/5205/5197 4079/5298/5290 2252/4048/4040
f 2252/4048/4040 4079/5298/5290 3510/212/204
f 4080/4175/4167 1222/5392/5384 5094/4155/4147
f 4080/4175/4167 40/5391/5383 1222/5392/5384
f 13/1904/1896 4078/3071/3063 4081/5735/5727
f 4081/5735/5727 3742/5502/5494 4855/5737/5729
f 2758/5778/5770 4082/4283/4275 4075/3997/3989
f 4082/4283/4275 838/3998/3990 4075/3997/3989
f 3312/3224/3216 4083/3240/3232 787/228/220
f 3312/3224/3216 2638/2509/2501 4083/3240/3232
f 4084/5302/5294 598/806/798 2265/2645/2637
f 3369/135/127 4084/5302/5294 2265/2645/2637
f 599/2182/2174 5524/2648/2640 4085/1397/1389
f 599/2182/2174 4085/1397/1389 4741/2183/2175
f 1749/3496/3488 2340/5342/5334 4086/5341/5333
f 5703/4925/4917 1749/3496/3488 4086/5341/5333
f 4087/285/277 2996/3212/3204 2198/4466/4458
f 4087/285/277 2198/4466/4458 2446/4465/4457
f 3625/3175/3167 4088/3174/3166 1460/3163/3155
f 707/3896/3888 1460/3163/3155 4088/3174/3166
f 1128/2342/2334 4089/3988/3980 2818/2343/2335
f 1136/2329/2321 4089/3988/3980 1128/2342/2334
f 4090/1442/1434 3921/1443/1435 795/1435/1427
f 4182/3248/3240 21/1157/1149 4090/1442/1434
f 2912/2732/2724 4091/3605/3597 621/4752/4744
f 2388/3938/3930 4091/3605/3597 2912/2732/2724
f 301/810/802 4831/1501/1493 4092/749/741
f 4835/747/739 4092/749/741 4831/1501/1493
f 2796/3142/3134 4093/3141/3133 2287/4051/4043
f 5269/5312/5304 2290/682/674 2287/4051/4043
f 4094/3441/3433 4147/3854/3846 412/3439/3431
f 4094/3441/3433 412/3439/3431 4545/5779/5771
f 3118/517/509 1045/2976/2968 4095/3824/3816
f 1045/2976/2968 4986/2975/2967 4095/3824/3816
f 2132/4332/4324 569/3663/3655 4097/2558/2550
f 4723/2560/2552 2132/4332/4324 4097/2558/2550
f 4683/5462/5454 4098/1564/1556 31/4530/4522
f 2693/1565/1557 31/4530/4522 4098/1564/1556
f 4099/5692/5684 3394/4287/4279 744/1271/1263
f 494/5277/5269 3394/4287/4279 4099/5692/5684
f 1964/957/949 114/972/964 4100/958/950
f 4100/958/950 114/972/964 3785/4222/4214
f 4096/5547/5539 4101/5553/5545 2843/5548/5540
f 5850/3419/3411 4102/2375/2367 1532/4664/4656
f 1458/32/24 1532/4664/4656 5344/30/22
f 5006/5780/5772 2334/2468/2460 940/2467/2459
f 2721/3832/3824 5006/5780/5772 940/2467/2459
f 2126/1068/1060 4104/335/327 659/5592/5584
f 2126/1068/1060 1295/1067/1059 4104/335/327
f 1680/4858/4850 728/1922/1914 4105/1936/1928
f 728/1922/1914 839/3361/3353 4663/5182/5174
f 1131/2541/2533 4106/1732/1724 2493/752/744
f 3858/3958/3950 4106/1732/1724 1131/2541/2533
f 1800/833/825 628/4008/4000 4107/4974/4966
f 4107/4974/4966 2366/4976/4968 1800/833/825
f 1737/4915/4907 2785/190/182 4108/5528/5520
f 4108/5528/5520 2785/190/182 4065/5529/5521
f 3888/1279/1271 920/3055/3047 4109/169/161
f 2644/2361/2353 4109/169/161 920/3055/3047
f 1664/4841/4833 4110/2249/2241 486/5197/5189
f 4991/798/790 2096/5200/5192 486/5197/5189
f 1356/5387/5379 4603/4416/4408 35/2764/2756
f 4999/4622/4614 35/2764/2756 4603/4416/4408
f 2250/2875/2867 668/2873/2865 4112/1550/1542
f 4112/1550/1542 5279/5521/5513 2250/2875/2867
f 3984/2363/2355 4113/3821/3813 1043/5575/5567
f 1043/5575/5567 4113/3821/3813 507/3241/3233
f 4114/1832/1824 1341/690/682 2782/689/681
f 4114/1832/1824 306/2728/2720 1341/690/682
f 3071/1204/1196 4115/3448/3440 5884/2399/2391
f 4115/3448/3440 2483/2194/2186 525/2193/2185
f 4123/2398/2390 1777/2397/2389 4116/5781/5773
f 4115/3448/3440 5886/5782/5774 5884/2399/2391
f 4117/1394/1386 278/1392/1384 1829/4993/4985
f 4117/1394/1386 1829/4993/4985 1485/4594/4586
f 4264/4201/4193 4118/1021/1013 1827/4991/4983
f 4118/1021/1013 4615/4189/4181 1827/4991/4983
f 575/3348/3340 2473/1160/1152 4119/1162/1154
f 575/3348/3340 4119/1162/1154 5508/5433/5425
f 1411/4487/4479 4120/1332/1324 4398/4836/4828
f 1050/3833/3825 4120/1332/1324 1411/4487/4479
f 4115/3448/3440 525/2193/2185 4121/5783/5775
f 4121/5783/5775 4123/2398/2390 4116/5781/5773
f 2297/5314/5306 5383/5784/5776 2242/1741/1733
f 2297/5314/5306 5723/4453/4445 5838/5785/5777
f 5168/2195/2187 4123/2398/2390 525/2193/2185
f 4123/2398/2390 4121/5783/5775 525/2193/2185
f 4195/4382/4374 1921/1665/1657 4124/4879/4871
f 4124/4879/4871 1921/1665/1657 1916/5078/5070
f 2256/4302/4294 44/2634/2626 4125/1065/1057
f 4125/1065/1057 44/2634/2626 4122/2633/2625
f 922/2768/2760 5764/4349/4341 4126/2221/2213
f 4531/3567/3559 2641/3569/3561 922/2768/2760
f 4127/5296/5288 44/2634/2626 2256/4302/4294
f 2256/4302/4294 3619/4304/4296 4127/5296/5288
f 4128/5355/5347 1011/96/88 5225/5786/5778
f 5225/5786/5778 3840/5354/5346 4128/5355/5347
f 426/4987/4979 4129/5076/5068 1381/1920/1912
f 426/4987/4979 3591/2134/2126 4129/5076/5068
f 4705/2585/2577 4130/2188/2180 1082/2582/2574
f 4452/1407/1399 1082/2582/2574 4130/2188/2180
f 3349/751/743 4131/4942/4934 4959/2128/2120
f 3349/751/743 3409/2512/2504 4131/4942/4934
f 2060/3330/3322 4132/4384/4376 1339/364/356
f 4132/4384/4376 3906/3609/3601 4844/367/359
f 467/775/767 4133/3773/3765 4709/5188/5180
f 4133/3773/3765 467/775/767 1019/3774/3766
f 620/115/107 3981/4440/4432 4134/4439/4431
f 620/115/107 5076/4397/4389 1946/116/108
f 370/5787/5779 4135/1791/1783 209/1790/1782
f 2650/583/575 4027/5261/5253 4136/4204/4196
f 2650/583/575 4136/4204/4196 701/581/573
f 4137/5266/5258 1017/829/821 2211/1010/1002
f 2211/1010/1002 2798/1009/1001 5320/3772/3764
f 3421/2832/2824 4138/609/601 653/2828/2820
f 3421/2832/2824 2596/2831/2823 4138/609/601
f 4139/3933/3925 89/118/110 737/3076/3068
f 1798/468/460 4425/467/459 737/3076/3068
f 4140/3744/3736 1336/3742/3734 627/2068/2060
f 4140/3744/3736 2799/4381/4373 5405/940/932
f 4141/2850/2842 5519/5441/5433 2905/2863/2855
f 1546/2851/2843 4141/2850/2842 2905/2863/2855
f 1798/468/460 4142/2902/2894 252/1987/1979
f 1798/468/460 737/3076/3068 4142/2902/2894
f 1066/1758/1750 4143/3863/3855 3260/2826/2818
f 3720/2678/2670 4143/3863/3855 1066/1758/1750
f 182/180/172 4144/5620/5612 3907/1929/1921
f 2943/3553/3545 4144/5620/5612 182/180/172
f 4145/4809/4801 1633/4808/4800 3715/1688/1680
f 4145/4809/4801 3715/1688/1680 1537/3096/3088
f 1659/3800/3792 4146/598/590 4548/5677/5669
f 4199/3061/3053 4146/598/590 1659/3800/3792
f 4147/3854/3846 4094/3441/3433 1060/680/672
f 1060/680/672 656/3855/3847 4147/3854/3846
f 158/3072/3064 4001/827/819 4148/1620/1612
f 1323/1609/1601 158/3072/3064 4148/1620/1612
f 1518/479/471 2874/478/470 4149/4108/4100
f 2874/478/470 3750/4109/4101 4149/4108/4100
f 1927/5089/5081 2176/4225/4217 4150/2888/2880
f 1927/5089/5081 4150/2888/2880 3615/4317/4309
f 4540/2739/2731 669/2741/2733 4152/5713/5705
f 91/1828/1820 4153/4788/4780 4241/4648/4640
f 5031/1827/1819 4153/4788/4780 91/1828/1820
f 4570/5017/5009 4155/5788/5780 3697/5498/5490
f 4570/5017/5009 3697/5498/5490 3700/5497/5489
f 3540/1902/1894 3697/5498/5490 4155/5788/5780
f 4155/5788/5780 4154/5709/5701 4158/2699/2691
f 850/323/315 4156/5092/5084 1944/266/258
f 4156/5092/5084 850/323/315 1939/1187/1179
f 2490/2517/2509 556/4689/4681 4157/5074/5066
f 2490/2517/2509 4157/5074/5066 5856/4633/4625
f 4158/2699/2691 4219/5034/5026 3540/1902/1894
f 4155/5788/5780 4158/2699/2691 3540/1902/1894
f 708/2994/2986 3195/610/602 4159/5003/4995
f 4159/5003/4995 5312/2993/2985 708/2994/2986
f 4160/811/803 986/813/805 1273/4272/4264
f 3093/4273/4265 4160/811/803 1273/4272/4264
f 1089/1327/1319 4161/2628/2620 2589/5565/5557
f 2464/5407/5399 5448/5406/5398 4161/2628/2620
f 4162/1964/1956 2027/1963/1955 902/5789/5781
f 5809/5199/5191 4163/2480/2472 4983/4425/4417
f 2845/4596/4588 4163/2480/2472 2288/1648/1640
f 3927/3585/3577 1621/939/931 4164/2405/2397
f 530/941/933 4164/2405/2397 1621/939/931
f 4165/5221/5213 5582/3578/3570 3070/3575/3567
f 365/4432/4424 4165/5221/5213 4859/4430/4422
f 1746/4921/4913 4166/2218/2210 305/3568/3560
f 305/3568/3560 4166/2218/2210 5623/2217/2209
f 4931/1398/1390 4167/3618/3610 2061/3617/3609
f 4167/3618/3610 5524/2648/2640 2061/3617/3609
f 203/1053/1045 1056/1052/1044 4168/5352/5344
f 203/1053/1045 4168/5352/5344 5855/5357/5349
f 2709/247/239 5301/666/658 4169/3873/3865
f 1348/4399/4391 184/2386/2378 4169/3873/3865
f 162/3319/3311 5547/3318/3310 4170/1144/1136
f 2219/218/210 162/3319/3311 4170/1144/1136
f 4171/5749/5741 2181/3795/3787 3273/3794/3786
f 1032/1439/1431 2181/3795/3787 4171/5749/5741
f 4172/2036/2028 2825/2679/2671 607/2681/2673
f 4172/2036/2028 607/2681/2673 3559/2684/2676
f 155/3703/3695 982/304/296 5291/3705/3697
f 155/3703/3695 4175/2302/2294 4967/3281/3273
f 4328/853/845 847/3374/3366 2501/3837/3829
f 4328/853/845 2501/3837/3829 2503/4217/4209
f 4175/2302/2294 4173/2671/2663 5523/2668/2660
f 155/3703/3695 5291/3705/3697 4175/2302/2294
f 2768/4372/4364 2046/1837/1829 4176/5137/5129
f 4176/5137/5129 1182/2552/2544 2768/4372/4364
f 4957/5206/5198 4067/195/187 4177/194/186
f 5157/4971/4963 5717/3857/3849 2102/3858/3850
f 4178/2814/2806 449/4064/4056 1169/2114/2106
f 4178/2814/2806 3109/4624/4616 449/4064/4056
f 1543/2105/2097 4769/2707/2699 4179/4678/4670
f 1543/2105/2097 4179/4678/4670 3400/2087/2079
f 1983/3372/3364 4489/4023/4015 71/3373/3365
f 1983/3372/3364 4485/5790/5782 4489/4023/4015
f 4181/3790/3782 1252/3775/3767 3339/4243/4235
f 4181/3790/3782 3339/4243/4235 4432/4989/4981
f 4182/3248/3240 4090/1442/1434 795/1435/1427
f 4182/3248/3240 795/1435/1427 5118/2415/2407
f 851/3387/3379 1597/3386/3378 4183/3984/3976
f 2727/2158/2150 5512/4258/4250 4183/3984/3976
f 4184/4895/4887 670/5413/5405 1713/495/487
f 996/2301/2293 4185/2300/2292 3098/2618/2610
f 5620/2619/2611 3098/2618/2610 4187/4931/4923
f 4186/4255/4247 2022/1557/1549 851/3387/3379
f 851/3387/3379 4183/3984/3976 5512/4258/4250
f 4185/2300/2292 4187/4931/4923 3098/2618/2610
f 4185/2300/2292 1752/2307/2299 4187/4931/4923
f 4470/2371/2363 4188/4107/4099 4189/784/776
f 5774/5535/5527 510/762/754 4188/4107/4099
f 4188/4107/4099 510/762/754 4189/784/776
f 5818/5453/5445 4189/784/776 510/762/754
f 4190/3001/2993 5038/3003/2995 3434/125/117
f 710/3000/2992 4190/3001/2993 3434/125/117
f 2299/2523/2515 4191/2522/2514 700/5539/5531
f 245/750/742 700/5539/5531 4191/2522/2514
f 3129/542/534 2134/5226/5218 4192/2721/2713
f 2134/5226/5218 4324/2718/2710 4192/2721/2713
f 5198/2979/2971 4193/2978/2970 421/3006/2998
f 3168/3899/3891 421/3006/2998 4193/2978/2970
f 1372/3685/3677 4194/3961/3953 3550/3684/3676
f 4194/3961/3953 1372/3685/3677 3661/5022/5014
f 3182/4380/4372 4195/4382/4374 1924/5086/5078
f 1924/5086/5078 4195/4382/4374 4124/4879/4871
f 5196/131/123 434/133/125 4196/3850/3842
f 3803/143/135 4196/3850/3842 434/133/125
f 2804/2960/2952 4197/930/922 178/990/982
f 2804/2960/2952 2128/931/923 4197/930/922
f 1752/2307/2299 4198/5428/5420 1814/2308/2300
f 5455/5791/5783 4639/3073/3065 4199/3061/3053
f 4199/3061/3053 4019/5440/5432 5455/5791/5783
f 4200/1699/1691 497/2289/2281 2965/3525/3517
f 344/1694/1686 4200/1699/1691 2965/3525/3517
f 4201/2186/2178 469/183/175 3372/2179/2171
f 469/183/175 4201/2186/2178 3877/184/176
f 385/823/815 4202/937/929 4263/936/928
f 4202/937/929 385/823/815 3625/3175/3167
f 4943/5747/5739 716/1697/1689 4203/4679/4671
f 344/1694/1686 4203/4679/4671 716/1697/1689
f 90/5234/5226 4887/5723/5715 4204/2473/2465
f 4204/2473/2465 1463/4563/4555 90/5234/5226
f 4205/2893/2885 3567/4437/4429 829/4436/4428
f 3082/2894/2886 4205/2893/2885 829/4436/4428
f 435/377/369 4206/4276/4268 4231/4277/4269
f 4212/2057/2049 435/377/369 2150/1671/1663
f 1167/233/225 3664/4062/4054 4207/1531/1523
f 308/1529/1521 4207/1531/1523 3664/4062/4054
f 2397/2995/2987 4208/1785/1777 1477/5371/5363
f 2395/1041/1033 1477/5371/5363 4208/1785/1777
f 384/5321/5313 1393/4460/4452 4209/974/966
f 4214/1447/1439 384/5321/5313 4209/974/966
f 4210/3015/3007 1745/4864/4856 75/3780/3772
f 5842/3016/3008 4210/3015/3007 75/3780/3772
f 4211/3680/3672 972/1081/1073 3075/1080/1072
f 2556/4668/4660 972/1081/1073 4211/3680/3672
f 4212/2057/2049 3855/4958/4950 5567/4959/4951
f 5567/4959/4951 435/377/369 4212/2057/2049
f 1167/233/225 4213/2939/2931 3664/4062/4054
f 4213/2939/2931 1167/233/225 175/2940/2932
f 723/4457/4449 4214/1447/1439 4209/974/966
f 723/4457/4449 2565/3032/3024 4214/1447/1439
f 4120/1332/1324 4973/4489/4481 4215/3836/3828
f 1843/1954/1946 4215/3836/3828 4973/4489/4481
f 4216/3113/3105 1018/4468/4460 2677/3111/3103
f 5526/1038/1030 1018/4468/4460 4993/5711/5703
f 2140/2998/2990 4217/2999/2991 2143/1675/1667
f 4217/2999/2991 547/5599/5591 2143/1675/1667
f 190/991/983 1158/257/249 4218/5081/5073
f 4218/5081/5073 1158/257/249 3493/4240/4232
f 612/2701/2693 4219/5034/5026 4158/2699/2691
f 4627/5640/5632 2678/5491/5483 4226/925/917
f 2678/5491/5483 2973/926/918 4226/925/917
f 4221/849/841 2116/4424/4416 5324/3320/3312
f 2116/4424/4416 4221/849/841 5016/192/184
f 4222/5696/5688 4220/5494/5486 4236/5493/5485
f 4226/925/917 4222/5696/5688 4627/5640/5632
f 1465/1764/1756 4223/4569/4561 3670/2086/2078
f 4223/4569/4561 1465/1764/1756 2352/1710/1702
f 1720/2909/2901 689/2931/2923 4224/2910/2902
f 4227/4268/4260 689/2931/2923 2932/4267/4259
f 4225/5191/5183 2081/2861/2853 2905/2863/2855
f 5715/5193/5185 1208/4141/4133 2081/2861/2853
f 4222/5696/5688 4226/925/917 4220/5494/5486
f 630/1737/1729 4220/5494/5486 5465/927/919
f 1970/970/962 4224/2910/2902 4227/4268/4260
f 4224/2910/2902 689/2931/2923 4227/4268/4260
f 2783/874/866 935/871/863 4228/4551/4543
f 4228/4551/4543 3057/2752/2744 2783/874/866
f 4229/4939/4931 5151/4934/4926 2270/3501/3493
f 2270/3501/3493 610/57/49 4229/4939/4931
f 2517/2240/2232 4230/4345/4337 1317/351/343
f 4230/4345/4337 2517/2240/2232 1962/2239/2231
f 4231/4277/4269 3039/2849/2841 2235/600/592
f 5295/599/591 4231/4277/4269 2235/600/592
f 3791/470/462 5238/3709/3701 4232/3702/3694
f 22/277/269 4232/3702/3694 2119/3710/3702
f 3159/2749/2741 4233/2748/2740 3157/1491/1483
f 3157/1491/1483 4233/2748/2740 213/3743/3735
f 3039/2849/2841 4234/3025/3017 2235/600/592
f 2235/600/592 4234/3025/3017 720/3024/3016
f 949/102/94 835/549/541 4235/5577/5569
f 3450/3644/3636 4235/5577/5569 5054/3633/3625
f 1512/4636/4628 4222/5696/5688 4236/5493/5485
f 630/1737/1729 1512/4636/4628 4236/5493/5485
f 4237/3634/3626 3450/3644/3636 2439/3635/3627
f 4237/3634/3626 4235/5577/5569 3450/3644/3636
f 4238/2348/2340 4373/5792/5784 2613/471/463
f 4232/3702/3694 4238/2348/2340 2613/471/463
f 4239/3902/3894 5517/4839/4831 266/1918/1910
f 266/1918/1910 2651/121/113 4240/123/115
f 4240/123/115 4239/3902/3894 266/1918/1910
f 4659/1802/1794 4239/3902/3894 4240/123/115
f 4241/4648/4640 1518/479/471 4149/4108/4100
f 1283/2231/2223 4242/3566/3558 250/4286/4278
f 2338/2532/2524 4242/3566/3558 1283/2231/2223
f 4243/4693/4685 1558/4705/4697 4366/540/532
f 1558/4705/4697 4248/903/895 171/834/826
f 4775/5726/5718 4244/2669/2661 4173/2671/2663
f 4244/2669/2661 4772/5793/5785 464/2670/2662
f 2379/5293/5285 4245/4797/4789 2972/4803/4795
f 4246/2944/2936 3856/904/896 4248/903/895
f 4246/2944/2936 4243/4693/4685 4917/4694/4686
f 4247/4226/4218 2247/1900/1892 5612/363/355
f 5612/363/355 1682/3292/3284 5477/5348/5340
f 4243/4693/4685 4246/2944/2936 4248/903/895
f 4248/903/895 1558/4705/4697 4243/4693/4685
f 4249/359/351 2978/283/275 1993/282/274
f 4801/4905/4897 738/3078/3070 2978/283/275
f 1013/1201/1193 3162/1209/1201 4250/1208/1200
f 4250/1208/1200 3209/3762/3754 5329/3760/3752
f 2527/4735/4727 4251/290/282 1580/1636/1628
f 1580/1636/1628 4251/290/282 993/289/281
f 882/1469/1461 4252/1466/1458 4722/3491/3483
f 3865/1411/1403 4252/1466/1458 882/1469/1461
f 2229/3968/3960 5147/4654/4646 4253/4655/4647
f 5147/4654/4646 1523/1393/1385 4253/4655/4647
f 4254/4090/4082 2318/4695/4687 42/5794/5786
f 3807/5744/5736 4254/4090/4082 42/5794/5786
f 3631/5795/5787 1570/3845/3837 4255/2133/2125
f 4716/394/386 5618/396/388 1570/3845/3837
f 4256/1452/1444 4254/4090/4082 3807/5744/5736
f 4256/1452/1444 3807/5744/5736 2840/1450/1442
f 4255/2133/2125 4257/2132/2124 3631/5795/5787
f 4257/2132/2124 933/923/915 4261/397/389
f 3264/3135/3127 4258/4133/4125 1524/248/240
f 4258/4133/4125 2902/4132/4124 1524/248/240
f 717/4427/4419 4259/2794/2786 1371/4428/4420
f 3573/5715/5707 1371/4428/4420 4259/2794/2786
f 1488/1989/1981 4260/170/162 1352/3409/3401
f 5361/5796/5788 4260/170/162 1303/172/164
f 1570/3845/3837 3631/5795/5787 4261/397/389
f 3631/5795/5787 4257/2132/2124 4261/397/389
f 4262/3149/3141 3166/3202/3194 2073/5185/5177
f 4262/3149/3141 4915/158/150 3166/3202/3194
f 4263/936/928 826/824/816 385/823/815
f 4263/936/928 489/1036/1028 826/824/816
f 4264/4201/4193 2343/268/260 3525/267/259
f 1827/4991/4983 2343/268/260 4264/4201/4193
f 5551/3223/3215 4265/5797/5789 786/2400/2392
f 786/2400/2392 4265/5797/5789 3570/2403/2395
f 1576/4734/4726 4482/2867/2859 4266/4728/4720
f 4269/1484/1476 665/1481/1473 1576/4734/4726
f 641/1028/1020 4267/427/419 1822/1029/1021
f 4267/427/419 641/1028/1020 3573/5715/5707
f 4268/1429/1421 1186/1428/1420 157/2780/2772
f 157/2780/2772 3171/1457/1449 4268/1429/1421
f 963/1485/1477 4269/1484/1476 4266/4728/4720
f 4266/4728/4720 4269/1484/1476 1576/4734/4726
f 4270/2075/2067 3328/2593/2585 439/4336/4328
f 3328/2593/2585 4270/2075/2067 1382/2591/2583
f 285/2429/2421 4271/2428/2420 1772/1438/1430
f 4937/5231/5223 4271/2428/2420 285/2429/2421
f 4272/375/367 2885/2381/2373 3220/477/469
f 4725/3881/3873 4272/375/367 3220/477/469
f 4273/469/461 1281/3495/3487 5424/1284/1276
f 2972/4803/4795 1281/3495/3487 4274/5589/5581
f 4274/5589/5581 1281/3495/3487 4273/469/461
f 4273/469/461 1634/4796/4788 4274/5589/5581
f 5651/1098/1090 4275/1100/1092 2301/2465/2457
f 2301/2465/2457 4275/1100/1092 4016/1480/1472
f 586/780/772 4276/3463/3455 149/2606/2598
f 586/780/772 2655/3462/3454 4276/3463/3455
f 872/5131/5123 5758/5130/5122 1989/3440/3432
f 3269/847/839 5758/5130/5122 872/5131/5123
f 664/2860/2852 1390/4142/4134 4278/1158/1150
f 4521/2411/2403 664/2860/2852 4278/1158/1150
f 164/1891/1883 4279/4154/4146 2713/4153/4145
f 4960/1890/1882 4279/4154/4146 164/1891/1883
f 2339/3611/3603 4280/5337/5329 3583/3612/3604
f 4280/5337/5329 2339/3611/3603 5433/3610/3602
f 2496/1813/1805 4281/1812/1804 1668/3027/3019
f 721/1811/1803 1668/3027/3019 4281/1812/1804
f 4384/2713/2705 4282/4774/4766 4285/105/97
f 4282/4774/4766 1607/1005/997 616/2712/2704
f 1862/1835/1827 4852/1834/1826 4283/4148/4140
f 4283/4148/4140 1865/2801/2793 3892/2807/2799
f 4284/836/828 1447/2024/2016 159/4097/4089
f 1447/2024/2016 4284/836/828 2870/835/827
f 616/2712/2704 4285/105/97 4282/4774/4766
f 4285/105/97 616/2712/2704 5237/1082/1074
f 2205/5456/5448 4286/5798/5790 584/2599/2591
f 2950/2600/2592 584/2599/2591 5397/5578/5570
f 4287/5414/5406 3518/5217/5209 2475/3949/3941
f 2475/3949/3941 4288/5415/5407 4287/5414/5406
f 2475/3949/3941 2478/2876/2868 4288/5415/5407
f 670/5413/5405 4288/5415/5407 2478/2876/2868
f 1436/859/851 4289/5349/5341 2364/4528/4520
f 1213/1424/1416 2364/4528/4520 4289/5349/5341
f 2626/3711/3703 1135/4000/3992 4290/278/270
f 1135/4000/3992 861/3413/3405 4861/3034/3026
f 4196/3850/3842 4291/3849/3841 5196/131/123
f 2578/4766/4758 1603/5187/5179 4291/3849/3841
f 5375/1956/1948 4295/3473/3465 1108/4488/4480
f 5375/1956/1948 1108/4488/4480 4398/4836/4828
f 2878/4829/4821 951/4830/4822 4293/3630/3622
f 4815/5567/5559 2880/3326/3318 2878/4829/4821
f 4294/145/137 429/2019/2011 1901/2018/2010
f 2630/144/136 429/2019/2011 4294/145/137
f 1108/4488/4480 4295/3473/3465 5036/3936/3928
f 4295/3473/3465 1483/3461/3453 5036/3936/3928
f 4296/2916/2908 5479/3931/3923 3774/1505/1497
f 3774/1505/1497 594/1504/1496 4300/5189/5181
f 4297/1114/1106 137/3534/3526 3119/1115/1107
f 4710/1235/1227 5470/5799/5791 4297/1114/1106
f 1483/3461/3453 880/3459/3451 4298/1329/1321
f 880/3459/3451 603/3458/3450 4298/1329/1321
f 4299/3535/3527 3249/1090/1082 137/3534/3526
f 4297/1114/1106 4299/3535/3527 137/3534/3526
f 4296/2916/2908 4300/5189/5181 2080/2917/2909
f 3774/1505/1497 4300/5189/5181 4296/2916/2908
f 4301/2255/2247 1049/3828/3820 1767/3880/3872
f 1049/3828/3820 4301/2255/2247 2781/5110/5102
f 4303/2733/2725 549/2487/2479 4302/2731/2723
f 4302/2731/2723 549/2487/2479 2531/2734/2726
f 549/2487/2479 4303/2733/2725 2431/2488/2480
f 4303/2733/2725 1389/976/968 2431/2488/2480
f 4310/5549/5541 2843/5548/5540 4304/5551/5543
f 4304/5551/5543 3212/2928/2920 4311/2930/2922
f 4007/4209/4201 4305/4207/4199 1233/4208/4200
f 4656/2414/2406 4305/4207/4199 4007/4209/4201
f 1994/2528/2520 564/2543/2535 4306/1794/1786
f 1270/1793/1785 1994/2528/2520 4306/1794/1786
f 4307/3921/3913 1595/2929/2921 688/5651/5643
f 1534/4194/4186 3150/1182/1174 4308/3237/3229
f 5803/4955/4947 5100/4665/4657 1534/4194/4186
f 1153/1076/1068 4309/3216/3208 2666/3218/3210
f 1153/1076/1068 908/1078/1070 4309/3216/3208
f 4310/5549/5541 2841/3920/3912 4096/5547/5539
f 4307/3921/3913 2841/3920/3912 4311/2930/2922
f 4310/5549/5541 4311/2930/2922 2841/3920/3912
f 4304/5551/5543 4311/2930/2922 4310/5549/5541
f 4312/2200/2192 2722/737/729 4749/736/728
f 2722/737/729 4312/2200/2192 2720/2576/2568
f 4313/38/30 2494/4998/4990 2024/5051/5043
f 1740/5050/5042 4313/38/30 2024/5051/5043
f 294/4471/4463 4314/1474/1466 3380/4461/4453
f 4314/1474/1466 294/4471/4463 2833/122/114
f 4315/36/28 4317/5159/5151 2030/5156/5148
f 4315/36/28 2030/5156/5148 5143/1410/1402
f 3125/659/651 3745/2499/2491 4316/3344/3336
f 3745/2499/2491 3748/2498/2490 4316/3344/3336
f 1740/5050/5042 4317/5159/5151 4313/38/30
f 5721/5158/5150 2030/5156/5148 4317/5159/5151
f 132/4002/3994 2417/5384/5376 4318/2320/2312
f 2417/5384/5376 2209/2318/2310 4318/2320/2312
f 4319/3377/3369 3701/5536/5528 861/3413/3405
f 4319/3377/3369 2808/1280/1272 3701/5536/5528
f 2364/4528/4520 4320/1423/1415 890/4722/4714
f 890/4722/4714 4320/1423/1415 2553/2698/2690
f 1135/4000/3992 2626/3711/3703 4321/4001/3993
f 4321/4001/3993 2626/3711/3703 5238/3709/3701
f 4322/3643/3635 1174/203/195 233/4075/4067
f 1856/85/77 4322/3643/3635 233/4075/4067
f 4323/380/372 332/803/795 1179/381/373
f 2622/2595/2587 332/803/795 4323/380/372
f 4324/2718/2710 618/911/903 5108/2719/2711
f 4324/2718/2710 2134/5226/5218 618/911/903
f 4323/380/372 4051/676/668 4325/675/667
f 2456/2598/2590 4323/380/372 4325/675/667
f 4326/1468/1460 293/3494/3486 4252/1466/1458
f 293/3494/3486 4326/1468/1460 3389/3138/3130
f 4327/3853/3845 4385/1543/1535 1058/1542/1534
f 3478/1746/1738 4327/3853/3845 1058/1542/1534
f 358/1752/1744 4328/853/845 4174/5421/5413
f 4174/5421/5413 4328/853/845 2503/4217/4209
f 3378/4274/4266 1274/2805/2797 4329/1216/1208
f 3378/4274/4266 4329/1216/1208 3757/2859/2851
f 794/3245/3237 3080/4205/4197 4330/1079/1071
f 794/3245/3237 4330/1079/1071 978/1191/1183
f 4331/1657/1649 1610/4736/4728 3507/4328/4320
f 4331/1657/1649 1359/1654/1646 1610/4736/4728
f 1399/2362/2354 4332/292/284 1403/2360/2352
f 4332/292/284 1399/2362/2354 5039/3564/3556
f 4766/5178/5170 4333/5179/5171 733/3063/3055
f 733/3063/3055 5672/900/892 5018/3064/3056
f 1118/3969/3961 4334/1980/1972 2629/2136/2128
f 3591/2134/2126 2629/2136/2128 4334/1980/1972
f 4335/4861/4853 4526/4725/4717 1681/1289/1281
f 4335/4861/4853 1681/1289/1281 5363/5101/5093
f 3232/2005/1997 4534/5500/5492 1327/4358/4350
f 4537/5800/5792 4532/1910/1902 1327/4358/4350
f 4334/1980/1972 1118/3969/3961 4337/1978/1970
f 1118/3969/3961 4534/5500/5492 4337/1978/1970
f 4055/5450/5442 2570/2881/2873 4338/5451/5443
f 4338/5451/5443 2570/2881/2873 2794/2882/2874
f 4339/2097/2089 1536/3678/3670 3734/4667/4659
f 1536/3678/3670 4339/2097/2089 3833/4675/4667
f 4294/145/137 4340/3848/3840 2578/4766/4758
f 1055/3013/3005 2578/4766/4758 4340/3848/3840
f 625/2727/2719 1812/2744/2736 4341/98/90
f 625/2727/2719 4341/98/90 5101/97/89
f 1315/4337/4329 4342/3165/3157 1065/3167/3159
f 2769/3867/3859 1065/3167/3159 4342/3165/3157
f 2735/4056/4048 3315/945/937 4343/4405/4397
f 3667/2120/2112 4343/4405/4397 3315/945/937
f 4344/2394/2386 524/3533/3525 2607/3803/3795
f 4344/2394/2386 2607/3803/3795 3438/2391/2383
f 1590/3604/3596 5283/3606/3598 4345/3607/3599
f 4347/4860/4852 940/2467/2459 1590/3604/3596
f 2341/1318/1310 265/5046/5038 4346/1339/1331
f 4598/1340/1332 4346/1339/1331 265/5046/5038
f 4345/3607/3599 1681/1289/1281 4347/4860/4852
f 4345/3607/3599 4347/4860/4852 1590/3604/3596
f 142/5760/5752 4348/2812/2804 1394/726/718
f 5622/3915/3907 4591/2813/2805 4348/2812/2804
f 4349/5801/5793 142/5760/5752 3890/5586/5578
f 4350/5802/5794 4348/2812/2804 142/5760/5752
f 142/5760/5752 4349/5801/5793 4350/5802/5794
f 4353/5759/5751 4348/2812/2804 4350/5802/5794
f 4980/4795/4787 2892/1128/1120 4351/1270/1262
f 4981/5646/5638 4369/1267/1259 1625/4790/4782
f 4352/3806/3798 863/2378/2370 2295/3426/3418
f 863/2378/2370 4352/3806/3798 1030/3802/3794
f 4349/5801/5793 3890/5586/5578 4353/5759/5751
f 4350/5802/5794 4349/5801/5793 4353/5759/5751
f 5378/3162/3154 4354/5803/5795 1581/4738/4730
f 4354/5803/5795 1949/4739/4731 1581/4738/4730
f 4355/28/20 4348/2812/2804 4353/5759/5751
f 4353/5759/5751 5197/29/21 4355/28/20
f 1577/3401/3393 4356/4730/4722 3473/3404/3396
f 1072/5701/5693 3473/3404/3396 5488/5102/5094
f 3016/4750/4742 4357/4737/4729 5493/5596/5588
f 4357/4737/4729 5488/5102/5094 856/5804/5796
f 4191/2522/2514 4358/2524/2516 1346/2969/2961
f 4358/2524/2516 1345/2511/2503 1346/2969/2961
f 5050/1861/1853 2398/1860/1852 4359/2692/2684
f 2398/1860/1852 1663/3173/3165 4359/2692/2684
f 569/3663/3655 4360/402/394 4097/2558/2550
f 569/3663/3655 3986/400/392 4360/402/394
f 97/4683/4675 1551/505/497 4361/865/857
f 165/507/499 4361/865/857 1551/505/497
f 1854/264/256 4362/3385/3377 1935/1074/1066
f 1935/1074/1066 4362/3385/3377 4156/5092/5084
f 4363/2635/2627 2242/1741/1733 5383/5784/5776
f 4363/2635/2627 5285/1205/1197 2242/1741/1733
f 223/1150/1142 4364/3939/3931 1895/738/730
f 1895/738/730 4364/3939/3931 1950/3940/3932
f 99/5661/5653 4714/1200/1192 4365/5805/5797
f 99/5661/5653 4365/5805/5797 4374/5660/5652
f 1558/4705/4697 1561/4703/4695 4366/540/532
f 4366/540/532 1561/4703/4695 166/538/530
f 4367/3544/3536 2016/2980/2972 913/4499/4491
f 4367/3544/3536 4369/1267/1259 3192/1269/1261
f 913/4499/4491 4369/1267/1259 4367/3544/3536
f 913/4499/4491 5858/5657/5649 4369/1267/1259
f 4576/2483/2475 1206/3311/3303 4370/2484/2476
f 4370/2484/2476 1206/3311/3303 258/2485/2477
f 4371/603/595 170/4198/4190 2621/4412/4404
f 4371/603/595 2621/4412/4404 2059/4411/4403
f 4372/5265/5257 2210/1285/1277 1481/1287/1279
f 1481/1287/1279 2701/4043/4035 4372/5265/5257
f 4373/5792/5784 4238/2348/2340 4375/5468/5460
f 2613/471/463 4373/5792/5784 57/3400/3392
f 4374/5660/5652 4365/5805/5797 5370/5806/5798
f 4034/5807/5799 4378/5808/5800 4376/5716/5708
f 57/3400/3392 4373/5792/5784 4375/5468/5460
f 3895/4715/4707 57/3400/3392 5660/4713/4705
f 4463/5809/5801 4034/5807/5799 4376/5716/5708
f 4463/5809/5801 5885/77/69 4976/5198/5190
f 4377/4928/4920 264/2914/2906 3324/307/299
f 5342/4929/4921 5343/5538/5530 264/2914/2906
f 4378/5808/5800 4381/2101/2093 4376/5716/5708
f 4380/5810/5802 5368/5776/5768 1016/3768/3760
f 4380/5810/5802 4378/5808/5800 5368/5776/5768
f 4380/5810/5802 4381/2101/2093 4378/5808/5800
f 1016/3768/3760 4381/2101/2093 4380/5810/5802
f 4381/2101/2093 1016/3768/3760 4535/2102/2094
f 4382/5484/5476 1292/2161/2153 1984/1806/1798
f 5464/2151/2143 2010/2162/2154 1292/2161/2153
f 2998/4007/3999 1138/5228/5220 4383/1776/1768
f 3331/286/278 4383/1776/1768 1138/5228/5220
f 1602/800/792 4384/2713/2705 27/801/793
f 1602/800/792 1257/1693/1685 4384/2713/2705
f 4327/3853/3845 311/475/467 4385/1543/1535
f 311/475/467 4815/5567/5559 4385/1543/1535
f 4386/2566/2558 5763/2563/2555 3214/2565/2557
f 4386/2566/2558 3214/2565/2557 571/3877/3869
f 2091/4006/3998 4387/5227/5219 5070/4066/4058
f 5070/4066/4058 4387/5227/5219 4383/1776/1768
f 505/2344/2336 4388/5642/5634 5402/5641/5633
f 4388/5642/5634 505/2344/2336 508/17/9
f 5546/3851/3843 4389/3176/3168 160/841/833
f 4800/842/834 160/841/833 4389/3176/3168
f 882/1469/1461 2649/2409/2401 4390/3466/3458
f 1605/2410/2402 4390/3466/3458 2649/2409/2401
f 791/348/340 4391/4323/4315 1306/349/341
f 4391/4323/4315 2707/3033/3025 5454/5506/5498
f 4392/5331/5323 3969/4576/4568 2323/4575/4567
f 4392/5331/5323 2323/4575/4567 2325/869/861
f 4393/1788/1780 1024/521/513 1892/520/512
f 1892/520/512 4050/2141/2133 4393/1788/1780
f 3190/5233/5225 2148/4568/4560 4394/2472/2464
f 2148/4568/4560 5689/1547/1539 4394/2472/2464
f 3639/2280/2272 4395/2316/2308 4807/5631/5623
f 3639/2280/2272 1662/3505/3497 4395/2316/2308
f 453/2111/2103 4396/4065/4057 3265/2112/2104
f 4396/4065/4057 453/2111/2103 2264/1774/1766
f 4397/1958/1950 603/3458/3450 4292/3457/3449
f 5744/4890/4882 603/3458/3450 4397/1958/1950
f 4398/4836/4828 2188/1957/1949 5375/1956/1948
f 4397/1958/1950 2188/1957/1949 4399/2664/2656
f 4399/2664/2656 4398/4836/4828 2499/4036/4028
f 2188/1957/1949 4398/4836/4828 4399/2664/2656
f 5683/5811/5803 5691/5812/5804 4400/2700/2692
f 5014/4652/4644 4401/3360/3352 833/3362/3354
f 833/3362/3354 4401/3360/3352 2868/3992/3984
f 3880/2216/2208 3193/2275/2267 4402/2178/2170
f 3193/2275/2267 492/4759/4751 4402/2178/2170
f 1812/2744/2736 4403/3637/3629 958/3636/3628
f 2370/983/975 958/3636/3628 4403/3637/3629
f 4404/2413/2405 661/1124/1116 1236/4143/4135
f 661/1124/1116 4404/2413/2405 4530/1122/1114
f 1427/1520/1512 5206/1519/1511 4405/3053/3045
f 3196/4516/4508 1427/1520/1512 4405/3053/3045
f 2881/3215/3207 4406/5489/5481 55/1075/1067
f 5060/5487/5479 1858/5026/5018 55/1075/1067
f 2881/3215/3207 55/1075/1067 4407/1185/1177
f 1636/447/439 2881/3215/3207 4407/1185/1177
f 319/703/695 4408/3885/3877 1632/3717/3709
f 4408/3885/3877 4735/3884/3876 1632/3717/3709
f 997/5559/5551 1757/2695/2687 4409/431/423
f 2858/430/422 997/5559/5551 4409/431/423
f 2121/5216/5208 5442/5219/5211 2117/3088/3080
f 2121/5216/5208 4894/5597/5589 5442/5219/5211
f 1238/924/916 3442/3288/3280 4411/398/390
f 4573/3287/3279 4411/398/390 3442/3288/3280
f 4412/3301/3293 609/2689/2681 4359/2692/2684
f 2694/2690/2682 609/2689/2681 4412/3301/3293
f 4413/313/305 1953/5104/5096 3965/5095/5087
f 4413/313/305 2550/5444/5436 1953/5104/5096
f 2538/2246/2238 4414/5152/5144 2536/2245/2237
f 4414/5152/5144 3979/1317/1309 2536/2245/2237
f 4415/4166/4158 3231/4187/4179 2434/4176/4168
f 1222/5392/5384 4415/4166/4158 2434/4176/4168
f 3025/5600/5592 4419/3213/3205 4416/2007/1999
f 3022/5598/5590 3025/5600/5592 4416/2007/1999
f 408/4670/4662 1772/1438/1430 4417/3097/3089
f 4417/3097/3089 1772/1438/1430 1467/4573/4565
f 4421/202/194 1484/3134/3126 4418/4597/4589
f 1484/3134/3126 2902/4132/4124 4418/4597/4589
f 4419/3213/3205 3025/5600/5592 3937/2010/2002
f 4036/5062/5054 4419/3213/3205 3937/2010/2002
f 1150/5813/5805 4420/4364/4356 3566/4031/4023
f 1150/5813/5805 3597/665/657 4423/664/656
f 4421/202/194 1487/4592/4584 1489/200/192
f 4418/4597/4589 1487/4592/4584 4421/202/194
f 3532/593/585 4422/959/951 1716/5513/5505
f 4100/958/950 1716/5513/5505 4422/959/951
f 4420/4364/4356 1150/5813/5805 4423/664/656
f 4423/664/656 1330/4362/4354 4420/4364/4356
f 4424/4620/4612 3211/5814/5806 3337/4621/4613
f 5191/2013/2005 3211/5814/5806 4424/4620/4612
f 4139/3933/3925 737/3076/3068 4425/467/459
f 4139/3933/3925 4425/467/459 4942/3932/3924
f 2144/4365/4357 4423/664/656 4426/663/655
f 4429/4265/4257 4426/663/655 3597/665/657
f 4430/5077/5069 4427/2223/2215 1915/601/593
f 134/4185/4177 2292/4174/4166 4427/2223/2215
f 1807/1582/1574 697/4981/4973 4428/1587/1579
f 4428/1587/1579 710/3000/2992 1807/1582/1574
f 2144/4365/4357 4429/4265/4257 4783/3866/3858
f 4429/4265/4257 2144/4365/4357 4426/663/655
f 4427/2223/2215 4430/5077/5069 134/4185/4177
f 2976/3051/3043 134/4185/4177 4430/5077/5069
f 4431/3996/3988 2277/2572/2564 3794/4869/4861
f 4431/3996/3988 1841/2573/2565 2277/2572/2564
f 4432/4989/4981 3379/299/291 1025/1406/1398
f 1025/1406/1398 4181/3790/3782 4432/4989/4981
f 4433/1508/1500 3430/4373/4365 2600/4374/4366
f 4433/1508/1500 5463/5168/5160 3430/4373/4365
f 1520/2579/2571 4434/5815/5807 1652/4826/4818
f 4435/4952/4944 3149/2175/2167 1773/2173/2165
f 4435/4952/4944 796/1399/1391 3149/2175/2167
f 1332/3723/3715 4436/1663/1655 1498/4614/4606
f 4436/1663/1655 1332/3723/3715 4519/1664/1656
f 4434/5815/5807 1520/2579/2571 4437/4831/4823
f 3954/4027/4019 4438/2667/2659 3381/4700/4692
f 1556/2663/2655 3381/4700/4692 4438/2667/2659
f 3542/369/361 4439/2665/2657 4441/5710/5702
f 4438/2667/2659 4441/5710/5702 4439/2665/2657
f 4440/460/452 1762/3106/3098 1243/461/453
f 4440/460/452 3838/3107/3099 1762/3106/3098
f 4441/5710/5702 4438/2667/2659 2062/2614/2606
f 4838/2613/2605 4441/5710/5702 2062/2614/2606
f 4442/3622/3614 1623/3621/3613 2214/3690/3682
f 2216/709/701 4442/3622/3614 2214/3690/3682
f 4443/3782/3774 3297/3783/3775 4135/1791/1783
f 4135/1791/1783 370/5787/5779 4443/3782/3774
f 4428/1587/1579 4444/2962/2954 3352/1585/1577
f 4444/2962/2954 3904/4865/4857 3352/1585/1577
f 4445/1736/1728 353/5024/5016 1849/2761/2753
f 353/5024/5016 4445/1736/1728 5465/927/919
f 4446/2094/2086 1781/1975/1967 3446/2095/2087
f 2901/4957/4949 1781/1975/1967 4446/2094/2086
f 4449/735/727 470/1684/1676 4447/2658/2650
f 4447/2658/2650 278/1392/1384 1116/3967/3959
f 4448/928/920 353/5024/5016 5465/927/919
f 353/5024/5016 4448/928/920 995/5170/5162
f 4117/1394/1386 4449/735/727 1116/3967/3959
f 4447/2658/2650 1116/3967/3959 4449/735/727
f 995/5170/5162 4448/928/920 4450/146/138
f 5507/5169/5161 995/5170/5162 4950/954/946
f 2851/2605/2597 1438/4532/4524 4451/1572/1564
f 2851/2605/2597 4451/1572/1564 3356/534/526
f 4452/1407/1399 1471/4582/4574 2839/2583/2575
f 1471/4582/4574 4452/1407/1399 3891/1409/1401
f 3872/4040/4032 4038/4039/4031 4453/4038/4030
f 1151/4691/4683 3872/4040/4032 4453/4038/4030
f 2724/4191/4183 5611/5510/5502 4454/5268/5260
f 4454/5268/5260 876/4188/4180 2724/4191/4183
f 215/198/190 1850/197/189 4455/4037/4029
f 1850/197/189 4453/4038/4030 4455/4037/4029
f 3433/2559/2551 64/5569/5561 4456/404/396
f 64/5569/5561 2909/4455/4447 4456/404/396
f 2457/1677/1669 977/1679/1671 4457/3036/3028
f 942/5601/5593 2647/2920/2912 4458/2919/2911
f 942/5601/5593 4458/2919/2911 946/368/360
f 1404/5492/5484 4459/3110/3102 4460/5372/5364
f 1404/5492/5484 752/1926/1918 4459/3110/3102
f 4460/5372/5364 2396/3112/3104 1404/5492/5484
f 2396/3112/3104 4460/5372/5364 5319/3115/3107
f 2333/5012/5004 5487/5011/5003 4461/5015/5007
f 5485/4019/4011 4461/5015/5007 5487/5011/5003
f 383/1850/1842 5196/131/123 4462/2020/2012
f 383/1850/1842 4462/2020/2012 1863/2022/2014
f 4976/5198/5190 4374/5660/5652 4463/5809/5801
f 4463/5809/5801 4374/5660/5652 5370/5806/5798
f 1957/5109/5101 4193/2978/2970 5393/2977/2969
f 1955/5108/5100 1957/5109/5101 5393/2977/2969
f 5393/2977/2969 703/916/908 4465/919/911
f 4465/919/911 703/916/908 3994/915/907
f 4364/3939/3931 223/1150/1142 4466/2641/2633
f 223/1150/1142 4468/2637/2629 4466/2641/2633
f 4467/4502/4494 711/4503/4495 1870/1983/1975
f 4478/2866/2858 1870/1983/1975 1508/1982/1974
f 4834/1685/1677 4468/2637/2629 1612/4245/4237
f 1612/4245/4237 4468/2637/2629 223/1150/1142
f 675/47/39 4469/2886/2878 2170/45/37
f 2170/45/37 4469/2886/2878 679/5246/5238
f 4470/2371/2363 2485/2338/2330 751/3124/3116
f 2485/2338/2330 4470/2371/2363 4189/784/776
f 2485/2338/2330 4471/2339/2331 751/3124/3116
f 4471/2339/2331 762/783/775 4474/5054/5046
f 3364/2706/2698 2438/5243/5235 4473/2103/2095
f 3579/4649/4641 4473/2103/2095 2438/5243/5235
f 4474/5054/5046 751/3124/3116 4471/2339/2331
f 4474/5054/5046 2455/3157/3149 751/3124/3116
f 1842/4292/4284 5614/5338/5330 4475/5336/5328
f 1845/5014/5006 1842/4292/4284 4475/5336/5328
f 809/2040/2032 705/3313/3305 4476/2984/2976
f 4476/2984/2976 705/3313/3305 3564/3312/3304
f 4477/49/41 1711/3488/3480 943/50/42
f 3073/662/654 1711/3488/3480 5788/660/652
f 4478/2866/2858 1579/4733/4725 4972/5043/5035
f 1870/1983/1975 4478/2866/2858 4467/4502/4494
f 4479/3530/3522 4309/3216/3208 908/1078/1070
f 4479/3530/3522 908/1078/1070 4699/3529/3521
f 25/3180/3172 4480/512/504 5445/544/536
f 1549/513/505 4480/512/504 25/3180/3172
f 973/3675/3667 2092/3394/3386 4481/1108/1100
f 2092/3394/3386 201/5047/5039 4481/1108/1100
f 4482/2867/2859 1576/4734/4726 1579/4733/4725
f 4478/2866/2858 4482/2867/2859 1579/4733/4725
f 1993/282/274 4483/360/352 4249/359/351
f 4483/360/352 1993/282/274 1990/4904/4896
f 654/1360/1352 3967/1362/1354 4484/2833/2825
f 2876/19/11 4487/3384/3376 4484/2833/2825
f 1687/4753/4745 4485/5790/5782 1983/3372/3364
f 5107/2127/2119 4959/2128/2120 1687/4753/4745
f 4486/4819/4811 2918/5390/5382 4673/1417/1409
f 1640/4089/4081 2918/5390/5382 4486/4819/4811
f 654/1360/1352 4484/2833/2825 4487/3384/3376
f 654/1360/1352 4487/3384/3376 3971/1361/1353
f 1516/2533/2525 1200/4121/4113 4488/1795/1787
f 140/4120/4112 4488/1795/1787 1200/4121/4113
f 4180/753/745 1145/755/747 4489/4023/4015
f 4485/5790/5782 4180/753/745 4489/4023/4015
f 3181/20/12 4490/1709/1701 347/18/10
f 347/18/10 4490/1709/1701 4487/3384/3376
f 1931/1649/1641 187/1650/1642 4491/1652/1644
f 4491/1652/1644 2026/2354/2346 1931/1649/1641
f 5400/5164/5156 4492/1230/1222 242/256/248
f 1882/3944/3936 4493/3664/3656 1855/3945/3937
f 1855/3945/3937 4493/3664/3656 962/403/395
f 2422/1534/1526 4494/1493/1485 299/1532/1524
f 4494/1493/1485 3934/5524/5516 299/1532/1524
f 993/289/281 200/1925/1917 4495/1634/1626
f 1580/1636/1628 993/289/281 4495/1634/1626
f 4889/2796/2788 4496/561/553 818/3309/3301
f 818/3309/3301 4496/561/553 3765/560/552
f 4497/3353/3345 837/3352/3344 1887/3354/3346
f 4497/3353/3345 102/3159/3151 837/3352/3344
f 4498/232/224 3266/3789/3781 4502/5816/5808
f 4502/5816/5808 1167/233/225 4498/232/224
f 1295/1067/1059 2291/4523/4515 4499/333/325
f 4499/333/325 4104/335/327 1295/1067/1059
f 4484/2833/2825 4500/2367/2359 2876/19/11
f 862/4571/4563 2876/19/11 4500/2367/2359
f 1979/3558/3550 4501/4149/4141 1216/3556/3548
f 808/370/362 1216/3556/3548 4501/4149/4141
f 175/2940/2932 4502/5816/5808 3266/3789/3781
f 1167/233/225 4502/5816/5808 175/2940/2932
f 1548/1967/1959 4503/1968/1960 3410/4680/4672
f 1548/1967/1959 229/4810/4802 4503/1968/1960
f 4504/5267/5259 2212/325/317 1501/4618/4610
f 1501/4618/4610 2816/1335/1327 4504/5267/5259
f 2384/3947/3939 3799/420/412 4505/419/411
f 2384/3947/3939 4505/419/411 3948/3948/3940
f 4506/5090/5082 33/1970/1962 1935/1074/1066
f 1935/1074/1066 1939/1187/1179 4506/5090/5082
f 4507/2355/2347 1931/1649/1641 2026/2354/2346
f 514/1195/1187 4507/2355/2347 2026/2354/2346
f 4508/3785/3777 1409/1674/1666 3406/2555/2547
f 712/2997/2989 1409/1674/1666 4508/3785/3777
f 4509/2884/2876 673/1631/1623 2827/1112/1104
f 4509/2884/2876 2827/1112/1104 1062/1690/1682
f 1823/1419/1411 2521/4985/4977 4510/1418/1410
f 2114/1598/1590 4510/1418/1410 2521/4985/4977
f 4511/3262/3254 2951/1376/1368 804/3263/3255
f 4511/3262/3254 804/3263/3255 3289/2624/2616
f 1749/3496/3488 4512/3498/3490 2340/5342/5334
f 1788/4961/4953 2340/5342/5334 4512/3498/3490
f 2756/4083/4075 4513/4612/4604 1496/2985/2977
f 2756/4083/4075 1769/4085/4077 4513/4612/4604
f 4514/4889/4881 1703/1215/1207 4517/2015/2007
f 4514/4889/4881 4517/2015/2007 3337/4621/4613
f 3448/799/791 4515/5519/5511 1496/2985/2977
f 1496/2985/2977 4515/5519/5511 2756/4083/4075
f 1262/1137/1129 4516/1136/1128 1182/2552/2544
f 1182/2552/2544 4516/1136/1128 2598/2553/2545
f 4517/2015/2007 1703/1215/1207 169/890/882
f 1651/892/884 4517/2015/2007 169/890/882
f 1847/5023/5015 4518/2740/2732 3661/5022/5014
f 1847/5023/5015 669/2741/2733 4518/2740/2732
f 4519/1664/1656 4701/5635/5627 4621/5817/5809
f 4519/1664/1656 4621/5817/5809 4624/4464/4456
f 4520/4004/3996 2471/685/677 1141/2991/2983
f 1132/686/678 2471/685/677 4520/4004/3996
f 4007/4209/4201 1233/4208/4200 4521/2411/2403
f 3647/2412/2404 4521/2411/2403 1233/4208/4200
f 2969/523/515 4522/51/43 5560/53/45
f 2975/5579/5571 4522/51/43 2969/523/515
f 3553/343/335 4523/4658/4650 632/3146/3138
f 632/3146/3138 4523/4658/4650 5353/3144/3136
f 4524/4130/4122 4928/5818/5810 2659/2686/2678
f 4928/5818/5810 4524/4130/4122 1203/2687/2679
f 4525/504/496 3514/2482/2474 546/1825/1817
f 546/1825/1817 2482/502/494 4525/504/496
f 1575/2238/2230 2648/206/198 4526/4725/4717
f 4526/4725/4717 4335/4861/4853 1575/2238/2230
f 1753/4112/4104 802/4353/4345 4527/5819/5811
f 1753/4112/4104 4527/5819/5811 1193/4115/4107
f 4528/3970/3962 5414/5643/5635 2684/337/329
f 4528/3970/3962 2684/337/329 4534/5500/5492
f 3284/1605/1597 4529/5673/5665 585/124/116
f 4529/5673/5665 3284/1605/1597 3216/2607/2599
f 4530/1122/1114 4404/2413/2405 3647/2412/2404
f 4530/1122/1114 3647/2412/2404 3363/5690/5682
f 4126/2221/2213 4531/3567/3559 922/2768/2760
f 4126/2221/2213 305/3568/3560 4531/3567/3559
f 4532/1910/1902 4721/1909/1901 400/719/711
f 4532/1910/1902 400/719/711 1327/4358/4350
f 4533/3656/3648 5499/5479/5471 960/3602/3594
f 2813/3132/3124 5499/5479/5471 4533/3656/3648
f 4336/4359/4351 4534/5500/5492 2684/337/329
f 4336/4359/4351 5581/336/328 4537/5800/5792
f 4535/2102/2094 1819/40/32 4473/2103/2095
f 5404/5667/5659 1819/40/32 4535/2102/2094
f 5680/5820/5812 3208/3140/3132 4536/5157/5149
f 4536/5157/5149 4756/4368/4360 5680/5820/5812
f 4336/4359/4351 4537/5800/5792 4534/5500/5492
f 4537/5800/5792 1327/4358/4350 4534/5500/5492
f 4538/3770/3762 1016/3768/3760 3258/3761/3753
f 4538/3770/3762 4535/2102/2094 1016/3768/3760
f 4539/3351/3343 3000/3349/3341 5776/3645/3637
f 212/1097/1089 3000/3349/3341 4539/3351/3343
f 4518/2740/2732 4540/2739/2731 3550/3684/3676
f 3550/3684/3676 4540/2739/2731 971/3205/3197
f 4541/1142/1134 2125/3677/3669 5282/2100/2092
f 3737/302/294 4542/249/241 3013/251/243
f 61/1626/1618 5113/5734/5726 3737/302/294
f 2050/2276/2268 4543/2259/2251 3905/5175/5167
f 3905/5175/5167 4543/2259/2251 29/5761/5753
f 4544/564/556 1846/4778/4770 280/90/82
f 1609/4771/4763 1846/4778/4770 4544/564/556
f 4094/3441/3433 4545/5779/5771 1721/1643/1635
f 3143/26/18 1721/1643/1635 4547/24/16
f 4546/858/850 2282/4325/4317 3408/856/848
f 2282/4325/4317 4546/858/850 1304/854/846
f 4547/24/16 4545/5779/5771 412/3439/3431
f 1721/1643/1635 4545/5779/5771 4547/24/16
f 720/3024/3016 5061/3798/3790 4548/5677/5669
f 4548/5677/5669 5061/3798/3790 1659/3800/3792
f 1858/5026/5018 5434/5655/5647 4549/3531/3523
f 208/5821/5813 5429/3532/3524 4549/3531/3523
f 4550/3520/3512 4553/5481/5473 2646/4842/4834
f 2646/4842/4834 5714/4843/4835 5629/2081/2073
f 1492/1551/1543 4551/1553/1545 753/1740/1732
f 753/1740/1732 4551/1553/1545 1885/2052/2044
f 2962/112/104 378/5587/5579 4552/5584/5576
f 4554/5583/5575 4552/5584/5576 3187/4375/4367
f 903/1486/1478 5373/3519/3511 4553/5481/5473
f 4553/5481/5473 4550/3520/3512 903/1486/1478
f 2962/112/104 4552/5584/5576 4554/5583/5575
f 2962/112/104 4554/5583/5575 2991/2129/2121
f 1479/5653/5645 4555/1880/1872 3830/4589/4581
f 3221/743/735 4555/1880/1872 1479/5653/5645
f 3781/499/491 1340/4385/4377 4556/4386/4378
f 4561/5478/5470 2640/497/489 4556/4386/4378
f 4557/4760/4752 2392/4230/4222 3175/4761/4753
f 2392/4230/4222 4557/4760/4752 3201/4764/4756
f 4558/1863/1855 2299/2523/2515 700/5539/5531
f 2299/2523/2515 4558/1863/1855 2771/1864/1856
f 2197/5822/5814 2191/3429/3421 4559/3424/3416
f 5428/3796/3788 4559/3424/3416 2191/3429/3421
f 3309/458/450 971/3205/3197 4560/459/451
f 4540/2739/2731 4560/459/451 971/3205/3197
f 4561/5478/5470 1340/4385/4377 95/837/829
f 1340/4385/4377 4561/5478/5470 4556/4386/4378
f 3790/5717/5709 4562/1171/1163 3594/4807/4799
f 4562/1171/1163 4564/1170/1162 3594/4807/4799
f 4563/1245/1237 1410/3291/3283 3864/244/236
f 4563/1245/1237 1074/1247/1239 1410/3291/3283
f 3594/4807/4799 4564/1170/1162 3617/4892/4884
f 3617/4892/4884 4564/1170/1162 1710/1168/1160
f 5629/2081/2073 5714/4843/4835 4565/2082/2074
f 486/5197/5189 4565/2082/2074 1664/4841/4833
f 4566/4248/4240 3243/5465/5457 1515/1689/1681
f 3243/5465/5457 4566/4248/4240 1977/1134/1126
f 4567/3043/3035 478/4514/4506 2641/3569/3561
f 4567/3043/3035 4568/4513/4505 478/4514/4506
f 4568/4513/4505 3196/4516/4508 478/4514/4506
f 3196/4516/4508 4568/4513/4505 1427/1520/1512
f 1100/3929/3921 4569/1506/1498 5479/3931/3923
f 1277/4079/4071 4569/1506/1498 1100/3929/3921
f 4154/5709/5701 4570/5017/5009 1386/5562/5554
f 4570/5017/5009 4154/5709/5701 4155/5788/5780
f 877/5345/5337 4571/2967/2959 699/4538/4530
f 4571/2967/2959 2765/2966/2958 699/4538/4530
f 210/1786/1778 2246/1797/1789 4572/4281/4273
f 210/1786/1778 4572/4281/4273 4082/4283/4275
f 1053/3846/3838 4261/397/389 4574/399/391
f 1053/3846/3838 4574/399/391 2232/3324/3316
f 4574/399/391 4411/398/390 4573/3287/3279
f 2232/3324/3316 4574/399/391 4573/3287/3279
f 4028/5741/5733 5711/5633/5625 4575/1350/1342
f 1084/1345/1337 4575/1350/1342 2762/1346/1338
f 15/1292/1284 4576/2483/2475 547/5599/5591
f 547/5599/5591 4576/2483/2475 2143/1675/1667
f 3778/1349/1341 1737/4915/4907 4577/5740/5732
f 3778/1349/1341 4577/5740/5732 4575/1350/1342
f 378/5587/5579 2968/3123/3115 4578/3118/3110
f 4583/4376/4368 4578/3118/3110 1334/4377/4369
f 4579/1294/1286 819/1308/1300 15/1292/1284
f 4579/1294/1286 3508/3737/3729 819/1308/1300
f 337/5644/5636 1334/4377/4369 4580/1831/1823
f 4578/3118/3110 4580/1831/1823 1334/4377/4369
f 4581/2170/2162 4847/673/665 2332/5335/5327
f 4581/2170/2162 2332/5335/5327 5712/3807/3799
f 4582/5668/5660 5871/5648/5640 3270/1571/1563
f 749/1574/1566 5543/5669/5661 5544/3120/3112
f 4552/5584/5576 378/5587/5579 4583/4376/4368
f 4583/4376/4368 378/5587/5579 4578/3118/3110
f 189/986/978 780/985/977 4584/3206/3198
f 189/986/978 4586/2106/2098 3657/984/976
f 2854/2715/2707 4585/4400/4392 4587/5555/5547
f 4585/4400/4392 2854/2715/2707 4169/3873/3865
f 4586/2106/2098 4584/3206/3198 1726/1700/1692
f 189/986/978 4584/3206/3198 4586/2106/2098
f 3342/3872/3864 4587/5555/5547 2745/3871/3863
f 2745/3871/3863 4587/5555/5547 4585/4400/4392
f 4996/5714/5706 5261/5823/5815 4588/2402/2394
f 5261/5823/5815 2164/4419/4411 4588/2402/2394
f 4589/3726/3718 1934/2383/2375 3396/2214/2206
f 3396/2214/2206 3563/4140/4132 4589/3726/3718
f 1527/526/518 4590/525/517 3527/3946/3938
f 4590/525/517 3041/3943/3935 3527/3946/3938
f 5622/3915/3907 2104/3914/3906 4591/2813/2805
f 2104/3914/3906 646/2810/2802 4591/2813/2805
f 4592/4897/4889 670/5413/5405 4184/4895/4887
f 3251/1821/1813 1267/2306/2298 4593/699/691
f 1267/2306/2298 3105/1012/1004 4593/699/691
f 4594/95/87 1504/94/86 3109/4624/4616
f 3109/4624/4616 4178/2814/2806 4594/95/87
f 1083/697/689 4595/4264/4256 1770/3900/3892
f 1083/697/689 4593/699/691 4595/4264/4256
f 2573/646/638 4596/658/650 1383/647/639
f 4594/95/87 1383/647/639 4596/658/650
f 3061/1678/1670 4597/3894/3886 662/2855/2847
f 3580/2853/2845 662/2855/2847 4597/3894/3886
f 265/5046/5038 92/1359/1351 4598/1340/1332
f 92/1359/1351 3022/5598/5590 4598/1340/1332
f 1958/4847/4839 4599/2447/2439 4905/3615/3607
f 4599/2447/2439 4601/2450/2442 2120/2449/2441
f 2311/979/971 4600/1856/1848 2374/5320/5312
f 4953/5353/5345 4600/1856/1848 810/2965/2957
f 4601/2450/2442 4599/2447/2439 1958/4847/4839
f 1958/4847/4839 1667/4096/4088 4601/2450/2442
f 269/2368/2360 4602/3041/3033 1493/2369/2361
f 1077/62/54 1493/2369/2361 4602/3041/3033
f 4111/2762/2754 4603/4416/4408 4692/2760/2752
f 4603/4416/4408 4111/2762/2754 4999/4622/4614
f 731/5824/5816 4604/67/59 145/757/749
f 5244/3057/3049 4604/67/59 731/5824/5816
f 516/1094/1086 3991/2328/2320 4605/3693/3685
f 4718/4470/4462 2627/291/283 516/1094/1086
f 4606/1855/1847 4797/2963/2955 810/2965/2957
f 810/2965/2957 4600/1856/1848 4606/1855/1847
f 3703/1297/1289 5110/714/706 4607/713/705
f 5096/5728/5720 5435/5729/5721 455/2121/2113
f 731/5824/5816 4608/756/748 5244/3057/3049
f 4608/756/748 731/5824/5816 145/757/749
f 3550/3684/3676 4609/3204/3196 5846/3201/3193
f 3215/3203/3195 1920/5083/5075 4609/3204/3196
f 4610/4912/4904 2708/2531/2523 1741/3307/3299
f 4610/4912/4904 401/3316/3308 2708/2531/2523
f 122/2130/2122 4611/3482/3474 1331/4367/4359
f 4756/4368/4360 4611/3482/3474 2306/3484/3476
f 428/388/380 1374/4434/4426 4614/3338/3330
f 3234/5100/5092 4614/3338/3330 1374/4434/4426
f 3503/193/185 4613/4848/4840 1365/191/183
f 3503/193/185 4616/1454/1446 4613/4848/4840
f 428/388/380 4614/3338/3330 4612/4435/4427
f 4614/3338/3330 2544/3337/3329 4612/4435/4427
f 4118/1021/1013 1227/1023/1015 4615/4189/4181
f 3846/4190/4182 4615/4189/4181 1227/1023/1015
f 2005/1453/1445 4616/1454/1446 581/1765/1757
f 4616/1454/1446 3503/193/185 581/1765/1757
f 4617/1414/1406 2426/1416/1408 2432/5395/5387
f 2432/5395/5387 2429/4686/4678 4617/1414/1406
f 3009/3725/3717 4618/1738/1730 3496/5594/5586
f 3091/1727/1719 4618/1738/1730 3009/3725/3717
f 76/389/381 428/388/380 4619/4951/4943
f 428/388/380 4612/4435/4427 4619/4951/4943
f 4620/4091/4083 2918/5390/5382 1640/4089/4081
f 2005/1453/1445 4620/4091/4083 1640/4089/4081
f 990/4462/4454 4624/4464/4456 4621/5817/5809
f 990/4462/4454 4621/5817/5809 2625/2597/2589
f 2199/2895/2887 4622/5259/5251 3567/4437/4429
f 4622/5259/5251 4619/4951/4943 3567/4437/4429
f 538/2451/2443 3050/2453/2445 4623/314/306
f 538/2451/2443 4625/5825/5817 3965/5095/5087
f 4624/4464/4456 2066/1661/1653 336/678/670
f 4624/4464/4456 990/4462/4454 2066/1661/1653
f 4626/5769/5761 3965/5095/5087 4625/5825/5817
f 4623/314/306 4625/5825/5817 538/2451/2443
f 4623/314/306 4413/313/305 4626/5769/5761
f 4623/314/306 4626/5769/5761 4625/5825/5817
f 4222/5696/5688 3453/4918/4910 4627/5640/5632
f 3167/4637/4629 4627/5640/5632 3453/4918/4910
f 5482/4590/4582 87/3411/3403 4628/4591/4583
f 4628/4591/4583 87/3411/3403 3063/1412/1404
f 398/4475/4467 4005/1905/1897 4629/3074/3066
f 4629/3074/3066 5048/3059/3051 398/4475/4467
f 1672/2321/2313 2209/2318/2310 4630/4850/4842
f 2903/2322/2314 1672/2321/2313 4630/4850/4842
f 4631/4030/4022 736/4029/4021 2631/1000/992
f 2631/1000/992 1360/999/991 4631/4030/4022
f 4632/3515/3507 4651/5826/5818 1057/3516/3508
f 1615/932/924 4651/5826/5818 4632/3515/3507
f 4636/1809/1801 2695/1646/1638 4633/1645/1637
f 333/1647/1639 1766/3659/3651 4633/1645/1637
f 736/4029/4021 4634/3075/3067 4629/3074/3066
f 3018/3089/3081 4634/3075/3067 4637/3090/3082
f 5075/332/324 4635/156/148 5782/5623/5615
f 5782/5623/5615 4635/156/148 3368/3421/3413
f 1766/3659/3651 4752/2148/2140 4636/1809/1801
f 1766/3659/3651 4636/1809/1801 4633/1645/1637
f 4631/4030/4022 4637/3090/3082 736/4029/4021
f 4637/3090/3082 4634/3075/3067 736/4029/4021
f 555/4556/4548 4638/953/945 3183/4638/4630
f 4638/953/945 555/4556/4548 2003/4555/4547
f 4639/3073/3065 4634/3075/3067 3018/3089/3081
f 3018/3089/3081 741/378/370 4639/3073/3065
f 4640/1810/1802 3457/4494/4486 2690/558/550
f 4640/1810/1802 2690/558/550 1122/557/549
f 3634/5585/5577 4641/2298/2290 2966/3953/3945
f 2966/3953/3945 4641/2298/2290 1814/2308/2300
f 3374/2922/2914 1219/2924/2916 4642/4157/4149
f 4645/2921/2913 1219/2924/2916 4792/2923/2915
f 1732/4908/4900 4646/3572/3564 4643/3574/3566
f 4643/3574/3566 832/3343/3335 1732/4908/4900
f 4644/1194/1186 219/5067/5059 3253/1192/1184
f 4647/2489/2481 219/5067/5059 4644/1194/1186
f 4645/2921/2913 4642/4157/4149 1219/2924/2916
f 5444/4169/4161 4642/4157/4149 4645/2921/2913
f 53/1258/1250 4646/3572/3564 3194/3345/3337
f 53/1258/1250 5538/1257/1249 4646/3572/3564
f 4647/2489/2481 4644/1194/1186 1898/2502/2494
f 549/2487/2479 4647/2489/2481 1898/2502/2494
f 86/1173/1165 4648/280/272 858/5291/5283
f 1514/3414/3406 858/5291/5283 4648/280/272
f 1589/3035/3027 4649/281/273 4648/280/272
f 1589/3035/3027 4861/3034/3026 4649/281/273
f 3285/4792/4784 954/5672/5664 4650/712/704
f 4650/712/704 83/4793/4785 3285/4792/4784
f 5863/4783/4775 4651/5826/5818 3811/4784/4776
f 4651/5826/5818 1615/932/924 3811/4784/4776
f 4652/4476/4468 1913/1915/1907 2111/1914/1906
f 4652/4476/4468 2111/1914/1906 260/3195/3187
f 1629/4627/4619 3731/1385/1377 4653/4801/4793
f 3729/1966/1958 4653/4801/4793 5292/5732/5724
f 399/1907/1899 4654/1908/1900 4240/123/115
f 3786/1348/1340 4654/1908/1900 399/1907/1899
f 3840/5354/5346 4655/2435/2427 534/5368/5360
f 3504/2436/2428 534/5368/5360 4655/2435/2427
f 4182/3248/3240 4656/2414/2406 5114/5827/5819
f 4007/4209/4201 5114/5827/5819 4656/2414/2406
f 1930/2312/2304 1926/301/293 4657/577/569
f 4657/577/569 1926/301/293 1006/2108/2100
f 2804/2960/2952 4658/2959/2951 697/4981/4973
f 697/4981/4973 4658/2959/2951 4444/2962/2954
f 2029/1347/1339 4659/1802/1794 1084/1345/1337
f 4240/123/115 1084/1345/1337 4659/1802/1794
f 4660/732/724 430/1371/1363 597/733/725
f 4661/4540/4532 4740/4541/4533 430/1371/1363
f 430/1371/1363 4660/732/724 4661/4540/4532
f 1447/2024/2016 4661/4540/4532 4660/732/724
f 728/1922/1914 4663/5182/5174 4105/1936/1928
f 2074/1937/1929 4105/1936/1928 4663/5182/5174
f 4664/1561/1553 761/4124/4116 4924/2000/1992
f 3003/4122/4114 761/4124/4116 4664/1561/1553
f 4665/696/688 3754/1121/1113 597/733/725
f 1852/2644/2636 3754/1121/1113 4665/696/688
f 1557/1947/1939 2176/4225/4217 4666/2885/2877
f 2176/4225/4217 1927/5089/5081 4666/2885/2877
f 1950/3940/3932 4667/2475/2467 2797/2474/2466
f 1104/1151/1143 4686/2476/2468 1950/3940/3932
f 2989/1611/1603 4668/1596/1588 1321/1595/1587
f 2989/1611/1603 194/3276/3268 4668/1596/1588
f 2850/35/27 140/4120/4112 4669/1512/1504
f 140/4120/4112 303/1513/1505 4669/1512/1504
f 4670/4818/4810 1181/5574/5566 1555/508/500
f 4853/4137/4129 4670/4818/4810 1555/508/500
f 4671/1844/1836 4780/5136/5128 2046/1837/1829
f 5337/1842/1834 4671/1844/1836 2046/1837/1829
f 2422/1534/1526 2417/5384/5376 4672/5381/5373
f 132/4002/3994 4672/5381/5373 2417/5384/5376
f 4673/1417/1409 1181/5574/5566 4486/4819/4811
f 1181/5574/5566 5521/509/501 1555/508/500
f 4780/5136/5128 4674/5171/5163 2049/2800/2792
f 4674/5171/5163 4671/1844/1836 4676/1843/1835
f 4676/1843/1835 2049/2800/2792 4674/5171/5163
f 4676/1843/1835 1865/2801/2793 2049/2800/2792
f 1079/3893/3885 4677/225/217 3061/1678/1670
f 1079/3893/3885 277/2857/2849 5032/2856/2848
f 1103/3937/3929 4678/1254/1246 247/1253/1245
f 1103/3937/3929 2388/3938/3930 4678/1254/1246
f 740/4533/4525 4679/226/218 2601/5828/5820
f 4677/225/217 4683/5462/5454 4679/226/218
f 1757/2695/2687 4680/1706/1698 5034/5129/5121
f 5034/5129/5121 4680/1706/1698 202/1482/1474
f 2601/5828/5820 4681/4534/4526 740/4533/4525
f 2601/5828/5820 4679/226/218 4683/5462/5454
f 4320/1423/1415 611/1422/1414 4682/977/969
f 1786/1778/1770 4682/977/969 611/1422/1414
f 4681/4534/4526 2601/5828/5820 4683/5462/5454
f 4683/5462/5454 31/4530/4522 4681/4534/4526
f 4684/3156/3148 1890/3155/3147 102/3159/3151
f 3494/42/34 4684/3156/3148 4790/5097/5089
f 2088/1993/1985 2900/4251/4243 4685/221/213
f 3114/3651/3643 2088/1993/1985 4685/221/213
f 4686/2476/2468 4667/2475/2467 1950/3940/3932
f 4686/2476/2468 544/885/877 4667/2475/2467
f 704/1132/1124 1284/3545/3537 4687/3102/3094
f 4687/3102/3094 1284/3545/3537 744/1271/1263
f 4445/1736/1728 4688/4982/4974 630/1737/1729
f 630/1737/1729 4688/4982/4974 2441/1886/1878
f 4689/1251/1243 5207/1252/1244 5209/5829/5821
f 797/5135/5127 2405/3226/3218 4689/1251/1243
f 776/3192/3184 4690/4415/4407 1356/5387/5379
f 1356/5387/5379 4690/4415/4407 4603/4416/4408
f 684/472/464 909/1025/1017 4691/1027/1019
f 4691/1027/1019 4693/645/637 3775/1026/1018
f 1808/1887/1879 4692/2760/2752 4690/4415/4407
f 4692/2760/2752 1808/1887/1879 4688/4982/4974
f 4691/1027/1019 909/1025/1017 4693/645/637
f 4693/645/637 909/1025/1017 197/2393/2385
f 511/4234/4226 4694/2331/2323 1245/4233/4225
f 511/4234/4226 1243/461/453 4694/2331/2323
f 1290/2314/2306 2369/2281/2273 4695/3098/3090
f 1290/2314/2306 4695/3098/3090 4099/5692/5684
f 4696/1007/999 3835/4674/4666 1540/2099/2091
f 1540/2099/2091 2157/2098/2090 4696/1007/999
f 4697/3246/3238 4002/3697/3689 1888/1789/1781
f 4697/3246/3238 978/1191/1183 4002/3697/3689
f 2129/5541/5533 4698/5184/5176 3322/139/131
f 2822/341/333 4698/5184/5176 2129/5541/5533
f 4699/3529/3521 912/4898/4890 4549/3531/3523
f 3771/1213/1205 912/4898/4890 4699/3529/3521
f 4700/2351/2343 2034/4324/4316 2710/4666/4658
f 3760/2349/2341 4700/2351/2343 2710/4666/4658
f 4701/5635/5627 2625/2597/2589 4621/5817/5809
f 2625/2597/2589 4701/5635/5627 3145/3724/3716
f 53/1258/1250 4702/3346/3338 1468/5830/5822
f 2414/4584/4576 1468/5830/5822 4702/3346/3338
f 783/3210/3202 781/2887/2879 4703/1949/1941
f 4703/1949/1941 781/2887/2879 5822/4224/4216
f 32/465/457 4704/1614/1606 3206/463/455
f 2563/5370/5362 5642/5369/5361 32/465/457
f 2079/5645/5637 4705/2585/2577 936/2058/2050
f 2079/5645/5637 4130/2188/2180 4705/2585/2577
f 2136/4851/4843 4706/4853/4845 2623/5472/5464
f 4706/4853/4845 2136/4851/4843 3480/4625/4617
f 4570/5017/5009 4707/5018/5010 4711/5561/5553
f 2687/4016/4008 2872/4450/4442 4707/5018/5010
f 4708/3570/3562 923/5124/5116 1120/1771/1763
f 1120/1771/1763 362/873/865 4708/3570/3562
f 4709/5188/5180 4130/2188/2180 2079/5645/5637
f 3189/2060/2052 4709/5188/5180 2079/5645/5637
f 4710/1235/1227 2917/2431/2423 5470/5799/5791
f 588/1734/1726 2917/2431/2423 5852/2610/2602
f 4707/5018/5010 2872/4450/4442 4711/5561/5553
f 2872/4450/4442 3317/4452/4444 4711/5561/5553
f 259/4330/4322 1310/2672/2664 4712/1154/1146
f 4713/2479/2471 2712/1615/1607 5584/1617/1609
f 4713/2479/2471 540/1940/1932 3946/1939/1931
f 4714/1200/1192 3162/1209/1201 1013/1201/1193
f 3164/5637/5629 3162/1209/1201 4714/1200/1192
f 4365/5805/5797 4714/1200/1192 4715/1199/1191
f 4717/3759/3751 4715/1199/1191 1013/1201/1193
f 4716/394/386 2712/1615/1607 4713/2479/2471
f 2712/1615/1607 4716/394/386 1570/3845/3837
f 4715/1199/1191 4717/3759/3751 4365/5805/5797
f 4717/3759/3751 5368/5776/5768 4365/5805/5797
f 516/1094/1086 4605/3693/3685 4718/4470/4462
f 4605/3693/3685 3101/2364/2356 4718/4470/4462
f 4719/3478/3470 5083/2357/2349 887/2356/2348
f 4719/3478/3470 5299/4709/4701 2302/4708/4700
f 2194/4549/4541 4720/5593/5585 4736/3430/3422
f 2194/4549/4541 5536/5255/5247 4737/5283/5275
f 67/1403/1395 2175/3927/3919 4721/1909/1901
f 5658/717/709 4721/1909/1901 2175/3927/3919
f 293/3494/3486 3335/1470/1462 4722/3491/3483
f 4722/3491/3483 4252/1466/1458 293/3494/3486
f 2681/3661/3653 4723/2560/2552 2082/5029/5021
f 2082/5029/5021 4723/2560/2552 5452/4456/4448
f 67/1403/1395 3310/720/712 4724/722/714
f 4724/722/714 2175/3927/3919 67/1403/1395
f 4725/3881/3873 316/476/468 3399/1566/1558
f 4725/3881/3873 3220/477/469 316/476/468
f 1758/4308/4300 725/3039/3031 4726/4310/4302
f 1299/1387/1379 1758/4308/4300 4726/4310/4302
f 517/2365/2357 4727/3416/3408 3184/2366/2358
f 4727/3416/3408 517/2365/2357 1780/2370/2362
f 4728/4607/4599 1986/3040/3032 4726/4310/4302
f 1986/3040/3032 4728/4607/4599 4602/3041/3033
f 4729/3193/3185 776/3192/3184 1356/5387/5379
f 4729/3193/3185 1356/5387/5379 3521/4967/4959
f 3648/4536/4528 2161/5099/5091 4730/1264/1256
f 2161/5099/5091 1943/1262/1254 4730/1264/1256
f 3623/5582/5574 2960/5113/5105 4731/5580/5572
f 3623/5582/5574 4731/5580/5572 578/1226/1218
f 4732/4206/4198 4796/2519/2511 3802/3247/3239
f 3802/3247/3239 4697/3246/3238 4732/4206/4198
f 4733/4525/4517 154/3924/3916 3471/4524/4516
f 5793/5518/5510 154/3924/3916 4733/4525/4517
f 321/436/428 1192/3022/3014 4734/4117/4109
f 1192/3022/3014 3876/4118/4110 4734/4117/4109
f 3132/3718/3710 1632/3717/3709 4735/3884/3876
f 4735/3884/3876 992/1579/1571 3132/3718/3710
f 2194/4549/4541 4736/3430/3422 5574/3423/3415
f 2191/3429/3421 2197/5822/5814 4736/3430/3422
f 4720/5593/5585 4737/5283/5275 3461/3431/3423
f 4737/5283/5275 4720/5593/5585 2194/4549/4541
f 870/3433/3425 2237/5282/5274 5536/5255/5247
f 2237/5282/5274 4737/5283/5275 5536/5255/5247
f 4738/5114/5106 3464/5424/5416 5460/5831/5823
f 4740/4541/4533 2269/2535/2527 3486/4542/4534
f 2269/2535/2527 4740/4541/4533 3163/2023/2015
f 1246/4235/4227 1014/2176/2168 4741/2183/2175
f 1014/2176/2168 4030/2181/2173 4741/2183/2175
f 4742/2237/2229 2775/181/173 117/1930/1922
f 2775/181/173 4742/2237/2229 5529/4512/4504
f 1005/4821/4813 1645/1031/1023 4743/759/751
f 5127/1033/1025 4743/759/751 1645/1031/1023
f 3077/1104/1096 4744/2783/2775 1880/1109/1101
f 4744/2783/2775 5270/1107/1099 1880/1109/1101
f 5583/4329/4321 4745/1635/1627 1309/3728/3720
f 1309/3728/3720 4745/1635/1627 4495/1634/1626
f 3809/5127/5119 372/3650/3642 4746/5128/5120
f 4746/5128/5120 4747/3653/3645 2750/3652/3644
f 372/3650/3642 4747/3653/3645 4746/5128/5120
f 4752/2148/2140 4747/3653/3645 372/3650/3642
f 323/5430/5422 3994/915/907 4748/5211/5203
f 323/5430/5422 4748/5211/5203 2521/4985/4977
f 476/2198/2190 4749/736/728 4753/4526/4518
f 476/2198/2190 4312/2200/2192 4749/736/728
f 5525/5215/5207 2848/1818/1810 4750/3077/3069
f 4750/3077/3069 2848/1818/1810 4139/3933/3925
f 4751/3166/3158 2992/4339/4331 1315/4337/4329
f 1700/3168/3160 2992/4339/4331 4751/3166/3158
f 959/3660/3652 4752/2148/2140 1766/3659/3651
f 959/3660/3652 4747/3653/3645 4752/2148/2140
f 5511/2213/2205 3915/2212/2204 4753/4526/4518
f 476/2198/2190 4753/4526/4518 3915/2212/2204
f 288/3592/3584 2610/1451/1443 4754/3590/3582
f 5069/2594/2586 288/3592/3584 4754/3590/3582
f 1331/4367/4359 4756/4368/4360 4536/5157/5149
f 4756/4368/4360 1331/4367/4359 4611/3482/3474
f 4757/2334/2326 66/2333/2325 3368/3421/3413
f 4757/2334/2326 2680/5746/5738 66/2333/2325
f 4758/3445/3437 2042/3436/3428 873/2196/2188
f 1499/2210/2202 2042/3436/3428 4758/3445/3437
f 4759/5495/5487 66/2333/2325 2680/5746/5738
f 3824/5636/5628 4759/5495/5487 2680/5746/5738
f 4760/3442/3434 873/2196/2188 2793/556/548
f 4758/3445/3437 873/2196/2188 4760/3442/3434
f 3024/4393/4385 4761/3911/3903 2153/2452/2444
f 3028/3909/3901 4761/3911/3903 3024/4393/4385
f 3618/4451/4443 4762/5721/5713 397/4756/4748
f 1405/3068/3060 397/4756/4748 5410/3069/3061
f 3604/2537/2529 5073/5832/5824 4763/2540/2532
f 3604/2537/2529 4763/2540/2532 5161/2538/2530
f 291/4449/4441 4937/5231/5223 4764/1459/1451
f 4764/1459/1451 286/3255/3247 4765/5708/5700
f 3608/5411/5403 291/4449/4441 4765/5708/5700
f 4764/1459/1451 4765/5708/5700 291/4449/4441
f 733/3063/3055 2068/896/888 4766/5178/5170
f 3058/3548/3540 5568/2156/2148 2068/896/888
f 1054/4968/4960 4767/656/648 4939/5833/5825
f 1697/655/647 3509/3847/3839 4767/656/648
f 5334/1473/1465 1394/726/718 4768/2811/2803
f 4768/2811/2803 1394/726/718 4348/2812/2804
f 1639/2710/2702 1054/4968/4960 4769/2707/2699
f 4769/2707/2699 1054/4968/4960 4939/5833/5825
f 1393/4460/4452 4770/1854/1846 3460/975/967
f 1393/4460/4452 4953/5353/5345 4770/1854/1846
f 803/5041/5033 2320/5329/5321 5601/3274/3266
f 5601/3274/3266 2320/5329/5321 5602/5834/5826
f 4772/5793/5785 3685/2164/2156 464/2670/2662
f 4772/5793/5785 4244/2669/2661 4775/5726/5718
f 4773/4960/4952 614/107/99 3551/342/334
f 614/107/99 4773/4960/4952 1787/4087/4079
f 3046/5153/5145 4774/5004/4996 4053/5154/5146
f 4836/5606/5598 4774/5004/4996 3046/5153/5145
f 1370/5725/5717 3685/2164/2156 4775/5726/5718
f 4775/5726/5718 3685/2164/2156 4772/5793/5785
f 4211/3680/3672 4777/5733/5725 4776/4669/4661
f 4776/4669/4661 4777/5733/5725 3734/4667/4659
f 450/3679/3671 4339/2097/2089 4777/5733/5725
f 4211/3680/3672 450/3679/3671 4777/5733/5725
f 4778/2546/2538 1844/1538/1530 310/4421/4413
f 1422/4423/4415 4778/2546/2538 310/4421/4413
f 629/3438/3430 1989/3440/3432 4779/1048/1040
f 412/3439/3431 629/3438/3430 4781/1950/1942
f 1999/2802/2794 4176/5137/5129 4780/5136/5128
f 2049/2800/2792 1999/2802/2794 4780/5136/5128
f 4781/1950/1942 629/3438/3430 4779/1048/1040
f 4781/1950/1942 4779/1048/1040 3935/1951/1943
f 4782/1472/1464 4314/1474/1466 2757/1487/1479
f 1526/1927/1919 4782/1472/1464 2757/1487/1479
f 4783/3866/3858 487/3865/3857 2769/3867/3859
f 487/3865/3857 4783/3866/3858 4429/4265/4257
f 4421/202/194 600/201/193 4784/2652/2644
f 4784/2652/2644 600/201/193 5379/5835/5827
f 576/1488/1480 4785/1928/1920 1526/1927/1919
f 4785/1928/1920 576/1488/1480 1547/4650/4642
f 1001/604/596 4786/3588/3580 3588/2135/2127
f 1001/604/596 3523/3449/3441 4786/3588/3580
f 1955/5108/5100 4787/103/95 343/5603/5595
f 4787/103/95 3819/5117/5109 343/5603/5595
f 3790/5717/5709 4788/5309/5301 4562/1171/1163
f 3790/5717/5709 4901/5743/5735 4788/5309/5301
f 4789/1020/1012 682/2912/2904 1978/5119/5111
f 1978/5119/5111 5648/1018/1010 4789/1020/1012
f 3768/3158/3150 4790/5097/5089 102/3159/3151
f 4790/5097/5089 4684/3156/3148 102/3159/3151
f 5224/119/111 679/5246/5238 4791/117/109
f 4794/4973/4965 4791/117/109 679/5246/5238
f 1720/2909/2901 4792/2923/2915 3374/2922/2914
f 1720/2909/2901 5407/1866/1858 4792/2923/2915
f 722/3030/3022 5095/5836/5828 4793/4903/4895
f 4793/4903/4895 1723/1045/1037 4839/60/52
f 4469/2886/2878 4794/4973/4965 679/5246/5238
f 4469/2886/2878 4843/2900/2892 4794/4973/4965
f 4805/5141/5133 4795/5139/5131 5573/4057/4049
f 691/5837/5829 3664/4062/4054 5318/4061/4053
f 4732/4206/4198 557/536/528 4796/2519/2511
f 557/536/528 1840/2520/2512 4796/2519/2511
f 4797/2963/2955 698/424/416 348/1651/1643
f 4797/2963/2955 4606/1855/1847 698/424/416
f 5139/5838/5830 4865/4560/4552 4798/320/312
f 4798/320/312 1311/3444/3436 111/4935/4927
f 4799/319/311 1311/3444/3436 4798/320/312
f 4799/319/311 4760/3442/3434 1311/3444/3436
f 4802/5630/5622 374/371/363 4800/842/834
f 808/370/362 4800/842/834 374/371/363
f 5418/3381/3373 4801/4905/4897 4249/359/351
f 4801/4905/4897 2978/283/275 4249/359/351
f 3121/843/835 504/2703/2695 4802/5630/5622
f 4802/5630/5622 504/2703/2695 374/371/363
f 419/3079/3071 4803/3081/3073 624/3261/3253
f 624/3261/3253 4803/3081/3073 800/3260/3252
f 2563/5370/5362 4804/2463/2455 4041/1612/1604
f 2563/5370/5362 3504/2436/2428 4804/2463/2455
f 691/5837/5829 4795/5139/5131 4805/5141/5133
f 691/5837/5829 4808/5140/5132 3664/4062/4054
f 5165/5082/5074 800/3260/3252 4806/1977/1969
f 800/3260/3252 4803/3081/3073 4806/1977/1969
f 3121/843/835 3639/2280/2272 4807/5631/5623
f 4807/5631/5623 504/2703/2695 3121/843/835
f 4808/5140/5132 4805/5141/5133 2008/1530/1522
f 4808/5140/5132 691/5837/5829 4805/5141/5133
f 4809/5712/5704 1313/1819/1811 3251/1821/1813
f 4809/5712/5704 2371/4782/4774 1313/1819/1811
f 3497/4123/4115 3003/4122/4114 4810/1375/1367
f 3497/4123/4115 4810/1375/1367 3638/1374/1366
f 2568/1873/1865 390/33/25 4811/1874/1866
f 2300/3859/3851 4813/3861/3853 390/33/25
f 4812/746/738 2476/4815/4807 199/825/817
f 508/17/9 4812/746/738 199/825/817
f 4811/1874/1866 390/33/25 4813/3861/3853
f 4811/1874/1866 4813/3861/3853 3646/3980/3972
f 2971/5588/5580 4814/744/736 3899/5540/5532
f 4814/744/736 2971/5588/5580 4089/3988/3980
f 2878/4829/4821 4293/3630/3622 4815/5567/5559
f 4385/1543/1535 4815/5567/5559 4293/3630/3622
f 3810/5703/5695 1971/5115/5107 4817/1032/1024
f 4817/1032/1024 1005/4821/4813 4820/2792/2784
f 4818/4219/4211 2503/4217/4209 3943/4218/4210
f 46/2444/2436 2503/4217/4209 4818/4219/4211
f 4819/1847/1839 1982/5839/5831 5331/5126/5118
f 4819/1847/1839 4823/4018/4010 5335/5840/5832
f 4817/1032/1024 4820/2792/2784 3810/5703/5695
f 4820/2792/2784 717/4427/4419 3810/5703/5695
f 4821/4220/4212 4818/4219/4211 3943/4218/4210
f 4821/4220/4212 3943/4218/4210 1990/4904/4896
f 4822/4610/4602 3177/3295/3287 813/362/354
f 813/362/354 816/361/353 4822/4610/4602
f 13/1904/1896 4825/5736/5728 4823/4018/4010
f 4823/4018/4010 4819/1847/1839 13/1904/1896
f 4824/2793/2785 5275/4742/4734 3280/4743/4735
f 4820/2792/2784 1005/4821/4813 4824/2793/2785
f 1143/4293/4285 4823/4018/4010 4825/5736/5728
f 4825/5736/5728 3742/5502/5494 1143/4293/4285
f 2010/2162/2154 4826/2163/2155 1041/2160/2152
f 4826/2163/2155 2010/2162/2154 464/2670/2662
f 1406/3576/3568 2995/880/872 4827/3577/3569
f 2995/880/872 2337/2836/2828 4827/3577/3569
f 4828/2957/2949 2319/2956/2948 1466/4570/4562
f 4828/2957/2949 1466/4570/4562 3181/20/12
f 4829/1503/1495 3957/2264/2256 4812/746/738
f 3283/1502/1494 3957/2264/2256 4829/1503/1495
f 3067/2295/2287 1884/597/589 4830/3916/3908
f 1884/597/589 1092/1275/1267 4830/3916/3908
f 4831/1501/1493 1679/745/737 4814/744/736
f 4829/1503/1495 1679/745/737 4831/1501/1493
f 4832/1123/1115 529/571/563 3644/570/562
f 4832/1123/1115 3644/570/562 2849/4202/4194
f 2830/3672/3664 3998/3671/3663 4833/4297/4289
f 468/220/212 2830/3672/3664 4833/4297/4289
f 2276/5308/5300 4468/2637/2629 4834/1685/1677
f 4930/2577/2569 4834/1685/1677 470/1684/1676
f 4835/747/739 4089/3988/3980 1136/2329/2321
f 4835/747/739 4831/1501/1493 4089/3988/3980
f 3049/5609/5601 4836/5606/5598 3046/5153/5145
f 3049/5609/5601 3953/5605/5597 4836/5606/5598
f 2221/3185/3177 4837/4288/4280 3801/3186/3178
f 4949/3101/3093 4687/3102/3094 4837/4288/4280
f 4842/5841/5833 4838/2613/2605 2807/365/357
f 4838/2613/2605 2275/1867/1859 2807/365/357
f 4839/60/52 3090/546/538 3088/5625/5617
f 4793/4903/4895 4839/60/52 3088/5625/5617
f 2811/1986/1978 4840/4599/4591 3032/3375/3367
f 3032/3375/3367 4840/4599/4591 1488/1989/1981
f 4695/3098/3090 4841/3100/3092 494/5277/5269
f 4837/4288/4280 494/5277/5269 4841/3100/3092
f 1339/364/356 4842/5841/5833 2807/365/357
f 4842/5841/5833 5247/5842/5834 4838/2613/2605
f 422/4598/4590 4840/4599/4591 4873/171/163
f 422/4598/4590 4873/171/163 4260/170/162
f 4132/4384/4376 4844/367/359 1339/364/356
f 1339/364/356 5247/5842/5834 4842/5841/5833
f 1409/1674/1666 2526/1676/1668 4845/1239/1231
f 4845/1239/1231 2526/1676/1668 4846/5434/5426
f 4846/5434/5426 4848/2202/2194 244/3199/3191
f 4846/5434/5426 258/2485/2477 3319/2204/2196
f 655/2846/2838 5548/672/664 4847/673/665
f 655/2846/2838 4847/673/665 2977/2169/2161
f 4848/2202/2194 3319/2204/2196 2149/2203/2195
f 4846/5434/5426 3319/2204/2196 4848/2202/2194
f 4849/187/179 2101/5202/5194 4847/673/665
f 4849/187/179 5105/5297/5289 2101/5202/5194
f 4850/3198/3190 2019/2201/2193 2394/5148/5140
f 2019/2201/2193 4850/3198/3190 4848/2202/2194
f 2015/5147/5139 506/588/580 4851/528/520
f 2015/5147/5139 4851/528/520 2251/445/437
f 1865/2801/2793 4283/4148/4140 4852/1834/1826
f 4852/1834/1826 4062/681/673 1865/2801/2793
f 1205/4835/4827 4853/4137/4129 1886/2830/2822
f 4853/4137/4129 1555/508/500 1886/2830/2822
f 4854/4606/4598 354/1739/1731 206/1742/1734
f 3606/1203/1195 4854/4606/4598 206/1742/1734
f 4081/5735/5727 4855/5737/5729 13/1904/1896
f 4855/5737/5729 4825/5736/5728 13/1904/1896
f 4856/1573/1565 619/4531/4523 1443/2724/2716
f 4856/1573/1565 4451/1572/1564 619/4531/4523
f 4857/997/989 121/631/623 590/630/622
f 4857/997/989 590/630/622 1705/4887/4879
f 328/1618/1610 4858/2869/2861 3010/4798/4790
f 4148/1620/1612 4860/5773/5765 328/1618/1610
f 4165/5221/5213 4015/5220/5212 4859/4430/4422
f 4859/4430/4422 4015/5220/5212 2122/4184/4176
f 4860/5773/5765 4001/827/819 4858/2869/2861
f 328/1618/1610 4860/5773/5765 4858/2869/2861
f 4290/278/270 1135/4000/3992 4861/3034/3026
f 4290/278/270 4861/3034/3026 513/276/268
f 4862/3306/3298 3395/1315/1307 817/3317/3309
f 4863/4913/4905 817/3317/3309 401/3316/3308
f 4862/3306/3298 4863/4913/4905 1913/1915/1907
f 4862/3306/3298 817/3317/3309 4863/4913/4905
f 3949/5766/5758 3947/1476/1468 4864/1475/1467
f 3949/5766/5758 4864/1475/1467 4591/2813/2805
f 4865/4560/4552 5139/5838/5830 2864/2093/2085
f 2864/2093/2085 4868/2092/2084 4865/4560/4552
f 4533/3656/3648 3860/3655/3647 4866/3657/3649
f 50/401/393 4866/3657/3649 3860/3655/3647
f 146/695/687 4867/2642/2634 4665/696/688
f 146/695/687 1933/1103/1095 4867/2642/2634
f 3726/576/568 3725/4561/4553 4868/2092/2084
f 4868/2092/2084 4872/5843/5835 4865/4560/4552
f 4869/4604/4596 1705/4887/4879 590/630/622
f 4869/4604/4596 4379/4603/4595 4874/5844/5836
f 166/538/530 4870/4404/4396 2779/2119/2111
f 4870/4404/4396 1351/4403/4395 2779/2119/2111
f 4871/4559/4551 4865/4560/4552 4872/5843/5835
f 4871/4559/4551 3725/4561/4553 1458/32/24
f 3725/4561/4553 4872/5843/5835 4868/2092/2084
f 4871/4559/4551 4872/5843/5835 3725/4561/4553
f 4873/171/163 4843/2900/2892 1303/172/164
f 4873/171/163 4794/4973/4965 4843/2900/2892
f 1705/4887/4879 4869/4604/4596 4874/5844/5836
f 1705/4887/4879 4874/5844/5836 2180/3565/3557
f 798/3254/3246 4875/1525/1517 1531/2518/2510
f 798/3254/3246 694/1526/1518 4875/1525/1517
f 4876/3819/3811 59/288/280 2520/4478/4470
f 4876/3819/3811 2935/2326/2318 59/288/280
f 685/805/797 4877/1868/1860 147/3235/3227
f 4877/1868/1860 1708/2666/2658 147/3235/3227
f 2985/5028/5020 1319/1961/1953 4878/4346/4338
f 1312/4347/4339 2985/5028/5020 4878/4346/4338
f 163/3517/3509 4879/3852/3844 2243/5289/5281
f 163/3517/3509 1057/3516/3508 4879/3852/3844
f 4880/5420/5412 3884/1583/1575 710/3000/2992
f 4880/5420/5412 710/3000/2992 3434/125/117
f 1688/4227/4219 2240/4228/4220 4881/5290/5282
f 4881/5290/5282 2240/4228/4220 2243/5289/5281
f 243/2611/2603 4882/1234/1226 2467/3300/3292
f 4882/1234/1226 243/2611/2603 4710/1235/1227
f 1429/1660/1652 922/2768/2760 4883/4515/4507
f 1429/1660/1652 4883/4515/4507 2697/615/607
f 911/4072/4064 1517/4642/4634 4884/3536/3528
f 4884/3536/3528 1517/4642/4634 5607/3537/3529
f 4885/4888/4880 330/1686/1678 226/1934/1926
f 424/1629/1621 5009/2883/2875 5390/1630/1622
f 4793/4903/4895 3172/4681/4673 4886/1188/1180
f 1936/1186/1178 4886/1188/1180 3172/4681/4673
f 90/5234/5226 2566/5235/5227 4887/5723/5715
f 2566/5235/5227 3650/473/465 4887/5723/5715
f 4885/4888/4880 1706/620/612 4888/1628/1620
f 4888/1628/1620 1706/620/612 1583/619/611
f 186/592/584 4889/2796/2788 1970/970/962
f 2588/2797/2789 4889/2796/2788 186/592/584
f 481/1300/1292 1735/1299/1291 4890/2230/2222
f 2708/2531/2523 4890/2230/2222 1735/1299/1291
f 2603/227/219 2604/5463/5455 4891/3087/3079
f 4410/4907/4899 4891/3087/3079 2604/5463/5455
f 1314/104/96 444/4335/4327 4892/3631/3623
f 4892/3631/3623 5880/5194/5186 4896/3599/3591
f 846/3321/3313 2474/3379/3371 4893/5161/5153
f 4893/5161/5153 5148/2071/2063 2037/4712/4704
f 3021/5213/5205 4894/5597/5589 2121/5216/5208
f 4894/5597/5589 5419/5845/5837 4891/3087/3079
f 4892/3631/3623 4896/3599/3591 2112/2061/2053
f 3174/778/770 2112/2061/2053 4896/3599/3591
f 4897/2529/2521 3233/450/442 1478/4586/4578
f 1478/4586/4578 1226/1183/1175 4897/2529/2521
f 3939/1461/1453 531/1460/1452 4898/4574/4566
f 531/1460/1452 4901/5743/5735 4898/4574/4566
f 4899/5846/5838 3142/2854/2846 3580/2853/2845
f 4900/912/904 5874/914/906 443/4962/4954
f 5797/5388/5380 443/4962/4954 1789/101/93
f 4901/5743/5735 3790/5717/5709 2279/4572/4564
f 4898/4574/4566 4901/5743/5735 2279/4572/4564
f 3580/2853/2845 4895/5847/5839 4902/5848/5840
f 4902/5848/5840 4899/5846/5838 3580/2853/2845
f 4903/527/519 2017/1823/1815 1881/5146/5138
f 2017/1823/1815 4903/527/519 4908/1824/1816
f 135/951/943 4638/953/945 4904/4557/4549
f 4907/5685/5677 135/951/943 4904/4557/4549
f 2401/3616/3608 1183/2417/2409 4905/3615/3607
f 1183/2417/2409 2420/4095/4087 4905/3615/3607
f 4906/3477/3469 1247/5681/5673 3310/720/712
f 3186/1404/1396 4906/3477/3469 3310/720/712
f 1461/2880/2872 4907/5685/5677 4904/4557/4549
f 1461/2880/2872 3338/2879/2871 4907/5685/5677
f 4908/1824/1816 1234/4210/4202 1235/4211/4203
f 1234/4210/4202 4908/1824/1816 4903/527/519
f 1247/5681/5673 4909/2225/2217 883/3467/3459
f 4909/2225/2217 1247/5681/5673 4906/3477/3469
f 617/965/957 270/964/956 4910/2714/2706
f 617/965/957 4910/2714/2706 1369/2716/2708
f 1413/3092/3084 3325/4490/4482 4911/3085/3077
f 4911/3085/3077 4916/3093/3085 1413/3092/3084
f 292/498/490 4912/1492/1484 1414/496/488
f 4912/1492/1484 5495/4492/4484 4913/2747/2739
f 4913/2747/2739 1414/496/488 4912/1492/1484
f 4913/2747/2739 2640/497/489 1414/496/488
f 4914/4696/4688 42/5794/5786 5341/4697/4689
f 4914/4696/4688 3807/5744/5736 42/5794/5786
f 4915/158/150 1372/3685/3677 232/3200/3192
f 4915/158/150 232/3200/3192 3166/3202/3194
f 4911/3085/3077 38/306/298 4916/3093/3085
f 2706/585/577 4916/3093/3085 38/306/298
f 4246/2944/2936 4917/4694/4686 1904/2945/2937
f 1904/2945/2937 4917/4694/4686 692/905/897
f 4918/776/768 1733/2059/2051 580/4909/4901
f 1875/2590/2582 4918/776/768 580/4909/4901
f 2967/2601/2593 4919/741/733 1261/5287/5279
f 1261/5287/5279 4919/741/733 5883/5288/5280
f 4920/3976/3968 2421/788/780 4058/3966/3958
f 749/1574/1566 2421/788/780 4920/3976/3968
f 4921/2683/2675 1793/2906/2898 183/4170/4162
f 2891/2907/2899 1793/2906/2898 4921/2683/2675
f 1900/1288/1280 4922/5849/5841 1155/5070/5062
f 2701/4043/4035 1155/5070/5062 4922/5849/5841
f 713/176/168 4923/5573/5565 4927/3010/3002
f 432/3238/3230 2916/4779/4771 4923/5573/5565
f 425/3154/3146 4924/2000/1992 761/4124/4116
f 425/3154/3146 314/2157/2149 4924/2000/1992
f 1203/2687/2679 4925/814/806 4928/5818/5810
f 1203/2687/2679 2328/815/807 4925/814/806
f 4926/4100/4092 4922/5849/5841 1900/1288/1280
f 4922/5849/5841 4926/4100/4092 2701/4043/4035
f 1613/4021/4013 4927/3010/3002 2916/4779/4771
f 2916/4779/4771 4927/3010/3002 4923/5573/5565
f 608/572/564 4928/5818/5810 4925/814/806
f 608/572/564 2659/2686/2678 4928/5818/5810
f 4929/3029/3021 3589/3547/3539 3586/3557/3549
f 3589/3547/3539 4929/3029/3021 719/1624/1616
f 4930/2577/2569 1254/1681/1673 2276/5308/5300
f 4834/1685/1677 4930/2577/2569 2276/5308/5300
f 4931/1398/1390 3502/129/121 1251/3763/3755
f 5617/1396/1388 4931/1398/1390 1251/3763/3755
f 3320/1344/1336 4932/1343/1335 4934/1358/1350
f 5800/5239/5231 1052/5568/5560 4932/1343/1335
f 2720/2576/2568 574/318/310 4933/2190/2182
f 2720/2576/2568 4933/2190/2182 4930/2577/2569
f 1052/5568/5560 4934/1358/1350 4932/1343/1335
f 3022/5598/5590 4934/1358/1350 4936/3843/3835
f 4096/5547/5539 2841/3920/3912 4935/3919/3911
f 4934/1358/1350 1052/5568/5560 4936/3843/3835
f 1052/5568/5560 1894/3844/3836 4936/3843/3835
f 285/2429/2421 2142/1434/1426 4937/5231/5223
f 4937/5231/5223 2142/1434/1426 4764/1459/1451
f 3509/3847/3839 4939/5833/5825 4767/656/648
f 3509/3847/3839 4769/2707/2699 4939/5833/5825
f 4940/5850/5842 4938/5851/5843 1731/5852/5844
f 4940/5850/5842 1799/5853/5845 4944/5854/5846
f 4941/5294/5286 2243/5289/5281 4879/3852/3844
f 2243/5289/5281 4941/5294/5286 2247/1900/1892
f 1107/2843/2835 1101/2842/2834 4942/3932/3924
f 1101/2842/2834 4750/3077/3069 4942/3932/3924
f 3827/1698/1690 4943/5747/5739 874/3446/3438
f 716/1697/1689 4943/5747/5739 3827/1698/1690
f 4938/5851/5843 4940/5850/5842 4944/5854/5846
f 4944/5854/5846 5575/5775/5767 4947/1190/1182
f 1530/4656/4648 3417/3335/3327 4945/4659/4651
f 1530/4656/4648 4945/4659/4651 3889/4660/4652
f 1683/2961/2953 4658/2959/2951 4946/992/984
f 4946/992/984 2268/4028/4020 1683/2961/2953
f 4938/5851/5843 4947/1190/1182 2058/1189/1181
f 4938/5851/5843 4944/5854/5846 4947/1190/1182
f 4948/3778/3770 536/3294/3286 4203/4679/4671
f 1544/3779/3771 4948/3778/3770 4203/4679/4671
f 4949/3101/3093 4837/4288/4280 2221/3185/3177
f 4949/3101/3093 2221/3185/3177 704/1132/1124
f 4950/954/946 995/5170/5162 4450/146/138
f 3793/955/947 4950/954/946 4450/146/138
f 3818/996/988 4951/2516/2508 3183/4638/4630
f 3635/5443/5435 4951/2516/2508 3818/996/988
f 2258/3270/3262 4952/2983/2975 1176/4077/4069
f 1176/4077/4069 4952/2983/2975 2131/132/124
f 2374/5320/5312 4600/1856/1848 4953/5353/5345
f 2374/5320/5312 4953/5353/5345 1393/4460/4452
f 4114/1832/1824 1347/4398/4390 4954/4387/4379
f 4134/4439/4431 4954/4387/4379 1347/4398/4390
f 1028/155/147 537/157/149 4955/2466/2458
f 4955/2466/2458 865/3422/3414 1028/155/147
f 313/4135/4127 180/4134/4126 4956/4593/4585
f 313/4135/4127 4956/4593/4585 4418/4597/4589
f 5157/4971/4963 2102/3858/3850 4957/5206/5198
f 2102/3858/3850 1062/1690/1682 4957/5206/5198
f 1029/5572/5564 2911/2294/2286 4958/2247/2239
f 4958/2247/2239 3629/3799/3791 1029/5572/5564
f 4485/5790/5782 4959/2128/2120 4180/753/745
f 4485/5790/5782 1687/4753/4745 4959/2128/2120
f 4080/4175/4167 4960/1890/1882 5246/4165/4157
f 4279/4154/4146 4960/1890/1882 4080/4175/4167
f 2512/4355/4347 3988/5385/5377 4961/5386/5378
f 3988/5385/5377 707/3896/3888 4961/5386/5378
f 4962/208/200 1942/390/382 2648/206/198
f 3970/4433/4425 1942/390/382 4962/208/200
f 2214/3690/3682 3116/3689/3681 4963/5264/5256
f 2210/1285/1277 4963/5264/5256 3116/3689/3681
f 4964/3827/3819 2648/206/198 1942/390/382
f 2648/206/198 4964/3827/3819 4526/4725/4717
f 3505/5248/5240 1365/191/183 4965/209/201
f 2178/4422/4414 3505/5248/5240 4965/209/201
f 4966/4160/4152 1215/4159/4151 2322/5707/5699
f 3498/4151/4143 4967/3281/3273 2557/4152/4144
f 4967/3281/3273 3498/4151/4143 155/3703/3695
f 4968/4459/4451 1647/1046/1038 3713/3031/3023
f 3713/3031/3023 4360/402/394 4968/4459/4451
f 2557/4152/4144 4967/3281/3273 4969/5445/5437
f 4969/5445/5437 2552/3280/3272 2557/4152/4144
f 286/3255/3247 4970/1458/1450 799/5765/5757
f 4764/1459/1451 4970/1458/1450 286/3255/3247
f 1000/3735/3727 3808/1640/1632 4971/1692/1684
f 4971/1692/1684 1257/1693/1685 1000/3735/3727
f 4467/4502/4494 4478/2866/2858 4972/5043/5035
f 4467/4502/4494 4972/5043/5035 2189/1599/1591
f 413/3835/3827 4973/4489/4481 1050/3833/3825
f 5199/1955/1947 4973/4489/4481 413/3835/3827
f 2595/2278/2270 2593/5439/5431 4974/214/206
f 2593/5439/5431 602/215/207 4974/214/206
f 4714/1200/1192 99/5661/5653 4975/5638/5630
f 5833/3148/3140 4975/5638/5630 99/5661/5653
f 4976/5198/5190 5833/3148/3140 99/5661/5653
f 3642/3918/3910 5827/5855/5847 4976/5198/5190
f 1344/3740/3732 4977/3734/3726 1948/3738/3730
f 4977/3734/3726 3912/5763/5755 1948/3738/3730
f 1185/5138/5130 4978/5401/5393 2450/3550/3542
f 3079/4106/4098 5473/5621/5613 1185/5138/5130
f 2683/5496/5488 3700/5497/5489 4979/5499/5491
f 2683/5496/5488 4979/5499/5491 4461/5015/5007
f 1625/4790/4782 4980/4795/4787 4351/1270/1262
f 1625/4790/4782 1620/1266/1258 4980/4795/4787
f 3192/1269/1261 4981/5646/5638 4351/1270/1262
f 4981/5646/5638 1625/4790/4782 4351/1270/1262
f 4982/5016/5008 4979/5499/5491 3697/5498/5490
f 4982/5016/5008 4461/5015/5007 4979/5499/5491
f 545/4260/4252 4983/4425/4417 2845/4596/4588
f 4163/2480/2472 2845/4596/4588 4983/4425/4417
f 1712/2506/2498 4984/3500/3492 610/57/49
f 1712/2506/2498 787/228/220 4985/230/222
f 4984/3500/3492 1712/2506/2498 4985/230/222
f 4984/3500/3492 4985/230/222 633/229/221
f 2913/2139/2131 4095/3824/3816 4986/2975/2967
f 106/5132/5124 2913/2139/2131 4986/2975/2967
f 3614/4833/4825 1661/5856/5848 4987/2934/2926
f 5178/4840/4832 5411/5857/5849 5173/2935/2927
f 4988/5475/5467 3578/3169/3161 2635/2324/2316
f 4988/5475/5467 2635/2324/2316 5111/589/581
f 4989/3243/3235 793/1037/1029 2468/1039/1031
f 4216/3113/3105 5319/3115/3107 2468/1039/1031
f 3793/955/947 4990/5742/5734 1239/2933/2925
f 114/972/964 1239/2933/2925 4990/5742/5734
f 486/5197/5189 4110/2249/2241 4991/798/790
f 4110/2249/2241 4112/1550/1542 4991/798/790
f 1830/982/974 4992/4994/4986 165/507/499
f 165/507/499 5411/5857/5849 5178/4840/4832
f 1018/4468/4460 4216/3113/3105 4993/5711/5703
f 4216/3113/3105 2468/1039/1031 4993/5711/5703
f 2096/5200/5192 4994/724/716 2095/723/715
f 4994/724/716 2096/5200/5192 4991/798/790
f 718/868/860 4995/2936/2928 4992/4994/4986
f 165/507/499 4992/4994/4986 5411/5857/5849
f 4996/5714/5706 4588/2402/2394 3570/2403/2395
f 3570/2403/2395 2542/3922/3914 4996/5714/5706
f 4997/671/663 2402/2791/2783 11/386/378
f 4997/671/663 640/3524/3516 2402/2791/2783
f 2348/3009/3001 2842/3008/3000 4998/4781/4773
f 4998/4781/4773 2842/3008/3000 1613/4021/4013
f 1503/2776/2768 4999/4622/4614 5004/1723/1715
f 4999/4622/4614 4111/2762/2754 3496/5594/5586
f 2418/5358/5350 805/883/875 5000/4979/4971
f 2418/5358/5350 5000/4979/4971 1809/4076/4068
f 5001/3753/3745 2195/3751/3743 1010/2526/2518
f 2944/3749/3741 2195/3751/3743 5001/3753/3745
f 3047/3083/3075 5002/3227/3219 205/5608/5600
f 205/5608/5600 5002/3227/3219 4042/3228/3220
f 2711/3131/3123 5003/2570/2562 2642/2569/2561
f 5558/1060/1052 5003/2570/2562 2711/3131/3123
f 5004/1723/1715 4999/4622/4614 3496/5594/5586
f 350/1724/1716 5004/1723/1715 3496/5594/5586
f 1469/3122/3114 5005/1829/1821 4578/3118/3110
f 2323/4575/4567 5677/4577/4569 1469/3122/3114
f 2334/2468/2460 5006/5780/5772 4103/2470/2462
f 2721/3832/3824 4103/2470/2462 5006/5780/5772
f 2534/3838/3830 5007/3842/3834 5049/3841/3833
f 847/3374/3366 5007/3842/3834 2534/3838/3830
f 2604/5463/5455 5008/5464/5456 5011/4906/4898
f 5008/5464/5456 4679/226/218 740/4533/4525
f 3347/3562/3554 330/1686/1678 5009/2883/2875
f 5009/2883/2875 330/1686/1678 4885/4888/4880
f 5010/5662/5654 3297/3783/3775 3246/5118/5110
f 1022/537/529 5010/5662/5654 3246/5118/5110
f 5011/4906/4898 5008/5464/5456 740/4533/4525
f 5011/4906/4898 740/4533/4525 5535/1817/1809
f 5012/2621/2613 1825/4988/4980 3956/2622/2614
f 5675/2072/2064 2231/216/208 1825/4988/4980
f 5579/2691/2683 2694/2690/2682 635/2778/2770
f 3386/2781/2773 5576/5858/5850 635/2778/2770
f 5014/4652/4644 1522/3129/3121 2746/3128/3120
f 5014/4652/4644 833/3362/3354 1522/3129/3121
f 3973/5770/5762 5015/1767/1759 281/1415/1407
f 5777/99/91 2426/1416/1408 5015/1767/1759
f 3503/193/185 5016/192/184 3973/5770/5762
f 5015/1767/1759 3973/5770/5762 5777/99/91
f 5017/303/295 3495/305/297 329/1591/1583
f 329/1591/1583 719/1624/1616 5017/303/295
f 853/3393/3385 3871/5533/5525 5018/3064/3056
f 3871/5533/5525 168/882/874 5018/3064/3056
f 5019/163/155 5022/5859/5851 65/5552/5544
f 65/5552/5544 2843/5548/5540 5019/163/155
f 5020/5550/5542 5022/5859/5851 234/3769/3761
f 5022/5859/5851 5020/5550/5542 65/5552/5544
f 3869/2790/2782 4061/5437/5429 5021/4816/4808
f 3869/2790/2782 5021/4816/4808 2528/2424/2416
f 234/3769/3761 5022/5859/5851 779/162/154
f 779/162/154 5022/5859/5851 5019/163/155
f 3096/3888/3880 3728/3889/3881 5023/5260/5252
f 5878/4946/4938 5023/5260/5252 3728/3889/3881
f 78/357/349 5024/165/157 3972/5120/5112
f 3972/5120/5112 5024/165/157 1976/1745/1737
f 548/4195/4187 2545/449/441 5025/4196/4188
f 3150/1182/1174 548/4195/4187 5025/4196/4188
f 939/1743/1735 5026/2122/2114 2934/5432/5424
f 5026/2122/2114 5437/3603/3595 2934/5432/5424
f 5027/2440/2432 2226/2123/2115 455/2121/2113
f 5027/2440/2432 355/1092/1084 2226/2123/2115
f 5028/652/644 776/3192/3184 3244/2709/2701
f 1353/654/646 776/3192/3184 5028/652/644
f 3810/5703/5695 3513/5702/5694 5029/4672/4664
f 5029/4672/4664 3513/5702/5694 2548/1030/1022
f 5030/4298/4290 965/1807/1799 3998/3671/3663
f 3127/5485/5477 5030/4298/4290 3998/3671/3663
f 3514/2482/2474 96/5705/5697 5031/1827/1819
f 4677/225/217 1079/3893/3885 5032/2856/2848
f 5032/2856/2848 4683/5462/5454 4677/225/217
f 2440/1946/1938 5033/3974/3966 1557/1947/1939
f 1557/1947/1939 5408/5398/5390 2176/4225/4217
f 346/4938/4930 1757/2695/2687 5034/5129/5121
f 346/4938/4930 5034/5129/5121 1987/1718/1710
f 5799/3804/3796 2607/3803/3795 524/3533/3525
f 909/1025/1017 5799/3804/3796 524/3533/3525
f 1437/3950/3942 5036/3936/3928 2806/3834/3826
f 1437/3950/3942 1108/4488/4480 5036/3936/3928
f 268/1658/1650 2697/615/607 5037/1357/1349
f 3102/614/606 5037/1357/1349 2697/615/607
f 2882/126/118 5038/3003/2995 1745/4864/4856
f 3862/3017/3009 1745/4864/4856 5038/3003/2995
f 650/3563/3555 5039/3564/3556 5423/1759/1751
f 3841/2824/2816 5039/3564/3556 650/3563/3555
f 855/4825/4817 5040/1431/1423 5043/4099/4091
f 770/1433/1425 5046/5860/5852 5040/1431/1423
f 5041/1726/1718 2891/2907/2899 1694/4876/4868
f 5041/1726/1718 681/1725/1717 2891/2907/2899
f 5042/5063/5055 4036/5062/5054 5037/1357/1349
f 784/1356/1348 5042/5063/5055 5037/1357/1349
f 284/2694/2686 5043/4099/4091 1691/5861/5853
f 5043/4099/4091 5040/1431/1423 1691/5861/5853
f 3702/5503/5495 3700/5497/5489 5044/5504/5496
f 3702/5503/5495 5044/5504/5496 1143/4293/4285
f 5045/4873/4865 5041/1726/1718 1698/2680/2672
f 3419/4871/4863 5045/4873/4865 1698/2680/2672
f 770/1433/1425 5050/1861/1853 5046/5860/5852
f 5046/5860/5852 1691/5861/5853 5040/1431/1423
f 157/2780/2772 5047/4777/4769 3171/1457/1449
f 3171/1457/1449 5047/4777/4769 5504/1455/1447
f 2665/1316/1308 398/4475/4467 5048/3059/3051
f 5048/3059/3051 2536/2245/2237 2665/1316/1308
f 2534/3838/3830 5049/3841/3833 1051/3839/3831
f 1990/4904/4896 1051/3839/3831 5049/3841/3833
f 5050/1861/1853 284/2694/2686 1691/5861/5853
f 5050/1861/1853 1691/5861/5853 5046/5860/5852
f 5051/3283/3275 176/3285/3277 5056/4212/4204
f 5051/3283/3275 824/4870/4862 5055/5280/5272
f 1962/2239/2231 5052/3831/3823 2781/5110/5102
f 3554/3829/3821 2781/5110/5102 5052/3831/3823
f 5824/5069/5061 2800/3813/3805 5053/649/641
f 363/650/642 5053/649/641 2800/3813/3805
f 5054/3633/3625 835/549/541 4892/3631/3623
f 4235/5577/5569 835/549/541 5054/3633/3625
f 2234/3323/3315 5055/5280/5272 824/4870/4862
f 2234/3323/3315 1689/3286/3278 5055/5280/5272
f 5056/4212/4204 1133/3503/3495 824/4870/4862
f 5051/3283/3275 5056/4212/4204 824/4870/4862
f 3291/2738/2730 5057/2737/2729 944/3614/3606
f 5057/2737/2729 2401/3616/3608 944/3614/3606
f 2510/3038/3030 5058/3695/3687 3464/5424/5416
f 5458/5699/5691 3464/5424/5416 5058/3695/3687
f 1020/1935/1927 5059/3776/3768 5577/2477/2469
f 5059/3776/3768 1020/1935/1927 2074/1937/1929
f 2668/5488/5480 5060/5487/5479 4406/5489/5481
f 55/1075/1067 4406/5489/5481 5060/5487/5479
f 5061/3798/3790 720/3024/3016 3299/4704/4696
f 5061/3798/3790 3299/4704/4696 3629/3799/3791
f 5062/211/203 2835/4504/4496 4965/209/201
f 5065/5545/5537 1422/4423/4415 2835/4504/4496
f 5063/5177/5169 760/3150/3142 3600/1804/1796
f 5063/5177/5169 5273/3151/3143 760/3150/3142
f 520/2380/2372 1563/2001/1993 5064/1464/1456
f 5064/1464/1456 687/1463/1455 520/2380/2372
f 5065/5545/5537 5062/211/203 3235/5546/5538
f 5065/5545/5537 2835/4504/4496 5062/211/203
f 4987/2934/2926 5066/2937/2929 4065/5529/5521
f 5066/2937/2929 4069/5526/5518 4065/5529/5521
f 2024/5051/5043 2167/5862/5854 5067/78/70
f 2167/5862/5854 1842/4292/4284 5067/78/70
f 900/590/582 5068/3514/3506 377/591/583
f 2877/5275/5267 377/591/583 5068/3514/3506
f 5069/2594/2586 3235/5546/5538 5062/211/203
f 5069/2594/2586 931/818/810 3235/5546/5538
f 2091/4006/3998 5070/4066/4058 2590/5196/5188
f 5070/4066/4058 1169/2114/2106 2590/5196/5188
f 5071/4687/4679 4060/3065/3057 1550/899/891
f 3747/1402/1394 5071/4687/4679 1550/899/891
f 337/5644/5636 4580/1831/1823 5072/4379/4371
f 3187/4375/4367 337/5644/5636 5072/4379/4371
f 5073/5832/5824 3604/2537/2529 1057/3516/3508
f 4651/5826/5818 5863/4783/4775 1057/3516/3508
f 5074/5040/5032 3138/5863/5855 3137/5632/5624
f 5075/332/324 537/157/149 4635/156/148
f 5286/5218/5210 3752/1478/1470 537/157/149
f 5076/4397/4389 4134/4439/4431 1347/4398/4390
f 620/115/107 4134/4439/4431 5076/4397/4389
f 3593/2508/2500 10/2677/2669 5077/1277/1269
f 10/2677/2669 1837/1757/1749 5077/1277/1269
f 129/4535/4527 3648/4536/4528 5078/2660/2652
f 5080/4448/4440 129/4535/4527 5078/2660/2652
f 5079/1278/1270 5077/1277/1269 1837/1757/1749
f 1837/1757/1749 251/3054/3046 5079/1278/1270
f 5080/4448/4440 5078/2660/2652 3847/2662/2654
f 5080/4448/4440 3847/2662/2654 1224/5363/5355
f 2387/2419/2411 5081/2418/2410 3343/4046/4038
f 5057/2737/2729 3343/4046/4038 5081/2418/2410
f 3219/2067/2059 5082/5543/5535 433/4881/4873
f 5082/5543/5535 3961/2035/2027 433/4881/4873
f 2302/4708/4700 2264/1774/1766 5083/2357/2349
f 2302/4708/4700 5083/2357/2349 4719/3478/3470
f 3219/2067/2059 5084/5652/5644 2462/1722/1714
f 5084/5652/5644 3219/2067/2059 433/4881/4873
f 1870/1983/1975 711/4503/4495 5085/1981/1973
f 5085/1981/1973 711/4503/4495 2158/3011/3003
f 5089/4156/4148 5092/864/856 5086/1779/1771
f 2362/4529/4521 5086/1779/1771 364/1872/1864
f 2244/1166/1158 2861/3050/3042 5087/1152/1144
f 5087/1152/1144 1104/1151/1143 2244/1166/1158
f 3204/3504/3496 5088/3219/3211 5091/808/800
f 5553/809/801 5091/808/800 5088/3219/3211
f 5089/4156/4148 5086/1779/1771 2362/4529/4521
f 5089/4156/4148 2362/4529/4521 2713/4153/4145
f 176/3285/3277 5090/4213/4205 5056/4212/4204
f 176/3285/3277 4017/4214/4206 5090/4213/4205
f 1684/4857/4849 3204/3504/3496 5091/808/800
f 5091/808/800 301/810/802 1684/4857/4849
f 5089/4156/4148 5094/4155/4147 5092/864/856
f 5092/864/856 1218/4177/4169 368/862/854
f 1938/5091/5083 938/61/53 5093/1044/1036
f 5093/1044/1036 5728/5755/5747 1938/5091/5083
f 5094/4155/4147 1222/5392/5384 1218/4177/4169
f 5092/864/856 5094/4155/4147 1218/4177/4169
f 5095/5836/5828 1723/1045/1037 4793/4903/4895
f 722/3030/3022 5098/4902/4894 5095/5836/5828
f 3703/1297/1289 5096/5728/5720 1976/1745/1737
f 3703/1297/1289 5435/5729/5721 5096/5728/5720
f 2782/689/681 1209/688/680 5097/1523/1515
f 1209/688/680 5112/4765/4757 5097/1523/1515
f 5098/4902/4894 3713/3031/3023 1723/1045/1037
f 5098/4902/4894 1723/1045/1037 5095/5836/5828
f 5099/4110/4102 1129/438/430 1907/1568/1560
f 440/2062/2054 5099/4110/4102 1907/1568/1560
f 2034/4324/4316 791/348/340 5100/4665/4657
f 791/348/340 2545/449/441 5100/4665/4657
f 3038/2437/2429 5116/4773/4765 5101/97/89
f 5120/4144/4136 5101/97/89 5116/4773/4765
f 5315/5203/5195 5102/5698/5690 3462/5204/5196
f 5102/5698/5690 2101/5202/5194 5105/5297/5289
f 144/4754/4746 5161/2538/2530 5103/2542/2534
f 5161/2538/2530 4763/2540/2532 5103/2542/2534
f 1834/5001/4993 5104/5311/5303 2286/5002/4994
f 1834/5001/4993 2289/2891/2883 5104/5311/5303
f 5102/5698/5690 5105/5297/5289 3462/5204/5196
f 3462/5204/5196 5105/5297/5289 3466/5205/5197
f 3263/1221/1213 474/297/289 5106/5382/5374
f 474/297/289 3384/262/254 5106/5382/5374
f 1687/4753/4745 144/4754/4746 5107/2127/2119
f 5406/3993/3985 144/4754/4746 5103/2542/2534
f 932/1379/1371 4056/1378/1370 5108/2719/2711
f 932/1379/1371 5108/2719/2711 618/911/903
f 5585/2953/2945 5109/5383/5375 5106/5382/5374
f 5109/5383/5375 695/5344/5336 2858/430/422
f 5110/714/706 1729/1313/1305 891/3490/3482
f 891/3490/3482 256/109/101 5110/714/706
f 3178/4334/4326 2633/1077/1069 5111/589/581
f 1153/1076/1068 5111/589/581 2633/1077/1069
f 5112/4765/4757 1606/4772/4764 867/3427/3419
f 1606/4772/4764 5116/4773/4765 1601/4763/4755
f 3737/302/294 5113/5734/5726 4542/249/241
f 4542/249/241 5117/1747/1739 3017/1544/1536
f 5114/5827/5819 4007/4209/4201 21/1157/1149
f 5114/5827/5819 21/1157/1149 4182/3248/3240
f 5115/3196/3188 256/109/101 891/3490/3482
f 3044/110/102 256/109/101 5115/3196/3188
f 5120/4144/4136 5116/4773/4765 5112/4765/4757
f 5116/4773/4765 1606/4772/4764 5112/4765/4757
f 5117/1747/1739 4542/249/241 5113/5734/5726
f 5117/1747/1739 5113/5734/5726 356/1625/1617
f 2142/1434/1426 285/2429/2421 5118/2415/2407
f 285/2429/2421 2738/1437/1429 5118/2415/2407
f 5119/5060/5052 18/71/63 2400/2041/2033
f 2400/2041/2033 3995/5057/5049 5119/5060/5052
f 5120/4144/4136 1209/688/680 1341/690/682
f 5120/4144/4136 5112/4765/4757 1209/688/680
f 728/1922/1914 5121/1924/1916 839/3361/3353
f 5121/1924/1916 2484/3347/3339 839/3361/3353
f 973/3675/3667 5126/3674/3666 5122/4585/4577
f 366/1086/1078 2395/1041/1033 5122/4585/4577
f 5123/2063/2055 321/436/428 4734/4117/4109
f 4734/4117/4109 2051/2064/2056 5123/2063/2055
f 5124/4723/4715 3147/3489/3481 3073/662/654
f 5124/4723/4715 3073/662/654 789/1180/1172
f 5125/5013/5005 1841/2573/2565 2670/5145/5137
f 5125/5013/5005 143/489/481 1841/2573/2565
f 5126/3674/3666 5128/1084/1076 366/1086/1078
f 366/1086/1078 5122/4585/4577 5126/3674/3666
f 637/760/752 4743/759/751 5127/1033/1025
f 5129/2784/2776 875/761/753 637/760/752
f 5126/3674/3666 2829/3676/3668 5128/1084/1076
f 5128/1084/1076 2829/3676/3668 1259/1085/1077
f 471/2774/2766 5129/2784/2776 5127/1033/1025
f 5129/2784/2776 637/760/752 5127/1033/1025
f 2926/4420/4412 5130/573/565 4925/814/806
f 5132/2303/2295 5130/573/565 2926/4420/4412
f 324/3810/3802 2919/423/415 5131/422/414
f 5131/422/414 1419/3811/3803 324/3810/3802
f 5132/2303/2295 2926/4420/4412 503/816/808
f 503/816/808 2328/815/807 5132/2303/2295
f 2749/962/954 184/2386/2378 5133/2385/2377
f 1069/3208/3200 2749/962/954 5133/2385/2377
f 5134/2685/2677 5136/574/566 111/4935/4927
f 5134/2685/2677 111/4935/4927 1755/4936/4928
f 2423/5772/5764 1080/15/7 5135/2262/2254
f 2423/5772/5764 5137/5426/5418 4961/5386/5378
f 5136/574/566 2864/2093/2085 5139/5838/5830
f 5130/573/565 2864/2093/2085 5136/574/566
f 5135/2262/2254 5137/5426/5418 2423/5772/5764
f 5135/2262/2254 2514/2261/2253 5137/5426/5418
f 3632/5446/5438 5138/5447/5439 1036/5334/5326
f 3632/5446/5438 2560/5422/5414 5138/5447/5439
f 5139/5838/5830 111/4935/4927 5136/574/566
f 5139/5838/5830 4798/320/312 111/4935/4927
f 85/442/434 5140/444/436 773/5448/5440
f 5140/444/436 2164/4419/4411 773/5448/5440
f 1445/4543/4535 5141/4545/4537 2605/4546/4538
f 2605/4546/4538 5141/4545/4537 3530/797/789
f 5140/444/436 1500/3181/3173 5142/4616/4608
f 5142/4616/4608 1500/3181/3173 5144/4617/4609
f 5143/1410/1402 1445/4543/4535 2605/4546/4538
f 5143/1410/1402 2030/5156/5148 1445/4543/4535
f 5144/4617/4609 1500/3181/3173 3736/548/540
f 3736/548/540 2168/1388/1380 5144/4617/4609
f 874/3446/3438 1820/2441/2433 5145/2445/2437
f 5145/2445/2437 1820/2441/2433 2508/2443/2435
f 2332/5335/5327 4847/673/665 5146/5201/5193
f 2332/5335/5327 5146/5201/5193 2103/5207/5199
f 2227/3334/3326 5147/4654/4646 2229/3968/3960
f 5147/4654/4646 2227/3334/3326 1525/3333/3325
f 4893/5161/5153 2474/3379/3371 5148/2071/2063
f 2474/3379/3371 5675/2072/2064 5148/2071/2063
f 1680/4858/4850 5149/3047/3039 728/1922/1914
f 1680/4858/4850 2115/3048/3040 5149/3047/3039
f 5150/3731/3723 3610/5719/5711 1207/1945/1937
f 3610/5719/5711 5150/3731/3723 191/2616/2608
f 5151/4934/4926 4012/2755/2747 70/2754/2746
f 4012/2755/2747 5151/4934/4926 1754/2696/2688
f 5110/714/706 5152/108/100 910/715/707
f 910/715/707 5152/108/100 1217/4164/4156
f 630/1737/1729 2441/1886/1878 5153/4635/4627
f 5153/4635/4627 2441/1886/1878 2172/1888/1880
f 349/1047/1039 5154/1049/1041 4012/2755/2747
f 879/2756/2748 4012/2755/2747 5154/1049/1041
f 3597/665/657 5155/1178/1170 1268/661/653
f 3597/665/657 1150/5813/5805 5155/1178/1170
f 5820/4710/4702 5156/5224/5216 4047/4707/4699
f 2130/1341/1333 3029/5225/5217 5156/5224/5216
f 4177/194/186 5157/4971/4963 4957/5206/5198
f 5157/4971/4963 4177/194/186 1813/2550/2542
f 2996/3212/3204 2135/4005/3997 5158/1302/1294
f 427/2008/2000 2996/3212/3204 5158/1302/1294
f 522/2384/2376 5159/3952/3944 1105/669/661
f 522/2384/2376 3176/3960/3952 5159/3952/3944
f 4786/3588/3580 5160/339/331 2853/3589/3581
f 933/923/915 2853/3589/3581 5160/339/331
f 5161/2538/2530 563/4866/4858 1591/4326/4318
f 1307/2539/2531 5161/2538/2530 1591/4326/4318
f 3806/2773/2765 1545/2772/2764 5162/5431/5423
f 1545/2772/2764 633/229/221 5162/5431/5423
f 5158/1302/1294 1564/1304/1296 5163/2006/1998
f 5156/5224/5216 5163/2006/1998 1564/1304/1296
f 1650/628/620 855/4825/4817 5164/935/927
f 2899/626/618 5164/935/927 855/4825/4817
f 2571/754/746 5165/5082/5074 4806/1977/1969
f 4959/2128/2120 5165/5082/5074 2571/754/746
f 5179/4045/4037 2688/1719/1711 2679/5501/5493
f 2686/1721/1713 5169/5864/5856 2679/5501/5493
f 2985/5028/5020 5167/3666/3658 1319/1961/1953
f 1319/1961/1953 5167/3666/3658 3305/3665/3657
f 2137/2396/2388 4123/2398/2390 5168/2195/2187
f 5168/2195/2187 20/1249/1241 2137/2396/2388
f 2686/1721/1713 5166/1720/1712 5169/5864/5856
f 2679/5501/5493 5169/5864/5856 5179/4045/4037
f 3882/565/557 1831/5619/5611 5170/563/555
f 5389/5617/5609 3064/5616/5608 5170/563/555
f 3588/2135/2127 5171/3594/3586 2236/5281/5273
f 5171/3594/3586 3588/2135/2127 2853/3589/3581
f 5172/1069/1061 593/1328/1320 5311/1070/1062
f 5172/1069/1061 1425/2266/2258 593/1328/1320
f 4987/2934/2926 1661/5856/5848 5173/2935/2927
f 5066/2937/2929 4987/2934/2926 5173/2935/2927
f 2236/5281/5273 5174/3336/3328 2629/2136/2128
f 5174/3336/3328 2236/5281/5273 5171/3594/3586
f 5175/4690/4682 1553/275/267 2266/274/266
f 5469/4024/4016 1553/275/267 5175/4690/4682
f 5176/5612/5604 3064/5616/5608 3950/5613/5605
f 5868/5618/5610 3064/5616/5608 5176/5612/5604
f 3107/4508/4500 3837/4770/4762 5177/2267/2259
f 1425/2266/2258 3107/4508/4500 5177/2267/2259
f 5173/2935/2927 1661/5856/5848 5178/4840/4832
f 1661/5856/5848 3614/4833/4825 5178/4840/4832
f 4269/1484/1476 5179/4045/4037 5166/1720/1712
f 5166/1720/1712 5179/4045/4037 5169/5864/5856
f 4303/2733/2725 5180/2491/2483 1389/976/968
f 5339/2490/2482 5180/2491/2483 4303/2733/2725
f 5181/1241/1233 1419/3811/3803 5738/5142/5134
f 1419/3811/3803 5181/1241/1233 1658/1240/1232
f 2547/4482/4474 3931/1782/1774 5182/1781/1773
f 5182/1781/1773 926/670/662 2547/4482/4474
f 2875/3908/3900 5183/1324/1316 4761/3911/3903
f 2875/3908/3900 3585/3910/3902 5183/1324/1316
f 3836/5162/5154 2317/5327/5319 5184/2287/2279
f 2317/5327/5319 5630/5675/5667 5184/2287/2279
f 5185/2469/2461 287/5394/5386 5180/2491/2483
f 5185/2469/2461 5308/1426/1418 5189/1425/1417
f 659/5592/5584 5186/2845/2837 2126/1068/1060
f 5186/2845/2837 659/5592/5584 4827/3577/3569
f 595/5299/5291 2245/5295/5287 5187/5292/5284
f 2245/5295/5287 4363/2635/2627 5187/5292/5284
f 2317/5327/5319 3288/5325/5317 5188/2804/2796
f 2967/2601/2593 5188/2804/2796 3288/5325/5317
f 287/5394/5386 5189/1425/1417 2565/3032/3024
f 5185/2469/2461 5189/1425/1417 287/5394/5386
f 3062/4485/4477 1768/4486/4478 5190/466/458
f 3062/4485/4477 5190/466/458 1798/468/460
f 5191/2013/2005 4424/4620/4612 3431/5650/5642
f 5191/2013/2005 3431/5650/5642 674/2014/2006
f 5189/1425/1417 5192/1445/1437 2565/3032/3024
f 2565/3032/3024 5192/1445/1437 1098/1444/1436
f 5193/493/485 1408/1814/1806 5190/466/458
f 2315/1815/1807 1408/1814/1806 5193/493/485
f 3010/4798/4790 5316/2868/2860 5194/1623/1615
f 5194/1623/1615 1974/4068/4060 1170/4067/4059
f 1141/2991/2983 5195/627/619 2106/4015/4007
f 5195/627/619 1141/2991/2983 179/2990/2982
f 4291/3849/3841 1603/5187/5179 5196/131/123
f 1603/5187/5179 4462/2020/2012 5196/131/123
f 5825/5324/5316 5197/29/21 2967/2601/2593
f 644/5865/5857 1091/27/19 5197/29/21
f 5198/2979/2971 2158/3011/3003 711/4503/4495
f 421/3006/2998 2158/3011/3003 5198/2979/2971
f 849/772/764 5199/1955/1947 1415/773/765
f 413/3835/3827 5200/4491/4483 5199/1955/1947
f 5199/1955/1947 5200/4491/4483 1415/773/765
f 1415/773/765 5200/4491/4483 2806/3834/3826
f 5201/1621/1613 1170/4067/4059 1915/601/593
f 5201/1621/1613 5194/1623/1615 1170/4067/4059
f 5202/358/350 1724/3382/3374 1727/2742/2734
f 5049/3841/3833 1724/3382/3374 5202/358/350
f 1397/4322/4314 5203/5150/5142 3078/5627/5619
f 1397/4322/4314 2018/4467/4459 5203/5150/5142
f 2847/5172/5164 3902/5173/5165 5204/5209/5201
f 493/531/523 2847/5172/5164 5204/5209/5201
f 2056/1713/1705 5205/1712/1704 1843/1954/1946
f 5205/1712/1704 3034/1333/1325 1843/1954/1946
f 5206/1519/1511 1397/4322/4314 3078/5627/5619
f 3078/5627/5619 3102/614/606 5206/1519/1511
f 3390/3252/3244 5207/1252/1244 1779/792/784
f 3390/3252/3244 5209/5829/5821 5207/1252/1244
f 4423/664/656 5208/4366/4358 1330/4362/4354
f 5213/5531/5523 1330/4362/4354 5208/4366/4358
f 4689/1251/1243 5209/5829/5821 797/5135/5127
f 797/5135/5127 5209/5829/5821 3390/3252/3244
f 3036/392/384 1692/1214/1206 5210/4032/4024
f 3036/392/384 5210/4032/4024 5208/4366/4358
f 3615/4317/4309 3152/154/146 5211/4318/4310
f 1303/172/164 5211/4318/4310 3152/154/146
f 780/985/977 5212/5730/5722 3708/3207/3199
f 3708/3207/3199 5212/5730/5722 3940/3941/3933
f 228/4022/4014 5213/5531/5523 5210/4032/4024
f 2792/5530/5522 5213/5531/5523 228/4022/4014
f 4138/609/601 667/486/478 5214/607/599
f 5214/607/599 667/486/478 4742/2237/2229
f 2218/2172/2164 5215/5271/5263 2582/1400/1392
f 5217/5270/5262 5215/5271/5263 2218/2172/2164
f 5216/2870/2862 2535/705/697 2141/2871/2863
f 2141/2871/2863 5214/607/599 5216/2870/2862
f 2218/2172/2164 1954/2174/2166 5217/5270/5262
f 1954/2174/2166 3716/4237/4229 5217/5270/5262
f 1615/932/924 4632/3515/3507 5218/82/74
f 2240/4228/4220 5218/82/74 4632/3515/3507
f 225/989/981 5219/2638/2630 1166/1680/1672
f 4468/2637/2629 1166/1680/1672 5219/2638/2630
f 5220/1708/1700 198/2770/2762 3688/432/424
f 4409/431/423 5220/1708/1700 3688/432/424
f 2357/515/507 5221/3765/3757 1011/96/88
f 5221/3765/3757 5225/5786/5778 1011/96/88
f 5222/5245/5237 4529/5673/5665 2170/45/37
f 5222/5245/5237 679/5246/5238 5224/119/111
f 2802/1496/1488 5223/1495/1487 132/4002/3994
f 4672/5381/5373 132/4002/3994 5223/1495/1487
f 5224/119/111 4529/5673/5665 5222/5245/5237
f 4529/5673/5665 5224/119/111 585/124/116
f 5221/3765/3757 2416/3754/3746 5225/5786/5778
f 2416/3754/3746 3840/5354/5346 5225/5786/5778
f 3814/3275/3267 5226/1610/1602 807/4173/4165
f 1323/1609/1601 807/4173/4165 5226/1610/1602
f 5227/5310/5302 2481/4319/4311 1624/1896/1888
f 5227/5310/5302 1304/854/846 2481/4319/4311
f 5228/1014/1006 5632/5044/5036 1871/1962/1954
f 5228/1014/1006 1871/1962/1954 195/1015/1007
f 5229/2942/2934 692/905/897 3816/2943/2935
f 692/905/897 5229/2942/2934 1904/2945/2937
f 5230/1301/1293 2606/5399/5391 777/1913/1905
f 2606/5399/5391 5232/3197/3189 5115/3196/3188
f 2739/66/58 1359/1654/1646 5231/2899/2891
f 1359/1654/1646 4331/1657/1649 5231/2899/2891
f 5232/3197/3189 5230/1301/1293 481/1300/1292
f 2606/5399/5391 5230/1301/1293 5232/3197/3189
f 2407/2138/2130 5233/2137/2129 759/555/547
f 5233/2137/2129 5841/3147/3139 759/555/547
f 2636/3959/3951 5746/4104/4096 5234/5351/5343
f 351/1232/1224 5234/5351/5343 5746/4104/4096
f 5235/2077/2069 148/5107/5099 5239/2026/2018
f 148/5107/5099 5235/2077/2069 4787/103/95
f 4050/2141/2133 2407/2138/2130 5236/3340/3332
f 2407/2138/2130 759/555/547 5236/3340/3332
f 5237/1082/1074 3080/4205/4197 4796/2519/2511
f 3080/4205/4197 5237/1082/1074 4330/1079/1071
f 2119/3710/3702 5238/3709/3701 2626/3711/3703
f 4232/3702/3694 5238/3709/3701 2119/3710/3702
f 5239/2026/2018 148/5107/5099 4464/5106/5098
f 5239/2026/2018 5393/2977/2969 4465/919/911
f 5240/4601/4593 1490/2568/2560 3330/1059/1051
f 3303/1061/1053 5240/4601/4593 3330/1059/1051
f 5241/622/614 1537/3096/3088 2386/3560/3552
f 2386/3560/3552 919/3561/3553 5241/622/614
f 5242/3493/3485 2138/454/446 3694/5684/5676
f 5242/3493/3485 3694/5684/5676 3335/1470/1462
f 5243/3686/3678 966/1089/1081 2828/1088/1080
f 5240/4601/4593 5243/3686/3678 2828/1088/1080
f 5244/3057/3049 2634/1276/1268 5079/1278/1270
f 2634/1276/1268 5244/3057/3049 4608/756/748
f 3691/4775/4767 5245/3771/3763 1608/1852/1844
f 1608/1852/1844 5245/3771/3763 4137/5266/5258
f 4080/4175/4167 5246/4165/4157 40/5391/5383
f 5246/4165/4157 5780/4167/4159 40/5391/5383
f 4844/367/359 4838/2613/2605 5247/5842/5834
f 4844/367/359 5247/5842/5834 1339/364/356
f 1350/1833/1825 2782/689/681 5248/2626/2618
f 2782/689/681 3934/5524/5516 5248/2626/2618
f 5249/3508/3500 82/441/433 3919/3521/3513
f 334/439/431 82/441/433 5249/3508/3500
f 994/2104/2096 1424/3716/3708 5250/3715/3707
f 5250/3715/3707 2715/3730/3722 994/2104/2096
f 1195/1885/1877 5253/4114/4106 5251/4113/4105
f 1195/1885/1877 5251/4113/4105 5687/5866/5858
f 2405/3226/3218 5252/758/750 4689/1251/1243
f 4608/756/748 5252/758/750 2405/3226/3218
f 5253/4114/4106 2174/1884/1876 802/4353/4345
f 1195/1885/1877 2174/1884/1876 5253/4114/4106
f 87/3411/3403 3600/1804/1796 5254/1803/1795
f 5254/1803/1795 757/1413/1405 87/3411/3403
f 671/2877/2869 5255/969/961 2671/967/959
f 671/2877/2869 1461/2880/2872 5255/969/961
f 5256/5186/5178 3456/5639/5631 37/5697/5689
f 5256/5186/5178 37/5697/5689 1991/1198/1190
f 5257/2495/2487 1707/2012/2004 674/2014/2006
f 2162/895/887 1707/2012/2004 5257/2495/2487
f 5258/3214/3206 1636/447/439 3139/446/438
f 3139/446/438 506/588/580 5258/3214/3206
f 5259/3925/3917 2948/3930/3922 1968/4519/4511
f 1432/3231/3223 5259/3925/3917 1968/4519/4511
f 5260/893/885 550/3628/3620 69/894/886
f 5856/4633/4625 5730/2492/2484 5260/893/885
f 88/3183/3175 5261/5823/5815 4996/5714/5706
f 2164/4419/4411 5261/5823/5815 88/3183/3175
f 5262/5666/5658 3266/3789/3781 41/1405/1397
f 3633/4060/4052 5262/5666/5658 41/1405/1397
f 5257/2495/2487 5263/4632/4624 2162/895/887
f 5260/893/885 2162/895/887 5263/4632/4624
f 799/5765/5757 5264/1436/1428 3921/1443/1435
f 5264/1436/1428 799/5765/5757 4970/1458/1450
f 1835/612/604 1838/5008/5000 5265/4246/4238
f 5265/4246/4238 1838/5008/5000 1256/1796/1788
f 648/617/609 5266/295/287 3436/3687/3679
f 5588/294/286 3436/3687/3679 5266/295/287
f 3256/5663/5655 3254/5664/5656 5267/5665/5657
f 5267/5665/5657 3254/5664/5656 3829/4357/4349
f 1629/4627/4619 416/4800/4792 5268/4802/4794
f 416/4800/4792 161/4088/4080 5268/4802/4794
f 5269/5312/5304 2287/4051/4043 4093/3141/3133
f 4093/3141/3133 1162/946/938 5269/5312/5304
f 5274/1087/1079 966/1089/1081 5270/1107/1099
f 966/1089/1081 4481/1108/1100 5270/1107/1099
f 499/4442/4434 5271/4932/4924 2871/2297/2289
f 4187/4931/4923 5271/4932/4924 499/4442/4434
f 980/3244/3236 5272/5404/5396 3984/2363/2355
f 980/3244/3236 2453/3700/3692 5272/5404/5396
f 5273/3151/3143 2064/1499/1491 152/5166/5158
f 2331/3977/3969 5273/3151/3143 152/5166/5158
f 5270/1107/1099 214/2456/2448 5274/1087/1079
f 214/2456/2448 2511/3600/3592 5274/1087/1079
f 5275/4742/4734 4824/2793/2785 1005/4821/4813
f 1005/4821/4813 4743/759/751 5275/4742/4734
f 5276/4923/4915 5366/4406/4398 227/153/145
f 227/153/145 1747/2557/2549 5276/4923/4915
f 1325/4812/4804 3826/4356/4348 5277/5425/5417
f 3826/4356/4348 5137/5426/5418 5277/5425/5417
f 5278/2002/1994 2200/1569/1561 1907/1568/1560
f 1563/2001/1993 2200/1569/1561 5278/2002/1994
f 2773/2250/2242 4010/5738/5730 5279/5521/5513
f 312/1549/1541 5279/5521/5513 4010/5738/5730
f 3544/5084/5076 5280/4978/4970 1164/5085/5077
f 3835/4674/4666 5281/5745/5737 5288/4673/4665
f 949/102/94 1972/1140/1132 5281/5745/5737
f 193/5750/5742 5282/2100/2092 3833/4675/4667
f 193/5750/5742 3835/4674/4666 5284/1139/1131
f 542/1603/1595 5283/3606/3598 2390/5364/5356
f 5283/3606/3598 542/1603/1595 1396/1600/1592
f 221/1138/1130 5282/2100/2092 5284/1139/1131
f 5284/1139/1131 5282/2100/2092 193/5750/5742
f 2249/4301/4293 5294/5867/5859 5285/1205/1197
f 2249/4301/4293 5285/1205/1197 2245/5295/5287
f 5075/332/324 2124/2420/2412 5286/5218/5210
f 5075/332/324 5286/5218/5210 537/157/149
f 2072/3596/3588 5495/4492/4484 5287/4493/4485
f 2072/3596/3588 5287/4493/4485 3707/2643/2635
f 5288/4673/4665 1972/1140/1132 5284/1139/1131
f 5281/5745/5737 1972/1140/1132 5288/4673/4665
f 5294/5867/5859 5707/5030/5022 1861/3641/3633
f 5294/5867/5859 2249/4301/4293 955/4300/4292
f 258/2485/2477 4846/5434/5426 5290/5435/5427
f 4370/2484/2476 258/2485/2477 5296/4139/4131
f 4175/2302/2294 5291/3705/3697 4173/2671/2663
f 5291/3705/3697 1370/5725/5717 4173/2671/2663
f 1794/2759/2751 5292/5732/5724 3731/1385/1377
f 5292/5732/5724 4653/4801/4793 3731/1385/1377
f 226/1934/1926 5594/4893/4885 1706/620/612
f 5594/4893/4885 226/1934/1926 1633/4808/4800
f 5294/5867/5859 1861/3641/3633 5289/1206/1198
f 5289/1206/1198 5285/1205/1197 5294/5867/5859
f 4639/3073/3065 732/3091/3083 5295/599/591
f 732/3091/3083 4231/4277/4269 5295/599/591
f 258/2485/2477 5290/5435/5427 5296/4139/4131
f 5290/5435/5427 2526/1676/1668 5296/4139/4131
f 3954/4027/4019 5297/4699/4691 5731/4025/4017
f 3954/4027/4019 3381/4700/4692 5297/4699/4691
f 5298/393/385 2144/4365/4357 4783/3866/3858
f 3036/392/384 2144/4365/4357 5298/393/385
f 3351/3608/3600 5299/4709/4701 941/2358/2350
f 3351/3608/3600 5820/4710/4702 5299/4709/4701
f 5300/2750/2742 1007/2448/2440 2799/4381/4373
f 5300/2750/2742 2799/4381/4373 4140/3744/3736
f 5301/666/658 1348/4399/4391 4169/3873/3865
f 36/2387/2379 1348/4399/4391 5301/666/658
f 1533/54/46 1530/4656/4648 5302/4263/4255
f 5302/4263/4255 5303/4262/4254 1533/54/46
f 1533/54/46 5303/4262/4254 3117/55/47
f 410/4261/4253 3117/55/47 5303/4262/4254
f 4084/5302/5294 3369/135/127 5304/3460/3452
f 5304/3460/3452 4298/1329/1321 4084/5302/5294
f 875/761/753 5305/3453/3445 4743/759/751
f 1585/3452/3444 5305/3453/3445 875/761/753
f 701/581/573 5306/2972/2964 3592/582/574
f 3592/582/574 5306/2972/2964 237/5036/5028
f 5307/2785/2777 3429/3681/3673 1585/3452/3444
f 1585/3452/3444 875/761/753 5307/2785/2777
f 5308/1426/1418 5185/2469/2461 3583/3612/3604
f 5308/1426/1418 3583/3612/3604 943/50/42
f 5309/4247/4239 241/2578/2570 369/235/227
f 5309/4247/4239 5312/2993/2985 5265/4246/4238
f 5310/5033/5025 2118/4146/4138 3744/4145/4137
f 663/3188/3180 5310/5033/5025 3744/4145/4137
f 5311/1070/1062 1367/3007/2999 2704/1672/1664
f 593/1328/1320 1367/3007/2999 5311/1070/1062
f 1832/234/226 5312/2993/2985 369/235/227
f 5312/2993/2985 5309/4247/4239 369/235/227
f 5313/4303/4295 2291/4523/4515 3619/4304/4296
f 2291/4523/4515 5313/4303/4295 2294/2636/2628
f 3337/4621/4613 3211/5814/5806 5314/4626/4618
f 3211/5814/5806 5191/2013/2005 5314/4626/4618
f 3392/3625/3617 83/4793/4785 5315/5203/5195
f 1159/3624/3616 3392/3625/3617 5315/5203/5195
f 5194/1623/1615 5316/2868/2860 1974/4068/4060
f 1265/1352/1344 1974/4068/4060 5316/2868/2860
f 5317/2147/2139 461/3817/3809 3457/4494/4486
f 5317/2147/2139 3457/4494/4486 4752/2148/2140
f 691/5837/5829 5318/4061/4053 4795/5139/5131
f 4795/5139/5131 5318/4061/4053 3601/2941/2933
f 4989/3243/3235 5319/3115/3107 200/1925/1917
f 2468/1039/1031 5319/3115/3107 4989/3243/3235
f 4137/5266/5258 2211/1010/1002 5320/3772/3764
f 4137/5266/5258 5320/3772/3764 1608/1852/1844
f 5321/881/873 729/3062/3054 5018/3064/3056
f 5321/881/873 1300/1853/1845 729/3062/3054
f 5323/2788/2780 5322/2787/2779 1697/655/647
f 441/769/761 1697/655/647 5322/2787/2779
f 1124/2765/2757 5323/2788/2780 3290/657/649
f 1697/655/647 3290/657/649 5323/2788/2780
f 2555/1541/1533 3761/1148/1140 5324/3320/3312
f 2555/1541/1533 5324/3320/3312 2116/4424/4416
f 5325/4055/4047 5328/5868/5860 889/5125/5117
f 5471/4053/4045 5325/4055/4047 889/5125/5117
f 2083/3978/3970 5326/2789/2781 3294/5071/5063
f 441/769/761 5326/2789/2781 2083/3978/3970
f 2454/5869/5861 5327/4010/4002 1139/2124/2116
f 5327/4010/4002 628/4008/4000 1139/2124/2116
f 5328/5868/5860 3452/4996/4988 889/5125/5117
f 5325/4055/4047 5331/5126/5118 5328/5868/5860
f 4717/3759/3751 1013/1201/1193 5329/3760/3752
f 1013/1201/1193 4250/1208/1200 5329/3760/3752
f 69/894/886 5330/3923/3915 1703/1215/1207
f 1068/891/883 1703/1215/1207 5330/3923/3915
f 1982/5839/5831 3452/4996/4988 5331/5126/5118
f 5328/5868/5860 5331/5126/5118 3452/4996/4988
f 5332/5155/5147 2024/5051/5043 3046/5153/5145
f 2024/5051/5043 5332/5155/5147 5614/5338/5330
f 1982/5839/5831 5333/4017/4009 3452/4996/4988
f 1982/5839/5831 4819/1847/1839 5335/5840/5832
f 4864/1475/1467 5336/5870/5862 5334/1473/1465
f 5334/1473/1465 5336/5870/5862 4314/1474/1466
f 5333/4017/4009 1982/5839/5831 5335/5840/5832
f 5333/4017/4009 5335/5840/5832 4823/4018/4010
f 3380/4461/4453 4314/1474/1466 5336/5870/5862
f 4864/1475/1467 3380/4461/4453 5336/5870/5862
f 1210/1836/1828 3892/2807/2799 5337/1842/1834
f 3892/2807/2799 4676/1843/1835 5337/1842/1834
f 3480/4625/4617 108/5590/5582 5338/482/474
f 940/2467/2459 5339/2490/2482 621/4752/4744
f 621/4752/4744 5339/2490/2482 2912/2732/2724
f 2186/5250/5242 500/1055/1047 5340/316/308
f 2186/5250/5242 5340/316/308 174/541/533
f 2318/4695/4687 5341/4697/4689 42/5794/5786
f 5341/4697/4689 2318/4695/4687 4670/4818/4810
f 4377/4928/4920 5342/4929/4921 264/2914/2906
f 4377/4928/4920 5801/4930/4922 5342/4929/4921
f 2819/3954/3946 5343/5538/5530 5342/4929/4921
f 5343/5538/5530 2819/3954/3946 62/2905/2897
f 5344/30/22 1532/4664/4656 4102/2375/2367
f 5595/2377/2369 5344/30/22 4102/2375/2367
f 1397/4322/4314 5345/2820/2812 2018/4467/4459
f 5345/2820/2812 2446/4465/4457 2018/4467/4459
f 2233/907/899 5346/906/898 1554/4692/4684
f 1554/4692/4684 5346/906/898 4243/4693/4685
f 5347/3492/3484 1473/4361/4353 4611/3482/3474
f 3389/3138/3130 1473/4361/4353 5347/3492/3484
f 5348/3153/3145 3388/730/722 271/5691/5683
f 5348/3153/3145 271/5691/5683 1033/3805/3797
f 3060/5615/5607 5349/4997/4989 1836/5005/4997
f 5349/4997/4989 3060/5615/5607 3950/5613/5605
f 5350/4645/4637 239/929/921 2128/931/923
f 5352/889/881 884/888/880 239/929/921
f 766/3164/3156 1315/4337/4329 5351/5427/5419
f 5354/2254/2246 5351/5427/5419 4230/4345/4337
f 5352/889/881 5350/4645/4637 3341/4647/4639
f 239/929/921 5350/4645/4637 5352/889/881
f 4523/4658/4650 3913/2769/2761 5353/3144/3136
f 5355/5764/5756 5353/3144/3136 3913/2769/2761
f 766/3164/3156 5351/5427/5419 5354/2254/2246
f 3008/2253/2245 766/3164/3156 5354/2254/2246
f 3909/1510/1502 758/3143/3135 5355/5764/5756
f 3913/2769/2761 3909/1510/1502 5355/5764/5756
f 5356/3875/3867 3940/3941/3933 5212/5730/5722
f 5356/3875/3867 5212/5730/5722 2391/3876/3868
f 2449/5403/5395 5357/2317/2309 309/1533/1525
f 3441/1535/1527 5357/2317/2309 2449/5403/5395
f 5358/4408/4400 2486/1990/1982 1352/3409/3401
f 4009/4639/4631 2486/1990/1982 5358/4408/4400
f 5359/1179/1171 1150/5813/5805 3566/4031/4023
f 5155/1178/1170 1150/5813/5805 5359/1179/1171
f 436/3415/3407 5360/2948/2940 3812/2958/2950
f 4727/3416/3408 5360/2948/2940 436/3415/3407
f 1352/3409/3401 4260/170/162 5361/5796/5788
f 1303/172/164 5364/4407/4399 5361/5796/5788
f 5362/1892/1884 3562/3229/3221 3566/4031/4023
f 5362/1892/1884 789/1180/1172 3562/3229/3221
f 5363/5101/5093 3912/5763/5755 4977/3734/3726
f 5363/5101/5093 45/1291/1283 3912/5763/5755
f 1352/3409/3401 5361/5796/5788 5364/4407/4399
f 1352/3409/3401 5364/4407/4399 5358/4408/4400
f 4873/171/163 4142/2902/2894 5365/4972/4964
f 5365/4972/4964 4142/2902/2894 4791/117/109
f 5358/4408/4400 5366/4406/4398 2262/3407/3399
f 2262/3407/3399 5366/4406/4398 5276/4923/4915
f 5367/855/847 847/3374/3366 4328/853/845
f 847/3374/3366 5367/855/847 4546/858/850
f 5370/5806/5798 4365/5805/5797 5368/5776/5768
f 5368/5776/5768 4378/5808/5800 5370/5806/5798
f 5369/4900/4892 5847/1644/1636 336/678/670
f 5369/4900/4892 336/678/670 4094/3441/3433
f 4463/5809/5801 5370/5806/5798 4034/5807/5799
f 4034/5807/5799 5370/5806/5798 4378/5808/5800
f 2651/121/113 3427/1548/1540 5371/5480/5472
f 5373/3519/3511 5371/5480/5472 4553/5481/5473
f 665/1481/1473 49/1483/1475 5372/2864/2856
f 5372/2864/2856 49/1483/1475 2949/1051/1043
f 5373/3519/3511 2651/121/113 5371/5480/5472
f 2833/122/114 2651/121/113 5373/3519/3511
f 3142/2854/2846 4899/5846/5838 5374/5634/5626
f 5374/5634/5626 277/2857/2849 3142/2854/2846
f 4295/3473/3465 5375/1956/1948 4292/3457/3449
f 4292/3457/3449 5375/1956/1948 4397/1958/1950
f 5378/3162/3154 1581/4738/4730 5376/4751/4743
f 3895/4715/4707 2619/4714/4706 5376/4751/4743
f 5377/1517/1509 806/3271/3263 3413/1518/1510
f 300/795/787 806/3271/3263 5377/1517/1509
f 1937/178/170 5378/3162/3154 2619/4714/4706
f 5378/3162/3154 5376/4751/4743 2619/4714/4706
f 4122/2633/2625 5379/5835/5827 600/201/193
f 5382/5871/5863 2297/5314/5306 5379/5835/5827
f 5380/4837/4829 1657/1334/1326 3968/2037/2029
f 5380/4837/4829 3968/2037/2029 3964/4882/4874
f 5381/5872/5864 1949/4739/4731 4354/5803/5795
f 5381/5872/5864 4354/5803/5795 5378/3162/3154
f 5382/5871/5863 5379/5835/5827 4122/2633/2625
f 2297/5314/5306 5382/5871/5863 5383/5784/5776
f 4122/2633/2625 4363/2635/2627 5383/5784/5776
f 4122/2633/2625 5383/5784/5776 5382/5871/5863
f 5384/3328/3320 3501/5477/5469 825/501/493
f 2645/2389/2381 3501/5477/5469 5384/3328/3320
f 5385/2596/2588 1003/3741/3733 1940/804/796
f 1003/3741/3733 5385/2596/2588 3808/1640/1632
f 571/3877/3869 5386/1749/1741 3547/3878/3870
f 3547/3878/3870 5386/1749/1741 1070/2955/2947
f 1090/3903/3895 814/3297/3289 5387/3913/3905
f 5387/3913/3905 2184/416/408 1090/3903/3895
f 4468/2637/2629 5388/2639/2631 1891/2640/2632
f 1891/2640/2632 5388/2639/2631 3370/1165/1157
f 5389/5617/5609 1831/5619/5611 3068/4995/4987
f 1831/5619/5611 5389/5617/5609 5170/563/555
f 5390/1630/1622 5009/2883/2875 4885/4888/4880
f 5390/1630/1622 4885/4888/4880 4888/1628/1620
f 5391/4587/4579 3233/450/442 1078/1176/1168
f 1478/4586/4578 3233/450/442 5391/4587/4579
f 5392/728/720 3890/5586/5578 142/5760/5752
f 5392/728/720 4919/741/733 3890/5586/5578
f 4464/5106/5098 5393/2977/2969 5239/2026/2018
f 4464/5106/5098 1955/5108/5100 5393/2977/2969
f 5394/727/719 52/742/734 5392/728/720
f 52/742/734 5394/727/719 3223/4657/4649
f 560/3891/3883 2260/3408/3400 5395/4922/4914
f 2260/3408/3400 5276/4923/4915 5395/4922/4914
f 5396/1869/1861 765/494/486 5190/466/458
f 4286/5798/5790 5397/5578/5570 584/2599/2591
f 145/757/749 5398/2897/2889 5252/758/750
f 4604/67/59 5398/2897/2889 145/757/749
f 452/3418/3410 2767/987/979 5399/2376/2368
f 5853/3420/3412 1030/3802/3794 452/3418/3410
f 5400/5164/5156 626/5522/5514 4492/1230/1222
f 5400/5164/5156 2254/2746/2738 626/5522/5514
f 5401/5365/5357 2390/5364/5356 4091/3605/3597
f 2919/423/415 2390/5364/5356 5401/5365/5357
f 5402/5641/5633 1245/4233/4225 3169/2340/2332
f 3169/2340/2332 505/2344/2336 5402/5641/5633
f 860/1164/1156 5403/642/634 141/3412/3404
f 860/1164/1156 5666/640/632 5403/642/634
f 234/3769/3761 779/162/154 5404/5667/5659
f 234/3769/3761 5404/5667/5659 4535/2102/2094
f 5405/940/932 1336/3742/3734 4140/3744/3736
f 1621/939/931 1336/3742/3734 5405/940/932
f 5406/3993/3985 2493/752/744 5107/2127/2119
f 5406/3993/3985 5107/2127/2119 144/4754/4746
f 5407/1866/1858 686/4026/4018 3556/151/143
f 686/4026/4018 5407/1866/1858 1147/1865/1857
f 2444/4702/4694 5408/5398/5390 5033/3974/3966
f 1557/1947/1939 5033/3974/3966 5408/5398/5390
f 2109/5604/5596 602/215/207 5409/4390/4382
f 2109/5604/5596 5409/4390/4382 5078/2660/2652
f 4762/5721/5713 2872/4450/4442 5410/3069/3061
f 397/4756/4748 4762/5721/5713 5410/3069/3061
f 5411/5857/5849 4992/4994/4986 4995/2936/2928
f 4995/2936/2928 5173/2935/2927 5411/5857/5849
f 5412/3579/3571 2389/2144/2136 1491/2661/2653
f 5409/4390/4382 5412/3579/3571 1491/2661/2653
f 5413/2515/2507 1163/1932/1924 121/631/623
f 5413/2515/2507 5416/2514/2506 1163/1932/1924
f 3186/1404/1396 5414/5643/5635 2171/3475/3467
f 5414/5643/5635 4528/3970/3962 2171/3475/3467
f 121/631/623 5415/1931/1923 2447/950/942
f 2447/950/942 5415/1931/1923 1185/5138/5130
f 2002/4105/4097 2000/1933/1925 5416/2514/2506
f 1163/1932/1924 5416/2514/2506 2000/1933/1925
f 5417/1401/1393 977/1679/1671 4677/225/217
f 977/1679/1671 5417/1401/1393 2999/3037/3029
f 1724/3382/3374 5418/3381/3373 1727/2742/2734
f 5418/3381/3373 4249/359/351 1727/2742/2734
f 3021/5213/5205 5419/5845/5837 4894/5597/5589
f 5422/3086/3078 4891/3087/3079 5419/5845/5837
f 1877/1882/1874 5420/1881/1873 3223/4657/4649
f 3223/4657/4649 5420/1881/1873 52/742/734
f 2537/2852/2844 5564/5192/5184 5421/5190/5182
f 5421/5190/5182 5564/5192/5184 4225/5191/5183
f 3021/5213/5205 3755/5212/5204 5422/3086/3078
f 3021/5213/5205 5422/3086/3078 5419/5845/5837
f 1462/4566/4558 1837/1757/1749 5423/1759/1751
f 5423/1759/1751 920/3055/3047 1462/4566/4558
f 388/5466/5458 1622/1283/1275 5424/1284/1276
f 5424/1284/1276 1566/1296/1288 388/5466/5458
f 171/834/826 5425/4125/4117 1202/832/824
f 2443/3862/3854 359/3864/3856 5426/1744/1736
f 2443/3862/3854 5426/1744/1736 2524/2823/2815
f 5427/5230/5222 482/708/700 2535/705/697
f 5427/5230/5222 407/2236/2228 482/708/700
f 5428/3796/3788 2191/3429/3421 865/3422/3414
f 5428/3796/3788 865/3422/3414 4955/2466/2458
f 4479/3530/3522 5429/3532/3524 4309/3216/3208
f 5429/3532/3524 5430/3217/3209 4309/3216/3208
f 208/5821/5813 5430/3217/3209 5429/3532/3524
f 208/5821/5813 4549/3531/3523 5434/5655/5647
f 5431/5318/5310 2309/5317/5309 4052/4289/4281
f 5432/2406/2398 3345/944/936 3930/943/935
f 3250/1366/1358 3345/944/936 5432/2406/2398
f 2517/2240/2232 5433/3610/3602 254/2241/2233
f 2339/3611/3603 254/2241/2233 5433/3610/3602
f 5434/5655/5647 5430/3217/3209 208/5821/5813
f 3225/5486/5478 5430/3217/3209 5434/5655/5647
f 5435/5729/5721 3703/1297/1289 4607/713/705
f 1980/1091/1083 5435/5729/5721 4607/713/705
f 2559/5367/5359 5436/487/479 2682/3103/3095
f 2682/3103/3095 5436/487/479 2961/3104/3096
f 5437/3603/3595 2627/291/283 2524/2823/2815
f 5437/3603/3595 2524/2823/2815 2934/5432/5424
f 5438/5695/5687 3437/2819/2811 3682/2818/2810
f 1302/2816/2808 3437/2819/2811 5438/5695/5687
f 1617/2657/2649 3376/3474/3466 5439/2229/2221
f 5439/2229/2221 2075/2228/2220 1617/2657/2649
f 3120/793/785 5440/4197/4189 2359/794/786
f 3120/793/785 1229/1556/1548 5440/4197/4189
f 5441/70/62 3718/1554/1546 1229/1556/1548
f 3120/793/785 5441/70/62 1229/1556/1548
f 4410/4907/4899 5442/5219/5211 4891/3087/3079
f 1728/1816/1808 5442/5219/5211 4410/4907/4899
f 2173/3454/3446 878/3447/3439 5443/4755/4747
f 2173/3454/3446 5443/4755/4747 1582/4741/4733
f 4645/2921/2913 183/4170/4162 5444/4169/4161
f 5444/4169/4161 183/4170/4162 3481/4168/4160
f 2261/4720/4712 5445/544/536 769/511/503
f 98/909/901 5445/544/536 2261/4720/4712
f 3499/5476/5468 5446/2390/2382 2637/838/830
f 5446/2390/2382 2643/839/831 2637/838/830
f 5447/4054/4046 2588/2797/2789 2321/5460/5452
f 2321/5460/5452 5453/5459/5451 5449/1845/1837
f 5640/3912/3904 2589/5565/5557 5448/5406/5398
f 2589/5565/5557 4161/2628/2620 5448/5406/5398
f 5447/4054/4046 5449/1845/1837 4819/1847/1839
f 2321/5460/5452 5449/1845/1837 5447/4054/4046
f 1221/3279/3271 5450/1622/1614 2292/4174/4166
f 5450/1622/1614 4427/2223/2215 2292/4174/4166
f 5451/3523/3515 906/2290/2282 2965/3525/3517
f 906/2290/2282 5451/3523/3515 640/3524/3516
f 5452/4456/4448 962/403/395 2082/5029/5021
f 5452/4456/4448 4456/404/396 962/403/395
f 2065/594/586 5453/5459/5451 186/592/584
f 5449/1845/1837 5453/5459/5451 2065/594/586
f 5454/5506/5498 1306/349/341 4391/4323/4315
f 1306/349/341 5454/5506/5498 2956/1174/1166
f 5455/5791/5783 2304/3058/3050 4639/3073/3065
f 5455/5791/5783 4019/5440/5432 2304/3058/3050
f 5456/785/777 4276/3463/3455 881/3355/3347
f 5456/785/777 881/3355/3347 762/783/775
f 4778/2546/2538 565/1238/1230 5457/1536/1528
f 565/1238/1230 778/1237/1229 5457/1536/1528
f 5459/1383/1375 852/3389/3381 3996/59/51
f 3675/3390/3382 852/3389/3381 5459/1383/1375
f 5461/5873/5865 4738/5114/5106 5460/5831/5823
f 2178/4422/4414 5462/5019/5011 3505/5248/5240
f 2178/4422/4414 310/4421/4413 5462/5019/5011
f 2296/684/676 5463/5168/5160 381/5313/5305
f 381/5313/5305 5463/5168/5160 4433/1508/1500
f 1292/2161/2153 4382/5484/5476 5464/2151/2143
f 4382/5484/5476 2663/1808/1800 5464/2151/2143
f 5465/927/919 4220/5494/5486 4226/925/917
f 2576/224/216 5465/927/919 4226/925/917
f 473/1242/1234 5466/4497/4489 2394/5148/5140
f 473/1242/1234 5181/1241/1233 5466/4497/4489
f 900/590/582 5467/3067/3059 1593/2090/2082
f 1593/2090/2082 5467/3067/3059 3788/3066/3058
f 2296/684/676 381/5313/5305 5468/4050/4042
f 2290/682/674 2296/684/676 5468/4050/4042
f 5175/4690/4682 1151/4691/4683 5469/4024/4016
f 4453/4038/4030 5469/4024/4016 1151/4691/4683
f 4297/1114/1106 5470/5799/5791 4299/3535/3527
f 4299/3535/3527 5470/5799/5791 2917/2431/2423
f 5472/4052/4044 5471/4053/4045 889/5125/5117
f 1161/92/84 382/2779/2771 5471/4053/4045
f 280/90/82 1161/92/84 5472/4052/4044
f 5471/4053/4045 5472/4052/4044 1161/92/84
f 4978/5401/5393 5473/5621/5613 4144/5620/5612
f 1185/5138/5130 5473/5621/5613 4978/5401/5393
f 2943/3553/3545 5474/5400/5392 4144/5620/5612
f 4144/5620/5612 5474/5400/5392 4978/5401/5393
f 5475/4953/4945 1775/4780/4772 432/3238/3230
f 1611/3236/3228 1775/4780/4772 5475/4953/4945
f 5476/774/766 1875/2590/2582 1538/4986/4978
f 5476/774/766 1538/4986/4978 2427/4244/4236
f 4247/4226/4218 5612/363/355 5477/5348/5340
f 4247/4226/4218 5477/5348/5340 1242/5347/5339
f 5482/4590/4582 5478/453/445 3600/1804/1796
f 3600/1804/1796 5478/453/445 5063/5177/5169
f 1100/3929/3921 5479/3931/3923 2948/3930/3922
f 1096/2915/2907 2948/3930/3922 5479/3931/3923
f 5483/5754/5746 1688/4227/4219 5480/4867/4859
f 5480/4867/4859 4247/4226/4218 1242/5347/5339
f 3783/4613/4605 1077/62/54 5481/4179/4171
f 5481/4179/4171 1077/62/54 938/61/53
f 5482/4590/4582 1480/451/443 5478/453/445
f 3516/3171/3163 1480/451/443 5482/4590/4582
f 3904/4865/4857 5483/5754/5746 1242/5347/5339
f 5483/5754/5746 5480/4867/4859 1242/5347/5339
f 1467/4573/4565 1772/1438/1430 5484/2427/2419
f 4898/4574/4566 1467/4573/4565 5484/2427/2419
f 2685/5007/4999 5485/4019/4011 1839/5009/5001
f 2685/5007/4999 5333/4017/4009 5485/4019/4011
f 3540/1902/1894 4151/5035/5027 5486/1903/1895
f 5487/5011/5003 1839/5009/5001 5485/4019/4011
f 1839/5009/5001 5487/5011/5003 4054/5010/5002
f 4356/4730/4722 856/5804/5796 5488/5102/5094
f 4356/4730/4722 5488/5102/5094 3473/3404/3396
f 5489/1901/1893 5496/5874/5866 3540/1902/1894
f 5486/1903/1895 5492/5021/5013 5489/1901/1893
f 115/3365/3357 5494/3366/3358 5491/379/371
f 115/3365/3357 5491/379/371 5736/2705/2697
f 5492/5021/5013 3697/5498/5490 1848/5727/5719
f 1848/5727/5719 3540/1902/1894 5496/5874/5866
f 4356/4730/4722 5493/5596/5588 856/5804/5796
f 4357/4737/4729 856/5804/5796 5493/5596/5588
f 5491/379/371 5494/3366/3358 4051/676/668
f 1279/2272/2264 4051/676/668 5494/3366/3358
f 2072/3596/3588 1416/3595/3587 5495/4492/4484
f 4913/2747/2739 5495/4492/4484 1416/3595/3587
f 1848/5727/5719 5496/5874/5866 5492/5021/5013
f 5492/5021/5013 5496/5874/5866 5489/1901/1893
f 2100/693/685 460/4182/4174 5497/2142/2134
f 460/4182/4174 2122/4184/4176 5497/2142/2134
f 3649/5722/5714 5498/1229/1221 4492/1230/1222
f 5498/1229/1221 3649/5722/5714 126/3368/3360
f 2813/3132/3124 2642/2569/2561 5499/5479/5471
f 2642/2569/2561 1335/2567/2559 5499/5479/5471
f 5500/3187/3179 3843/5753/5745 1860/1218/1210
f 5500/3187/3179 1678/3191/3183 3843/5753/5745
f 5501/3004/2996 5768/3583/3575 3598/3581/3573
f 3598/3581/3573 3595/3005/2997 5501/3004/2996
f 5502/159/151 1991/1198/1190 106/5132/5124
f 1114/160/152 5502/159/151 106/5132/5124
f 5500/3187/3179 5503/4677/4669 1541/3189/3181
f 5503/4677/4669 663/3188/3180 5506/4676/4668
f 5504/1455/1447 1609/4771/4763 1605/2410/2402
f 5504/1455/1447 1846/4778/4770 1609/4771/4763
f 1873/2608/2600 5505/3464/3456 5456/785/777
f 5505/3464/3456 1873/2608/2600 3213/533/525
f 1194/4111/4103 1541/3189/3181 5506/4676/4668
f 5506/4676/4668 1541/3189/3181 5503/4677/4669
f 5507/5169/5161 2047/956/948 3485/4158/4150
f 2047/956/948 5507/5169/5161 4950/954/946
f 4119/1162/1154 2525/1971/1963 5508/5433/5425
f 5508/5433/5425 2525/1971/1963 3529/236/228
f 3356/534/526 3213/533/525 5509/1606/1598
f 5509/1606/1598 3213/533/525 1873/2608/2600
f 5510/3868/3860 1068/891/883 2013/3874/3866
f 2013/3874/3866 236/391/383 5510/3868/3860
f 5511/2213/2205 3620/2481/2473 4163/2480/2472
f 5511/2213/2205 3920/4527/4519 3620/2481/2473
f 5512/4258/4250 4186/4255/4247 851/3387/3379
f 5512/4258/4250 1263/4254/4246 4186/4255/4247
f 914/372/364 5513/3028/3020 3474/3559/3551
f 47/3546/3538 3474/3559/3551 5513/3028/3020
f 5732/1306/1298 5514/4926/4918 1750/1307/1299
f 5514/4926/4918 639/5417/5409 1750/1307/1299
f 5515/1769/1761 2997/1768/1760 16/5123/5115
f 5518/485/477 2190/484/476 5515/1769/1761
f 3376/3474/3466 5516/4232/4224 480/2226/2218
f 3307/2224/2216 480/2226/2218 5516/4232/4224
f 3427/1548/1540 5517/4839/4831 297/433/425
f 5517/4839/4831 3427/1548/1540 266/1918/1910
f 16/5123/5115 5518/485/477 5515/1769/1761
f 5518/485/477 16/5123/5115 1981/4509/4501
f 218/608/600 5519/5441/5433 4141/2850/2842
f 218/608/600 2537/2852/2844 5519/5441/5433
f 5520/1440/1432 5522/3826/3818 1048/3258/3250
f 1048/3258/3250 477/1159/1151 5520/1440/1432
f 1181/5574/5566 4673/1417/1409 5521/509/501
f 4673/1417/1409 690/866/858 5521/509/501
f 5522/3826/3818 2376/4999/4991 418/3257/3249
f 2376/4999/4991 5522/3826/3818 3037/611/603
f 4175/2302/2294 5523/2668/2660 500/1055/1047
f 5523/2668/2660 5340/316/308 500/1055/1047
f 2298/3673/3665 5524/2648/2640 599/2182/2174
f 2298/3673/3665 2830/3672/3664 5524/2648/2640
f 3518/5217/5209 2117/3088/3080 5525/5215/5207
f 658/2844/2836 3518/5217/5209 5525/5215/5207
f 3714/3084/3076 5526/1038/1030 3543/1064/1056
f 5526/1038/1030 793/1037/1029 3543/1064/1056
f 3906/3609/3601 4132/4384/4376 5527/1034/1026
f 3026/5602/5594 3906/3609/3601 5527/1034/1026
f 5528/3391/3383 1715/354/346 553/2507/2499
f 1446/3392/3384 5528/3391/3383 553/2507/2499
f 1677/4511/4503 1675/4854/4846 5529/4512/4504
f 1677/4511/4503 5529/4512/4504 5518/485/477
f 2146/148/140 904/5454/5446 5530/3513/3505
f 5068/3514/3506 5530/3513/3505 904/5454/5446
f 1453/4553/4545 3578/3169/3161 5531/4547/4539
f 3578/3169/3161 1742/1840/1832 5531/4547/4539
f 5145/2445/2437 2508/2443/2435 5532/2446/2438
f 5532/2446/2438 2508/2443/2435 3371/383/375
f 5533/4163/4155 918/1592/1584 1212/4150/4142
f 5533/4163/4155 3589/3547/3539 918/1592/1584
f 2659/2686/2678 2657/4937/4929 5534/5482/5474
f 5534/5482/5474 2657/4937/4929 2690/558/550
f 1438/4532/4524 5535/1817/1809 740/4533/4525
f 5535/1817/1809 1438/4532/4524 2851/2605/2597
f 870/3433/3425 5536/5255/5247 4739/3428/3420
f 5536/5255/5247 518/3125/3117 4739/3428/3420
f 5537/2033/2025 1775/4780/4772 1611/3236/3228
f 5537/2033/2025 1611/3236/3228 1228/2031/2023
f 5539/2032/2024 1613/4021/4013 5537/2033/2025
f 228/4022/4014 1613/4021/4013 5539/2032/2024
f 5540/1259/1251 53/1258/1250 1468/5830/5822
f 5541/1011/1003 1965/2890/2882 4595/4264/4256
f 3105/1012/1004 5541/1011/1003 4595/4264/4256
f 1778/2655/2647 5542/3856/3848 601/2656/2648
f 5516/4232/4224 601/2656/2648 5542/3856/3848
f 3274/2723/2715 4582/5668/5660 5543/5669/5661
f 5543/5669/5661 4582/5668/5660 3270/1571/1563
f 3270/1571/1563 150/1570/1562 5544/3120/3112
f 5544/3120/3112 5543/5669/5661 3270/1571/1563
f 1733/2059/2051 5545/2592/2584 3045/4446/4438
f 1733/2059/2051 936/2058/2050 5545/2592/2584
f 5546/3851/3843 4168/5352/5344 3103/5273/5265
f 3103/5273/5265 5854/5278/5270 5546/3851/3843
f 5547/3318/3310 1004/1145/1137 4170/1144/1136
f 2310/5254/5246 1004/1145/1137 5547/3318/3310
f 4847/673/665 5548/672/664 5549/4758/4750
f 1596/5875/5867 5548/672/664 4997/671/663
f 5548/672/664 1596/5875/5867 5549/4758/4750
f 5550/4757/4749 3533/674/666 5549/4758/4750
f 1596/5875/5867 4997/671/663 5550/4757/4749
f 5549/4758/4750 1596/5875/5867 5550/4757/4749
f 5551/3223/3215 526/3222/3214 2925/3220/3212
f 2925/3220/3212 4265/5797/5789 5551/3223/3215
f 5552/5073/5065 1910/2496/2488 864/5075/5067
f 5553/809/801 2925/3220/3212 526/3222/3214
f 3295/4080/4072 5553/809/801 526/3222/3214
f 5556/5614/5606 5554/5774/5766 118/4044/4036
f 4003/4047/4039 1159/3624/3616 5554/5774/5766
f 201/5047/5039 5555/3397/3389 1876/1105/1097
f 1876/1105/1097 5555/3397/3389 1686/1106/1098
f 5556/5614/5606 3054/1286/1278 4003/4047/4039
f 5554/5774/5766 5556/5614/5606 4003/4047/4039
f 5557/2140/2132 2507/5423/5415 4050/2141/2133
f 5557/2140/2132 2671/967/959 2507/5423/5415
f 3302/5876/5868 5558/1060/1052 2954/522/514
f 5558/1060/1052 754/2588/2580 2954/522/514
f 5559/4250/4242 5558/1060/1052 3302/5876/5868
f 3302/5876/5868 2954/522/514 5560/53/45
f 3867/5679/5671 5559/4250/4242 5560/53/45
f 5559/4250/4242 3302/5876/5868 5560/53/45
f 2808/1280/1272 3645/5537/5529 5561/3376/3368
f 3645/5537/5529 3032/3375/3367 5561/3376/3368
f 5563/2513/2505 3183/4638/4630 4638/953/945
f 5563/2513/2505 5413/2515/2507 3183/4638/4630
f 5564/5192/5184 2084/1126/1118 1208/4141/4133
f 2084/1126/1118 5564/5192/5184 2535/705/697
f 1746/4921/4913 305/3568/3560 5565/2220/2212
f 4766/5178/5170 5566/5877/5869 1099/2155/2147
f 4766/5178/5170 2068/896/888 5566/5877/5869
f 5567/4959/4951 2562/2840/2832 4206/4276/4268
f 435/377/369 5567/4959/4951 4206/4276/4268
f 2068/896/888 5568/2156/2148 5566/5877/5869
f 5568/2156/2148 1099/2155/2147 5566/5877/5869
f 5569/4950/4942 76/389/381 4619/4951/4943
f 76/389/381 5569/4950/4942 1767/3880/3872
f 1235/4211/4203 5570/921/913 5090/4213/4205
f 1235/4211/4203 380/1839/1831 5570/921/913
f 5571/4947/4939 76/389/381 1767/3880/3872
f 76/389/381 5571/4947/4939 1942/390/382
f 173/3540/3532 1509/3266/3258 5572/3265/3257
f 2054/3527/3519 5607/3537/3529 5572/3265/3257
f 2006/2938/2930 3682/2818/2810 5573/4057/4049
f 5573/4057/4049 1165/4059/4051 2006/2938/2930
f 2197/5822/5814 4559/3424/3416 5574/3423/3415
f 4736/3430/3422 2197/5822/5814 5574/3423/3415
f 1799/5853/5845 5575/5775/5767 4944/5854/5846
f 1799/5853/5845 209/1790/1782 5575/5775/5767
f 5013/2693/2685 5576/5858/5850 3386/2781/2773
f 635/2778/2770 5576/5858/5850 5579/2691/2683
f 2939/1938/1930 1020/1935/1927 5577/2477/2469
f 2939/1938/1930 5577/2477/2469 4686/2476/2468
f 5578/338/330 886/1911/1903 5581/336/328
f 67/1403/1395 886/1911/1903 5578/338/330
f 5579/2691/2683 5013/2693/2685 4359/2692/2684
f 5579/2691/2683 5576/5858/5850 5013/2693/2685
f 5580/4849/4841 474/297/289 3379/299/291
f 5580/4849/4841 3379/299/291 279/1421/1413
f 4537/5800/5792 5581/336/328 4532/1910/1902
f 5581/336/328 886/1911/1903 4532/1910/1902
f 5412/3579/3571 5582/3578/3570 365/4432/4424
f 365/4432/4424 5582/3578/3570 4165/5221/5213
f 3279/5624/5616 5583/4329/4321 4006/4940/4932
f 5583/4329/4321 3279/5624/5616 331/2017/2009
f 540/1940/1932 5584/1617/1609 3966/4500/4492
f 5584/1617/1609 540/1940/1932 4713/2479/2471
f 5585/2953/2945 2346/261/253 695/5344/5336
f 5109/5383/5375 5585/2953/2945 695/5344/5336
f 964/2898/2890 5586/3670/3662 5398/2897/2889
f 2937/141/133 5586/3670/3662 964/2898/2890
f 417/5626/5618 725/3039/3031 5587/4309/4301
f 5590/4682/4674 3088/5625/5617 417/5626/5618
f 2216/709/701 948/3688/3680 5588/294/286
f 3436/3687/3679 5588/294/286 948/3688/3680
f 5589/3979/3971 634/2775/2767 638/2786/2778
f 1701/2039/2031 634/2775/2767 5589/3979/3971
f 5587/4309/4301 3410/4680/4672 5590/4682/4674
f 5590/4682/4674 417/5626/5618 5587/4309/4301
f 30/5525/5517 3019/3117/3109 5591/3116/3108
f 5591/3116/3108 5596/5527/5519 30/5525/5517
f 5592/5878/5870 1949/4739/4731 5381/5872/5864
f 1072/5701/5693 1949/4739/4731 5592/5878/5870
f 1737/4915/4907 5593/4916/4908 4577/5740/5732
f 5591/3116/3108 5593/4916/4908 5596/5527/5519
f 5594/4893/4885 5293/4894/4886 1706/620/612
f 5293/4894/4886 5594/4893/4885 1710/1168/1160
f 1560/1682/1674 5595/2377/2369 5399/2376/2368
f 5595/2377/2369 1560/1682/1674 341/31/23
f 5596/5527/5519 1737/4915/4907 4108/5528/5520
f 5596/5527/5519 5593/4916/4908 1737/4915/4907
f 3584/3356/3348 1519/5242/5234 5597/5241/5233
f 2860/3357/3349 3584/3356/3348 5597/5241/5233
f 2755/3999/3991 4082/4283/4275 5598/4282/4274
f 5598/4282/4274 2035/550/542 2755/3999/3991
f 4771/2987/2979 3137/5632/5624 5599/2988/2980
f 3138/5863/5855 5599/2988/2980 3137/5632/5624
f 1074/1247/1239 5600/3882/3874 3327/5379/5371
f 1248/1246/1238 5600/3882/3874 1074/1247/1239
f 4771/2987/2979 5601/3274/3266 5602/5834/5826
f 5601/3274/3266 4771/2987/2979 1810/3267/3259
f 3137/5632/5624 5602/5834/5826 2320/5329/5321
f 3137/5632/5624 4771/2987/2979 5602/5834/5826
f 3861/2125/2117 3858/3958/3950 5603/2126/2118
f 1131/2541/2533 5603/2126/2118 3858/3958/3950
f 5604/2646/2638 495/4383/4375 3373/2282/2274
f 495/4383/4375 5604/2646/2638 2265/2645/2637
f 5606/1497/1489 5605/4013/4005 3383/4014/4006
f 2106/4015/4007 5605/4013/4005 2108/5210/5202
f 5606/1497/1489 2108/5210/5202 5605/4013/4005
f 2108/5210/5202 5606/1497/1489 2802/1496/1488
f 173/3540/3532 5572/3265/3257 5607/3537/3529
f 173/3540/3532 5607/3537/3529 1517/4642/4634
f 5608/3538/3530 5607/3537/3529 2054/3527/3519
f 5608/3538/3530 2054/3527/3519 5849/5879/5871
f 3224/4884/4876 5609/4885/4877 3415/1273/1265
f 5613/4886/4878 3224/4884/4876 1704/4119/4111
f 2569/3757/3749 2329/787/779 5610/3964/3956
f 2812/786/778 5610/3964/3956 2329/787/779
f 4454/5268/5260 5611/5510/5502 2780/4990/4982
f 2780/4990/4982 5611/5510/5502 3854/4200/4192
f 816/361/353 5612/363/355 391/1899/1891
f 391/1899/1891 5612/363/355 2247/1900/1892
f 2736/595/587 5609/4885/4877 5613/4886/4878
f 3224/4884/4876 5613/4886/4878 5609/4885/4877
f 5614/5338/5330 2167/5862/5854 2024/5051/5043
f 1842/4292/4284 2167/5862/5854 5614/5338/5330
f 5615/2438/2430 3432/5694/5686 1601/4763/4755
f 5615/2438/2430 1601/4763/4755 5116/4773/4765
f 2036/3543/3535 680/3542/3534 5616/4578/4570
f 4549/3531/3523 2036/3543/3535 5619/5027/5019
f 2585/4236/4228 5617/1396/1388 1255/3764/3756
f 5617/1396/1388 2585/4236/4228 4741/2183/2175
f 458/395/387 4255/2133/2125 5618/396/388
f 5618/396/388 4255/2133/2125 1570/3845/3837
f 2036/3543/3535 5616/4578/4570 5619/5027/5019
f 5619/5027/5019 5616/4578/4570 1470/4579/4571
f 191/2616/2608 5620/2619/2611 2413/2617/2609
f 2413/2617/2609 5620/2619/2611 4857/997/989
f 2043/1500/1492 2041/435/427 5621/1515/1507
f 4064/434/426 5682/5165/5157 2041/435/427
f 5622/3915/3907 4355/28/20 1091/27/19
f 5622/3915/3907 4348/2812/2804 4355/28/20
f 2641/3569/3561 5623/2217/2209 631/2180/2172
f 5623/2217/2209 4402/2178/2170 631/2180/2172
f 1995/3698/3690 5624/3145/3137 302/1509/1501
f 632/3146/3138 5624/3145/3137 1995/3698/3690
f 957/2725/2717 5625/5419/5411 4880/5420/5412
f 2693/1565/1557 5625/5419/5411 957/2725/2717
f 399/1907/1899 5626/820/812 3786/1348/1340
f 3786/1348/1340 5626/820/812 1878/188/180
f 2280/271/263 5627/270/262 1333/5461/5453
f 5631/5303/5295 5627/270/262 979/272/264
f 4816/5571/5563 5628/3369/3361 126/3368/3360
f 2412/5380/5372 5628/3369/3361 4816/5571/5563
f 5629/2081/2073 1547/4650/4642 4550/3520/3512
f 5629/2081/2073 4550/3520/3512 2646/4842/4834
f 5630/5675/5667 2317/5327/5319 5188/2804/2796
f 5188/2804/2796 490/2803/2795 5630/5675/5667
f 1333/5461/5453 5627/270/262 5631/5303/5295
f 3582/1841/1833 1333/5461/5453 5631/5303/5295
f 3690/5262/5254 2207/1960/1952 5632/5044/5036
f 1871/1962/1954 5632/5044/5036 2207/1960/1952
f 5709/4769/4761 5184/2287/2279 5633/5676/5668
f 5630/5675/5667 490/2803/2795 5633/5676/5668
f 801/3249/3241 103/3264/3256 5634/3250/3242
f 103/3264/3256 3893/3268/3260 5637/5688/5680
f 5632/5044/5036 5635/5263/5255 3690/5262/5254
f 5635/5263/5255 414/4822/4814 3690/5262/5254
f 5710/3905/3897 490/2803/2795 496/3906/3898
f 490/2803/2795 5709/4769/4761 5633/5676/5668
f 3359/5687/5679 5634/3250/3242 5637/5688/5680
f 5634/3250/3242 103/3264/3256 5637/5688/5680
f 2089/1653/1645 5638/5195/5187 2527/4735/4727
f 2714/168/160 2527/4735/4727 5638/5195/5187
f 5639/3209/3201 5654/3211/3203 783/3210/3202
f 4703/1949/1941 5645/767/759 5639/3209/3201
f 5183/1324/1316 1089/1327/1319 5640/3912/3904
f 5640/3912/3904 4761/3911/3903 5183/1324/1316
f 5647/3986/3978 463/3985/3977 1963/4554/4546
f 5647/3986/3978 1963/4554/4546 1455/3983/3975
f 5642/5369/5361 4704/1614/1606 32/465/457
f 4041/1612/1604 4704/1614/1606 5642/5369/5361
f 5638/5195/5187 335/68/60 5643/5507/5499
f 335/68/60 4604/67/59 5643/5507/5499
f 3359/5687/5679 5644/315/307 5690/2184/2176
f 5644/315/307 3359/5687/5679 5637/5688/5680
f 5645/767/759 1642/1099/1091 14/5880/5872
f 5639/3209/3201 5645/767/759 5654/3211/3203
f 3286/3928/3920 5259/3925/3917 5646/5674/5666
f 3283/1502/1494 3286/3928/3920 5646/5674/5666
f 5641/3990/3982 3476/3987/3979 5647/3986/3978
f 5647/3986/3978 1455/3983/3975 5641/3990/3982
f 5648/1018/1010 3817/3549/3541 2618/4410/4402
f 5790/5471/5463 5648/1018/1010 2618/4410/4402
f 3893/3268/3260 174/541/533 5649/5689/5681
f 5644/315/307 5649/5689/5681 174/541/533
f 1997/1113/1105 5650/5066/5058 4882/1234/1226
f 5650/5066/5058 5653/2233/2225 119/1995/1987
f 5651/1098/1090 14/5880/5872 1642/1099/1091
f 985/1117/1109 14/5880/5872 5651/1098/1090
f 5652/2782/2774 3077/1104/1096 5655/5881/5873
f 5655/5881/5873 693/2050/2042 5661/2049/2041
f 5653/2233/2225 1997/1113/1105 3119/1115/1107
f 5653/2233/2225 5650/5066/5058 1997/1113/1105
f 5654/3211/3203 5645/767/759 14/5880/5872
f 14/5880/5872 985/1117/1109 5654/3211/3203
f 5655/5881/5873 3077/1104/1096 636/2946/2938
f 693/2050/2042 5655/5881/5873 636/2946/2938
f 5656/3897/3889 4088/3174/3166 764/2992/2984
f 3616/2989/2981 5656/3897/3889 764/2992/2984
f 2348/3009/3001 259/4330/4322 5657/177/169
f 462/2152/2144 1673/2913/2905 5658/717/709
f 5658/717/709 1099/2155/2147 462/2152/2144
f 573/3331/3323 5659/2571/2563 143/489/481
f 573/3331/3323 827/488/480 5663/3325/3317
f 5660/4713/4705 57/3400/3392 4375/5468/5460
f 4375/5468/5460 1568/5469/5461 5660/4713/4705
f 5652/2782/2774 5661/2049/2041 5668/1363/1355
f 5655/5881/5873 5661/2049/2041 5652/2782/2774
f 5662/5508/5500 2274/88/80 125/87/79
f 125/87/79 3188/5307/5299 5662/5508/5500
f 5663/3325/3317 2234/3323/3315 5659/2571/2563
f 5663/3325/3317 5659/2571/2563 573/3331/3323
f 5668/1363/1355 5664/2457/2449 5652/2782/2774
f 1815/1365/1357 5664/2457/2449 5668/1363/1355
f 1568/5469/5461 2615/4717/4709 5665/5470/5462
f 1568/5469/5461 5665/5470/5462 763/3161/3153
f 1423/641/633 5666/640/632 2662/1703/1695
f 2661/5483/5475 2662/1703/1695 5666/640/632
f 917/3554/3546 5667/5581/5573 2959/2949/2941
f 2863/2951/2943 5669/4307/4299 917/3554/3546
f 5668/1363/1355 5661/2049/2041 5670/5882/5874
f 5668/1363/1355 5670/5882/5874 2883/1364/1356
f 5669/4307/4299 5667/5581/5573 917/3554/3546
f 289/4306/4298 5667/5581/5573 5669/4307/4299
f 1142/2051/2043 2883/1364/1356 5670/5882/5874
f 5661/2049/2041 1142/2051/2043 5670/5882/5874
f 5671/2950/2942 2836/4711/4703 2863/2951/2943
f 5672/900/892 733/3063/3055 4333/5179/5171
f 5672/900/892 4333/5179/5171 2592/901/893
f 5673/1801/1793 2336/1916/1908 4659/1802/1794
f 5673/1801/1793 3257/5339/5331 5676/5333/5325
f 5674/1656/1648 583/1639/1631 34/4413/4405
f 5231/2899/2891 5674/1656/1648 34/4413/4405
f 5012/2621/2613 5675/2072/2064 1825/4988/4980
f 2425/2070/2062 5675/2072/2064 5012/2621/2613
f 5676/5333/5325 2336/1916/1908 5673/1801/1793
f 402/1917/1909 2336/1916/1908 5676/5333/5325
f 5677/4577/4569 5005/1829/1821 1469/3122/3114
f 5677/4577/4569 592/1830/1822 5005/1829/1821
f 2973/926/918 5678/4643/4635 2832/4641/4633
f 1517/4642/4634 2832/4641/4633 5678/4643/4635
f 5679/1997/1989 250/4286/4278 2914/1633/1625
f 5679/1997/1989 4018/2234/2226 250/4286/4278
f 5680/5820/5812 371/4370/4362 3208/3140/3132
f 5680/5820/5812 4756/4368/4360 371/4370/4362
f 5681/2631/2623 3295/4080/4072 1177/4078/4070
f 1676/4856/4848 5681/2631/2623 1177/4078/4070
f 5621/1515/1507 5682/5165/5157 2314/1516/1508
f 2041/435/427 5682/5165/5157 5621/1515/1507
f 5691/5812/5804 5683/5811/5803 5686/5564/5556
f 5683/5811/5803 4400/2700/2692 4158/2699/2691
f 1676/4856/4848 3283/1502/1494 5684/2632/2624
f 5684/2632/2624 5681/2631/2623 1676/4856/4848
f 5687/5866/5858 5685/3526/3518 1195/1885/1877
f 5686/5564/5556 4158/2699/2691 1386/5562/5554
f 5686/5564/5556 5683/5811/5803 4158/2699/2691
f 1193/4115/4107 5687/5866/5858 5251/4113/4105
f 5687/5866/5858 1193/4115/4107 5685/3526/3518
f 5688/5563/5555 5778/480/472 1518/479/471
f 5691/5812/5804 5686/5564/5556 5688/5563/5555
f 543/4567/4559 5689/1547/1539 2148/4568/4560
f 3743/4564/4556 5689/1547/1539 543/4567/4559
f 3834/3251/3243 5690/2184/2176 968/2651/2643
f 968/2651/2643 5690/2184/2176 1709/2649/2641
f 5691/5812/5804 1518/479/471 4241/4648/4640
f 1518/479/471 5691/5812/5804 5688/5563/5555
f 1899/4744/4736 5692/1996/1988 5679/1997/1989
f 2817/3296/3288 5692/1996/1988 1899/4744/4736
f 5693/2471/2463 927/3580/3572 4394/2472/2464
f 3927/3585/3577 927/3580/3572 5693/2471/2463
f 2303/5316/5308 5694/346/338 924/3582/3574
f 5694/346/338 2303/5316/5308 3240/3571/3563
f 1899/4744/4736 5695/5068/5060 2817/3296/3288
f 2817/3296/3288 5695/5068/5060 814/3297/3289
f 5696/4719/4711 1571/260/252 2772/259/251
f 1571/260/252 5696/4719/4711 4781/1950/1942
f 818/3309/3301 3765/560/552 5697/3310/3302
f 3765/560/552 642/1857/1849 5697/3310/3302
f 5698/4706/4698 5750/5883/5875 5701/848/840
f 5698/4706/4698 1360/999/991 5750/5883/5875
f 5699/5332/5324 1867/3172/3164 2326/254/246
f 5699/5332/5324 2326/254/246 2605/4546/4538
f 1350/1833/1825 5700/2627/2619 2110/2625/2617
f 2110/2625/2617 5700/2627/2619 4494/1493/1485
f 5701/848/840 5706/1668/1660 5698/4706/4698
f 5701/848/840 2399/4344/4336 1040/5373/5365
f 570/2269/2261 5705/5751/5743 5702/3907/3899
f 5702/3907/3899 5705/5751/5743 5636/5752/5744
f 3875/3619/3611 1749/3496/3488 5703/4925/4917
f 5703/4925/4917 2435/3499/3491 3875/3619/3611
f 5704/1281/1273 984/3378/3370 981/3708/3700
f 984/3378/3370 5704/1281/1273 2808/1280/1272
f 3837/4770/4762 5705/5751/5743 1087/2268/2260
f 570/2269/2261 1087/2268/2260 5705/5751/5743
f 3276/1669/1661 5706/1668/1660 1040/5373/5365
f 5701/848/840 1040/5373/5365 5706/1668/1660
f 5707/5030/5022 5294/5867/5859 955/4300/4292
f 955/4300/4292 3416/4522/4514 5707/5030/5022
f 2672/4948/4940 1768/4486/4478 5708/1871/1863
f 2672/4948/4940 5708/1871/1863 3885/3701/3693
f 5709/4769/4761 490/2803/2795 5636/5752/5744
f 5709/4769/4761 5636/5752/5744 3837/4770/4762
f 5636/5752/5744 5710/3905/3897 5702/3907/3899
f 5636/5752/5744 490/2803/2795 5710/3905/3897
f 4575/1350/1342 5711/5633/5625 2762/1346/1338
f 5711/5633/5625 3140/5143/5135 2762/1346/1338
f 465/428/420 5712/3807/3799 1036/5334/5326
f 5712/3807/3799 2332/5335/5327 1036/5334/5326
f 4170/1144/1136 5713/2279/2271 2219/218/210
f 5713/2279/2271 1056/1052/1044 2219/218/210
f 5714/4843/4835 3746/2078/2070 1664/4841/4833
f 5714/4843/4835 1664/4841/4833 4565/2082/2074
f 5564/5192/5184 5715/5193/5185 4225/5191/5183
f 2081/2861/2853 4225/5191/5183 5715/5193/5185
f 2347/5343/5335 5716/140/132 2359/794/786
f 5716/140/132 2347/5343/5335 5586/3670/3662
f 5717/3857/3849 919/3561/3553 3347/3562/3554
f 5157/4971/4963 919/3561/3553 5717/3857/3849
f 4162/1964/1956 415/406/398 5718/1965/1957
f 5718/1965/1957 415/406/398 5141/4545/4537
f 5719/4544/4536 1740/5050/5042 2027/1963/1955
f 5719/4544/4536 2027/1963/1955 5718/1965/1957
f 2382/5356/5348 5720/4845/4837 5855/5357/5349
f 2382/5356/5348 1665/840/832 5720/4845/4837
f 4317/5159/5151 1740/5050/5042 5721/5158/5150
f 5721/5158/5150 1740/5050/5042 5719/4544/4536
f 3479/5670/5662 5722/5052/5044 2251/445/437
f 85/442/434 5722/5052/5044 3479/5670/5662
f 2741/4454/4446 5723/4453/4445 2297/5314/5306
f 5723/4453/4445 2741/4454/4446 2742/3371/3363
f 888/5229/5221 5724/638/630 3732/637/629
f 5724/638/630 888/5229/5221 5347/3492/3484
f 1263/4254/4246 5725/2352/2344 3565/4256/4248
f 1263/4254/4246 5512/4258/4250 5725/2352/2344
f 3732/637/629 5726/625/617 888/5229/5221
f 5726/625/617 3732/637/629 2308/1667/1659
f 5727/4327/4319 58/4316/4308 1308/2817/2809
f 1302/2816/2808 5727/4327/4319 1308/2817/2809
f 5093/1044/1036 1647/1046/1038 5728/5755/5747
f 5760/3654/3646 5728/5755/5747 1647/1046/1038
f 5729/3904/3896 5725/2352/2344 2730/2345/2337
f 334/439/431 5729/3904/3896 2730/2345/2337
f 2869/2494/2486 550/3628/3620 5730/2492/2484
f 5730/2492/2484 550/3628/3620 5260/893/885
f 5731/4025/4017 686/4026/4018 1147/1865/1857
f 1147/1865/1857 2062/2614/2606 5731/4025/4017
f 3353/1319/1311 2491/2359/2351 5732/1306/1298
f 5732/1306/1298 261/1320/1312 3353/1319/1311
f 5732/1306/1298 5733/1305/1297 261/1320/1312
f 3320/1344/1336 261/1320/1312 5733/1305/1297
f 5734/4799/4791 2852/2829/2821 1231/4203/4195
f 1231/4203/4195 3318/1219/1211 5734/4799/4791
f 5735/5350/5342 2362/4529/4521 4289/5349/5341
f 5735/5350/5342 2713/4153/4145 2362/4529/4521
f 5736/2705/2697 1787/4087/4079 4773/4960/4952
f 1787/4087/4079 5736/2705/2697 5739/4086/4078
f 1063/3860/3852 5737/426/418 4813/3861/3853
f 1063/3860/3852 3590/1714/1706 5737/426/418
f 2011/4498/4490 5738/5142/5134 913/4499/4491
f 5738/5142/5134 2011/4498/4490 5181/1241/1233
f 153/802/794 5739/4086/4078 2498/2704/2696
f 5739/4086/4078 5736/2705/2697 2498/2704/2696
f 3646/3980/3972 5740/5301/5293 1125/425/417
f 5740/5301/5293 5742/3981/3973 5737/426/418
f 5830/5884/5876 2317/5327/5319 5741/5326/5318
f 5745/1072/1064 931/818/810 3293/817/809
f 5742/3981/3973 5740/5301/5293 3646/3980/3972
f 5742/3981/3973 3646/3980/3972 4813/3861/3853
f 5741/5326/5318 3836/5162/5154 5743/5163/5155
f 5745/1072/1064 5743/5163/5155 2805/1073/1065
f 1556/2663/2655 1708/2666/2658 5744/4890/4882
f 1708/2666/2658 2810/807/799 5744/4890/4882
f 5745/1072/1064 5741/5326/5318 5743/5163/5155
f 5745/1072/1064 3293/817/809 5741/5326/5318
f 2372/3290/3282 5746/4104/4096 2636/3959/3951
f 1412/3289/3281 5746/4104/4096 2372/3290/3282
f 5747/1979/1971 1914/2004/1996 4129/5076/5068
f 3232/2005/1997 1914/2004/1996 5747/1979/1971
f 338/356/348 2021/5151/5143 5748/1001/993
f 2021/5151/5143 5701/848/840 5750/5883/5875
f 5749/4984/4976 996/2301/2293 1816/1943/1935
f 3326/5682/5674 5749/4984/4976 1816/1943/1935
f 1360/999/991 5748/1001/993 5750/5883/5875
f 2021/5151/5143 5750/5883/5875 5748/1001/993
f 5751/3820/3812 1043/5575/5567 2935/2326/2318
f 1043/5575/5567 5751/3820/3812 3848/4477/4469
f 5752/2258/2250 29/5761/5753 2253/4294/4286
f 2052/5174/5166 29/5761/5753 5752/2258/2250
f 3962/2003/1995 5278/2002/1994 5753/5885/5877
f 3115/5629/5621 3962/2003/1995 5755/5768/5760
f 3995/5057/5049 1889/4278/4270 5754/410/402
f 5754/410/402 1889/4278/4270 3983/414/406
f 3962/2003/1995 5753/5885/5877 5755/5768/5760
f 5757/2609/2601 5753/5885/5877 5278/2002/1994
f 3480/4625/4617 5756/4852/4844 2979/5591/5583
f 3538/3989/3981 5755/5768/5760 5757/2609/2601
f 5755/5768/5760 5753/5885/5877 5757/2609/2601
f 5758/5130/5122 4277/3456/3448 4779/1048/1040
f 4277/3456/3448 5758/5130/5122 1717/1953/1945
f 5759/2235/2227 5427/5230/5222 5216/2870/2862
f 5216/2870/2862 4742/2237/2229 5759/2235/2227
f 3859/5756/5748 5760/3654/3646 960/3602/3594
f 5760/3654/3646 3859/5756/5748 5728/5755/5747
f 2725/2911/2903 2007/4193/4185 5761/5511/5503
f 2725/2911/2903 5761/5511/5503 1673/2913/2905
f 5762/5315/5307 431/5718/5710 2692/3898/3890
f 431/5718/5710 5768/3583/3575 5501/3004/2996
f 357/1748/1740 446/2564/2556 5763/2563/2555
f 1686/1106/1098 357/1748/1740 5763/2563/2555
f 5764/4349/4341 922/2768/2760 475/1659/1651
f 268/1658/1650 5764/4349/4341 475/1659/1651
f 2723/4192/4184 5765/4445/4437 2007/4193/4185
f 5761/5511/5503 2007/4193/4185 5765/4445/4437
f 5770/830/822 5766/5039/5031 715/1597/1589
f 5773/4767/4759 1055/3013/3005 5766/5039/5031
f 1382/2591/2583 4270/2075/2067 5767/2589/2581
f 1382/2591/2583 5767/2589/2581 5781/4447/4439
f 5762/5315/5307 924/3582/3574 5768/3583/3575
f 5762/5315/5307 5768/3583/3575 431/5718/5710
f 2461/312/304 5769/5408/5400 1240/5886/5878
f 5770/830/822 1017/829/821 1863/2022/2014
f 5766/5039/5031 5770/830/822 5773/4767/4759
f 5771/3971/3963 2440/1946/1938 2803/5534/5526
f 2803/5534/5526 411/763/755 5774/5535/5527
f 2461/312/304 1240/5886/5878 5772/5405/5397
f 5773/4767/4759 5770/830/822 1863/2022/2014
f 5773/4767/4759 1863/2022/2014 2076/2021/2013
f 2803/5534/5526 5774/5535/5527 5771/3971/3963
f 5774/5535/5527 4188/4107/4099 5771/3971/3963
f 5775/4296/4288 63/3815/3807 2448/2146/2138
f 2448/2146/2138 372/3650/3642 5775/4296/4288
f 952/5887/5879 5776/3645/3637 5054/3633/3625
f 952/5887/5879 4539/3351/3343 5776/3645/3637
f 5016/192/184 1567/100/92 5777/99/91
f 5777/99/91 3973/5770/5762 5016/192/184
f 5778/480/472 1386/5562/5554 3317/4452/4444
f 3317/4452/4444 900/590/582 5778/480/472
f 5779/3632/3624 952/5887/5879 5054/3633/3625
f 952/5887/5879 5779/3632/3624 4539/3351/3343
f 5780/4167/4159 2430/5389/5381 1226/1183/1175
f 2430/5389/5381 5780/4167/4159 3821/5393/5385
f 1382/2591/2583 5781/4447/4439 3045/4446/4438
f 579/918/910 3045/4446/4438 5781/4447/4439
f 5782/5623/5615 3368/3421/3413 3081/5622/5614
f 1584/330/322 5782/5623/5615 3081/5622/5614
f 2151/1805/1797 3205/4360/4352 5783/5237/5229
f 5783/5237/5229 3205/4360/4352 1328/4369/4361
f 3333/4748/4740 5784/84/76 60/4749/4741
f 167/2167/2159 60/4749/4741 5784/84/76
f 3432/5694/5686 4440/460/452 5785/462/454
f 1601/4763/4755 3432/5694/5686 5785/462/454
f 684/472/464 5786/1370/1362 5035/1024/1016
f 1377/961/953 5799/3804/3796 5786/1370/1362
f 3614/4833/4825 1656/189/181 5787/4834/4826
f 1878/188/180 5787/4834/4826 1656/189/181
f 5788/660/652 1711/3488/3480 4477/49/41
f 1268/661/653 5788/660/652 4477/49/41
f 5789/4199/4191 2343/268/260 3854/4200/4192
f 5789/4199/4191 1230/602/594 2343/268/260
f 5790/5471/5463 170/4198/4190 116/1019/1011
f 170/4198/4190 5790/5471/5463 2618/4410/4402
f 205/5608/5600 3777/1062/1054 5791/5739/5731
f 205/5608/5600 5791/5739/5731 739/5607/5599
f 5792/2874/2866 297/433/425 2043/1500/1492
f 668/2873/2865 297/433/425 5792/2874/2866
f 4733/4525/4517 2504/4521/4513 5793/5518/5510
f 1432/3231/3223 5793/5518/5510 2504/4521/4513
f 2195/3751/3743 5795/39/31 1010/2526/2518
f 1819/40/32 5795/39/31 2195/3751/3743
f 485/1003/995 5796/5053/5045 1092/1275/1267
f 485/1003/995 3979/1317/1309 5796/5053/5045
f 5797/5388/5380 3104/2074/2066 4900/912/904
f 5797/5388/5380 4900/912/904 443/4962/4954
f 4568/4513/4505 5798/2767/2759 730/182/174
f 5798/2767/2759 469/183/175 730/182/174
f 5035/1024/1016 5786/1370/1362 5799/3804/3796
f 5035/1024/1016 5799/3804/3796 909/1025/1017
f 5733/1305/1297 5800/5239/5231 2152/1342/1334
f 4932/1343/1335 2152/1342/1334 5800/5239/5231
f 1751/4927/4919 2281/2903/2895 5801/4930/4922
f 4377/4928/4920 1751/4927/4919 5801/4930/4922
f 5802/4242/4234 2857/5556/5548 1919/3026/3018
f 2857/5556/5548 5802/4242/4234 1395/2046/2038
f 4308/3237/3229 5803/4955/4947 1534/4194/4186
f 4308/3237/3229 3517/4954/4946 5803/4955/4947
f 4068/3926/3918 4073/1042/1034 5804/5777/5769
f 4082/4283/4275 5804/5777/5769 4073/1042/1034
f 2810/807/799 5805/1330/1322 603/3458/3450
f 5805/1330/1322 4298/1329/1321 603/3458/3450
f 5806/5031/5023 2273/5025/5017 1857/1761/1753
f 2273/5025/5017 5806/5031/5023 446/2564/2556
f 2628/1862/1854 386/5474/5466 5807/1261/1253
f 5807/1261/1253 386/5474/5466 3056/1728/1720
f 3561/5087/5079 5808/5088/5080 1925/1559/1551
f 5808/5088/5080 3492/1716/1708 1925/1559/1551
f 1122/557/549 2098/2211/2203 5809/5199/5191
f 4163/2480/2472 5809/5199/5191 2098/2211/2203
f 5806/5031/5023 1857/1761/1753 5810/1750/1742
f 1857/1761/1753 2614/1751/1743 5810/1750/1742
f 1961/826/818 235/828/820 5811/2889/2881
f 1965/2890/2882 5811/2889/2881 235/828/820
f 5812/2395/2387 4046/5366/5358 780/985/977
f 197/2393/2385 5812/2395/2387 780/985/977
f 5813/922/914 3570/2403/2395 4265/5797/5789
f 2925/3220/3212 5813/922/914 4265/5797/5789
f 1896/1994/1986 2893/3298/3290 5814/5409/5401
f 2893/3298/3290 1090/3903/3895 5814/5409/5401
f 5815/4661/4653 1666/2273/2265 1126/5758/5750
f 3613/5523/5515 1666/2273/2265 5816/4663/4655
f 5815/4661/4653 5816/4663/4655 1666/2273/2265
f 5817/5686/5678 3361/1298/1290 1976/1745/1737
f 5110/714/706 3361/1298/1290 5817/5686/5678
f 5818/5453/5445 2572/1604/1596 1873/2608/2600
f 5818/5453/5445 510/762/754 2572/1604/1596
f 2130/1341/1333 5156/5224/5216 5820/4710/4702
f 3351/3608/3600 2130/1341/1333 5820/4710/4702
f 1457/4558/4550 5821/1156/1148 3367/1155/1147
f 5822/4224/4216 2176/4225/4217 2444/4702/4694
f 5822/4224/4216 2444/4702/4694 4703/1949/1941
f 2900/4251/4243 5823/2459/2451 1260/559/551
f 945/219/211 1260/559/551 5823/2459/2451
f 2978/283/275 2285/3080/3072 5824/5069/5061
f 2285/3080/3072 2800/3813/3805 5824/5069/5061
f 5197/29/21 5825/5324/5316 644/5865/5857
f 644/5865/5857 5828/5322/5314 1091/27/19
f 1243/461/453 511/4234/4226 5826/4229/4221
f 5826/4229/4221 5785/462/454 1243/461/453
f 3642/3918/3910 3238/3917/3909 5827/5855/5847
f 5833/3148/3140 4976/5198/5190 5827/5855/5847
f 5825/5324/5316 5828/5322/5314 644/5865/5857
f 5828/5322/5314 5825/5324/5316 3288/5325/5317
f 5827/5855/5847 3238/3917/3909 5829/553/545
f 3238/3917/3909 831/552/544 5829/553/545
f 3293/817/809 5830/5884/5876 5741/5326/5318
f 5834/5323/5315 2317/5327/5319 5830/5884/5876
f 5831/2011/2003 3937/2010/2002 3025/5600/5592
f 3025/5600/5592 4936/3843/3835 5831/2011/2003
f 566/196/188 4067/195/187 5832/4094/4086
f 1262/1137/1129 5832/4094/4086 4067/195/187
f 759/555/547 5833/3148/3140 5829/553/545
f 5829/553/545 5833/3148/3140 5827/5855/5847
f 5834/5323/5315 3293/817/809 1091/27/19
f 3293/817/809 5834/5323/5315 5830/5884/5876
f 1894/3844/3836 4036/5062/5054 5835/2009/2001
f 1894/3844/3836 5835/2009/2001 5831/2011/2003
f 1782/3014/3006 488/2256/2248 5836/4295/4287
f 4210/3015/3007 1782/3014/3006 5836/4295/4287
f 37/5697/5689 4975/5638/5630 5837/5659/5651
f 5841/3147/3139 5837/5659/5651 5833/3148/3140
f 5840/2653/2645 5838/5785/5777 5723/4453/4445
f 5379/5835/5827 2297/5314/5306 5838/5785/5777
f 5839/5269/5261 3153/3623/3615 4442/3622/3614
f 3153/3623/3615 5839/5269/5261 136/3639/3631
f 5840/2653/2645 4784/2652/2644 5379/5835/5827
f 5838/5785/5777 5840/2653/2645 5379/5835/5827
f 5837/5659/5651 5841/3147/3139 37/5697/5689
f 5841/3147/3139 1991/1198/1190 37/5697/5689
f 3772/1696/1688 5842/3016/3008 1544/3779/3771
f 5842/3016/3008 75/3780/3772 1544/3779/3771
f 5843/5208/5200 2458/677/669 74/2042/2034
f 74/2042/2034 5845/5656/5648 5843/5208/5200
f 2861/3050/3042 1494/4608/4600 5844/4506/4498
f 1494/4608/4600 1423/641/633 5844/4506/4498
f 5845/5656/5648 2105/2047/2039 5843/5208/5200
f 438/2045/2037 2105/2047/2039 5845/5656/5648
f 869/1207/1199 5846/3201/3193 1920/5083/5075
f 5846/3201/3193 4609/3204/3196 1920/5083/5075
f 1725/1662/1654 3418/4463/4455 5847/1644/1636
f 1725/1662/1654 5847/1644/1636 3143/26/18
f 2716/344/336 4063/273/265 5848/2270/2262
f 5848/2270/2262 4063/273/265 1553/275/267
f 5849/5879/5871 2054/3527/3519 5685/3526/3518
f 1030/3802/3794 5850/3419/3411 857/3406/3398
f 5853/3420/3412 5850/3419/3411 1030/3802/3794
f 841/3364/3356 2716/344/336 5851/5509/5501
f 5851/5509/5501 2716/344/336 5848/2270/2262
f 5852/2610/2602 2917/2431/2423 4710/1235/1227
f 5852/2610/2602 4710/1235/1227 243/2611/2603
f 5399/2376/2368 5853/3420/3412 452/3418/3410
f 4102/2375/2367 5853/3420/3412 5399/2376/2368
f 5854/5278/5270 2368/3099/3091 2228/3177/3169
f 5854/5278/5270 2228/3177/3169 5546/3851/3843
f 5855/5357/5349 3126/1576/1568 2373/1578/1570
f 5855/5357/5349 2373/1578/1570 203/1053/1045
f 1908/2493/2485 5730/2492/2484 5856/4633/4625
f 4157/5074/5066 1908/2493/2485 5856/4633/4625
f 4682/977/969 2311/979/971 5857/2697/2689
f 5859/5319/5311 2311/979/971 2374/5320/5312
f 5738/5142/5134 3229/2981/2973 5858/5657/5649
f 5858/5657/5649 3229/2981/2973 4369/1267/1259
f 5857/2697/2689 5859/5319/5311 283/1448/1440
f 5859/5319/5311 5857/2697/2689 2311/979/971
f 5860/4338/4330 1317/351/343 2992/4339/4331
f 5860/4338/4330 3439/48/40 1317/351/343
f 4214/1447/1439 5861/1449/1441 384/5321/5313
f 384/5321/5313 5861/1449/1441 5859/5319/5311
f 2182/4340/4332 5862/4266/4258 127/4880/4872
f 5862/4266/4258 2182/4340/4332 487/3865/3857
f 5863/4783/4775 4763/2540/2532 5073/5832/5824
f 5863/4783/4775 5073/5832/5824 1057/3516/3508
f 5864/4458/4450 723/4457/4449 1389/976/968
f 5864/4458/4450 1389/976/968 5180/2491/2483
f 528/3465/3457 3403/2407/2399 5865/37/29
f 528/3465/3457 5865/37/29 2777/253/245
f 1609/4771/4763 5866/4776/4768 3052/2408/2400
f 3868/5610/5602 3052/2408/2400 5866/4776/4768
f 3881/2171/2163 5867/2837/2829 3878/5340/5332
f 3878/5340/5332 5867/2837/2829 2337/2836/2828
f 5868/5618/5610 5170/563/555 3064/5616/5608
f 5170/563/555 5870/5418/5410 4544/564/556
f 320/81/73 5869/933/925 5218/82/74
f 320/81/73 2268/4028/4020 5869/933/925
f 5866/4776/4768 5870/5418/5410 5868/5618/5610
f 5868/5618/5610 5870/5418/5410 5170/563/555
f 3278/5671/5663 3203/127/119 5871/5648/5640
f 5871/5648/5640 3274/2723/2715 3278/5671/5663
f 5219/2638/2630 225/989/981 5872/5058/5050
f 141/3412/3404 5872/5058/5050 225/989/981
f 1757/2695/2687 997/5559/5551 5873/3732/3724
f 5873/3732/3724 997/5559/5551 2949/1051/1043
f 5874/914/906 1549/513/505 3304/4684/4676
f 2327/913/905 1549/513/505 5874/914/906
f 3799/420/412 1111/3955/3947 5875/1236/1228
f 3799/420/412 5875/1236/1228 2465/418/410
f 141/3412/3404 5876/4609/4601 5872/5058/5050
f 5876/4609/4601 141/3412/3404 2244/1166/1158
f 5879/3883/3875 2915/1233/1225 5877/5378/5370
f 5877/5378/5370 5628/3369/3361 2412/5380/5372
f 5878/4946/4938 1771/3879/3871 1071/2252/2244
f 5878/4946/4938 3728/3889/3881 1771/3879/3871
f 5879/3883/3875 2412/5380/5372 1472/1231/1223
f 5877/5378/5370 2412/5380/5372 5879/3883/3875
f 5880/5194/5186 4892/3631/3623 444/4335/4327
f 5880/5194/5186 444/4335/4327 439/4336/4328
f 1459/2109/2101 3020/250/242 5881/4562/4554
f 4204/2473/2465 1459/2109/2101 5881/4562/4554
f 5882/2091/2083 1364/2311/2303 448/2313/2305
f 1364/2311/2303 5882/2091/2083 5130/573/565
f 393/4257/4249 5883/5288/5280 2239/5654/5646
f 2239/5654/5646 5883/5288/5280 3221/743/735
f 4116/5781/5773 1777/2397/2389 5884/2399/2391
f 5884/2399/2391 5886/5782/5774 4116/5781/5773
f 5885/77/69 4376/5716/5708 3579/4649/4641
f 5885/77/69 4463/5809/5801 4376/5716/5708
f 4121/5783/5775 4116/5781/5773 5886/5782/5774
f 4115/3448/3440 4121/5783/5775 5886/5782/5774
f 898/1381/1373 3997/5557/5549 5887/5558/5550
f 3997/5557/5549 2856/58/50 5887/5558/5550
f 3579/4649/4641 3640/3358/3350 5888/75/67
f 5888/75/67 5885/77/69 3579/4649/4641
f 5889/1384/1376 1794/2759/2751 3731/1385/1377
f 1794/2759/2751 5889/1384/1376 5887/5558/5550
f 5890/2503/2495 1897/4241/4233 552/2504/2496
f 1897/4241/4233 5890/2503/2495 4644/1194/1186
f 3641/995/987 5891/994/986 190/991/983
f 2254/2746/2738 190/991/983 5891/994/986
l 230 4938
l 1358 2284
l 688 3332
l 79 1879
